-- Adminer 4.2.3 MySQL dump

SET NAMES utf8;
SET time_zone = '+00:00';
SET foreign_key_checks = 0;
SET sql_mode = 'NO_AUTO_VALUE_ON_ZERO';

DROP TABLE IF EXISTS `tk_address`;
CREATE TABLE `tk_address` (
  `address_id` int(11) NOT NULL AUTO_INCREMENT,
  `customer_id` int(11) NOT NULL,
  `firstname` varchar(32) NOT NULL,
  `lastname` varchar(32) NOT NULL,
  `company` varchar(40) NOT NULL,
  `address_1` varchar(128) NOT NULL,
  `address_2` varchar(128) NOT NULL,
  `city` varchar(128) NOT NULL,
  `postcode` varchar(10) NOT NULL,
  `country_id` int(11) NOT NULL DEFAULT '0',
  `zone_id` int(11) NOT NULL DEFAULT '0',
  `custom_field` text NOT NULL,
  PRIMARY KEY (`address_id`),
  KEY `customer_id` (`customer_id`)
) ENGINE=MyISAM DEFAULT CHARSET=utf8;

INSERT INTO `tk_address` (`address_id`, `customer_id`, `firstname`, `lastname`, `company`, `address_1`, `address_2`, `city`, `postcode`, `country_id`, `zone_id`, `custom_field`) VALUES
(1,	1,	'Aufa ',	'Mutawakkil',	'',	'Jl Ruko Anyar surabaya timur',	'',	'Surabaya',	'62352',	100,	1517,	'[]'),
(2,	2,	'Mifta',	'Anwar',	'antoce.co',	'Perumahan HH gang 2 Surabaya selatan',	'',	'Surabaya',	'8765',	100,	1517,	'');

DROP TABLE IF EXISTS `tk_affiliate`;
CREATE TABLE `tk_affiliate` (
  `affiliate_id` int(11) NOT NULL AUTO_INCREMENT,
  `firstname` varchar(32) NOT NULL,
  `lastname` varchar(32) NOT NULL,
  `email` varchar(96) NOT NULL,
  `telephone` varchar(32) NOT NULL,
  `fax` varchar(32) NOT NULL,
  `password` varchar(40) NOT NULL,
  `salt` varchar(9) NOT NULL,
  `company` varchar(40) NOT NULL,
  `website` varchar(255) NOT NULL,
  `address_1` varchar(128) NOT NULL,
  `address_2` varchar(128) NOT NULL,
  `city` varchar(128) NOT NULL,
  `postcode` varchar(10) NOT NULL,
  `country_id` int(11) NOT NULL,
  `zone_id` int(11) NOT NULL,
  `code` varchar(64) NOT NULL,
  `commission` decimal(4,2) NOT NULL DEFAULT '0.00',
  `tax` varchar(64) NOT NULL,
  `payment` varchar(6) NOT NULL,
  `cheque` varchar(100) NOT NULL,
  `paypal` varchar(64) NOT NULL,
  `bank_name` varchar(64) NOT NULL,
  `bank_branch_number` varchar(64) NOT NULL,
  `bank_swift_code` varchar(64) NOT NULL,
  `bank_account_name` varchar(64) NOT NULL,
  `bank_account_number` varchar(64) NOT NULL,
  `ip` varchar(40) NOT NULL,
  `status` tinyint(1) NOT NULL,
  `approved` tinyint(1) NOT NULL,
  `date_added` datetime NOT NULL,
  PRIMARY KEY (`affiliate_id`)
) ENGINE=MyISAM DEFAULT CHARSET=utf8;


DROP TABLE IF EXISTS `tk_affiliate_activity`;
CREATE TABLE `tk_affiliate_activity` (
  `activity_id` int(11) NOT NULL AUTO_INCREMENT,
  `affiliate_id` int(11) NOT NULL,
  `key` varchar(64) NOT NULL,
  `data` text NOT NULL,
  `ip` varchar(40) NOT NULL,
  `date_added` datetime NOT NULL,
  PRIMARY KEY (`activity_id`)
) ENGINE=MyISAM DEFAULT CHARSET=utf8;


DROP TABLE IF EXISTS `tk_affiliate_login`;
CREATE TABLE `tk_affiliate_login` (
  `affiliate_login_id` int(11) NOT NULL AUTO_INCREMENT,
  `email` varchar(96) NOT NULL,
  `ip` varchar(40) NOT NULL,
  `total` int(4) NOT NULL,
  `date_added` datetime NOT NULL,
  `date_modified` datetime NOT NULL,
  PRIMARY KEY (`affiliate_login_id`),
  KEY `email` (`email`),
  KEY `ip` (`ip`)
) ENGINE=MyISAM DEFAULT CHARSET=utf8;


DROP TABLE IF EXISTS `tk_affiliate_transaction`;
CREATE TABLE `tk_affiliate_transaction` (
  `affiliate_transaction_id` int(11) NOT NULL AUTO_INCREMENT,
  `affiliate_id` int(11) NOT NULL,
  `order_id` int(11) NOT NULL,
  `description` text NOT NULL,
  `amount` decimal(15,4) NOT NULL,
  `date_added` datetime NOT NULL,
  PRIMARY KEY (`affiliate_transaction_id`)
) ENGINE=MyISAM DEFAULT CHARSET=utf8;


DROP TABLE IF EXISTS `tk_api`;
CREATE TABLE `tk_api` (
  `api_id` int(11) NOT NULL AUTO_INCREMENT,
  `name` varchar(64) NOT NULL,
  `key` text NOT NULL,
  `status` tinyint(1) NOT NULL,
  `date_added` datetime NOT NULL,
  `date_modified` datetime NOT NULL,
  PRIMARY KEY (`api_id`)
) ENGINE=MyISAM DEFAULT CHARSET=utf8;

INSERT INTO `tk_api` (`api_id`, `name`, `key`, `status`, `date_added`, `date_modified`) VALUES
(1,	'Default',	'eFmHgi4yOFMZXqevXFEB8fk4zY0e1ZKECneOaevXNLJVJq2uYCVxs0p1N4hair605R23s8qbgotU5jawdGlSJ05X3eNi1SX7OolcQlUYhQQ8IRM9z3lUQO9VqXCgqmYtw4qK72pko7Jxe5CzTajtUQuZHpIMUZ7yMsWpZHXSWkpzTPQloM896j9rmvyxmYe3sHINyGXgoNJbfwhKL1a83q16MfFULWs39fbSh7iAu532VJu3izC5zpFkSDIcg3jE',	1,	'2015-10-22 22:04:22',	'2015-10-22 22:04:22');

DROP TABLE IF EXISTS `tk_api_ip`;
CREATE TABLE `tk_api_ip` (
  `api_ip_id` int(11) NOT NULL AUTO_INCREMENT,
  `api_id` int(11) NOT NULL,
  `ip` varchar(40) NOT NULL,
  PRIMARY KEY (`api_ip_id`)
) ENGINE=MyISAM DEFAULT CHARSET=utf8;

INSERT INTO `tk_api_ip` (`api_ip_id`, `api_id`, `ip`) VALUES
(1,	1,	'::1');

DROP TABLE IF EXISTS `tk_api_session`;
CREATE TABLE `tk_api_session` (
  `api_session_id` int(11) NOT NULL AUTO_INCREMENT,
  `api_id` int(11) NOT NULL,
  `token` varchar(32) NOT NULL,
  `session_id` varchar(32) NOT NULL,
  `session_name` varchar(32) NOT NULL,
  `ip` varchar(40) NOT NULL,
  `date_added` datetime NOT NULL,
  `date_modified` datetime NOT NULL,
  PRIMARY KEY (`api_session_id`)
) ENGINE=MyISAM DEFAULT CHARSET=utf8;

INSERT INTO `tk_api_session` (`api_session_id`, `api_id`, `token`, `session_id`, `session_name`, `ip`, `date_added`, `date_modified`) VALUES
(178,	1,	'3oPSxZ8cQEWfwWFPhFynW5iUqOaBMTyP',	'v3n0e5pq52drmc1svaa5rp8t87',	'temp_session_56c4fc85978e1',	'::1',	'2016-02-18 06:04:37',	'2016-02-18 06:05:01'),
(177,	1,	'm3aYfbgwtzAsQIGiFFZgv4czrIRc9i1V',	'v3n0e5pq52drmc1svaa5rp8t87',	'temp_session_56c4fc593f17a',	'::1',	'2016-02-18 06:03:53',	'2016-02-18 06:03:53'),
(176,	1,	'QXMjzbsYR8y5lTkKTFKYwe9Uxm7QiGbN',	'v3n0e5pq52drmc1svaa5rp8t87',	'temp_session_56c4fc4f11b1f',	'::1',	'2016-02-18 06:03:43',	'2016-02-18 06:03:43'),
(175,	1,	'n3O5AUDmRDzRNEXr0k4UX4t0II8NWfpc',	'v3n0e5pq52drmc1svaa5rp8t87',	'temp_session_56c4fc44ef9ec',	'::1',	'2016-02-18 06:03:32',	'2016-02-18 06:03:32'),
(174,	1,	'ogkb8gWW9J6HKoGC3DH2S2DeoSwN1UFR',	'v3n0e5pq52drmc1svaa5rp8t87',	'temp_session_56c4fc3d9d6fa',	'::1',	'2016-02-18 06:03:25',	'2016-02-18 06:03:25'),
(173,	1,	'KbmKLru9q9qtSIPSBdbDQQp7HfqgwgYv',	'v3n0e5pq52drmc1svaa5rp8t87',	'temp_session_56c4fc1404571',	'::1',	'2016-02-18 06:02:44',	'2016-02-18 06:02:44'),
(172,	1,	'MnPBSVU2W58WDGe9toMbn3xDgvzd2sRh',	'v3n0e5pq52drmc1svaa5rp8t87',	'temp_session_56c4fb734696b',	'::1',	'2016-02-18 06:00:03',	'2016-02-18 06:00:03'),
(192,	1,	'R59H7rbJpqK4pwxgMmJFrlRHKob9O1Mk',	'io494i3j3d5dlhoflsi0289sq1',	'temp_session_56cda764e3b90',	'::1',	'2016-02-24 19:51:48',	'2016-02-24 19:51:48'),
(191,	1,	'uhGnk8ywSPr6GZ3sb9oBDhr3W7xNicXp',	'io494i3j3d5dlhoflsi0289sq1',	'temp_session_56cda756d4364',	'::1',	'2016-02-24 19:51:34',	'2016-02-24 19:51:34'),
(190,	1,	'DtxE1H2qMpuCPYeHd1yqe5Bxjg4I9Ywc',	'v3n0e5pq52drmc1svaa5rp8t87',	'temp_session_56c52e7860907',	'::1',	'2016-02-18 09:37:44',	'2016-02-18 09:37:44'),
(189,	1,	'vmM3LoSIgVz3KSwp3aPnEPImRCbIeg0J',	'v3n0e5pq52drmc1svaa5rp8t87',	'temp_session_56c52e7526539',	'::1',	'2016-02-18 09:37:41',	'2016-02-18 09:37:41'),
(188,	1,	'c6VfFstDwDaQuFPFYq0TxCirp5v3nBOJ',	'v3n0e5pq52drmc1svaa5rp8t87',	'temp_session_56c52e1a6eafd',	'::1',	'2016-02-18 09:36:10',	'2016-02-18 09:36:10'),
(187,	1,	'lB9KfnB0uO42LkpTzhMBRRFfK48GCGMq',	'v3n0e5pq52drmc1svaa5rp8t87',	'temp_session_56c52d12f1c08',	'::1',	'2016-02-18 09:31:46',	'2016-02-18 09:31:46'),
(186,	1,	'gwX6AtKjvwhUWUs0VbqMfsMCr5AI1njR',	'v3n0e5pq52drmc1svaa5rp8t87',	'temp_session_56c4ffaa0165f',	'::1',	'2016-02-18 06:18:02',	'2016-02-18 06:18:02'),
(185,	1,	'WT94IjSP0LXHIEF2bNJAQKyLSEFeMhon',	'v3n0e5pq52drmc1svaa5rp8t87',	'temp_session_56c4ffa3a12ba',	'::1',	'2016-02-18 06:17:55',	'2016-02-18 06:17:55'),
(184,	1,	'J9OGvVSZGv859XWcqXaLXnHVLohfptLY',	'v3n0e5pq52drmc1svaa5rp8t87',	'temp_session_56c4ff98e7dac',	'::1',	'2016-02-18 06:17:44',	'2016-02-18 06:17:44'),
(180,	1,	'zKSNW6nZjP39UXbgM0O3MpChCfo44adH',	'v3n0e5pq52drmc1svaa5rp8t87',	'temp_session_56c4fda2aef63',	'::1',	'2016-02-18 06:09:22',	'2016-02-18 06:09:22'),
(183,	1,	'WnUR0eScLI7pI0JO1I9TfE2QctXFBxrA',	'v3n0e5pq52drmc1svaa5rp8t87',	'temp_session_56c4feb851555',	'::1',	'2016-02-18 06:14:00',	'2016-02-18 06:14:00'),
(182,	1,	'EGvIjxODSLj4R2qLRGBYFPVcg8MdPdj5',	'v3n0e5pq52drmc1svaa5rp8t87',	'temp_session_56c4feb3b3e5c',	'::1',	'2016-02-18 06:13:55',	'2016-02-18 06:13:55'),
(181,	1,	'gThEhJVv79GpTDZkJuDqXQkPKMtYPVjx',	'v3n0e5pq52drmc1svaa5rp8t87',	'temp_session_56c4fdac4d631',	'::1',	'2016-02-18 06:09:32',	'2016-02-18 06:09:32'),
(179,	1,	'WXpEnZRKTCSxi5mJBxOkXcP6qdp6JvBX',	'v3n0e5pq52drmc1svaa5rp8t87',	'temp_session_56c4fca025afe',	'::1',	'2016-02-18 06:05:04',	'2016-02-18 06:05:04');

DROP TABLE IF EXISTS `tk_attribute`;
CREATE TABLE `tk_attribute` (
  `attribute_id` int(11) NOT NULL AUTO_INCREMENT,
  `attribute_group_id` int(11) NOT NULL,
  `sort_order` int(3) NOT NULL,
  PRIMARY KEY (`attribute_id`)
) ENGINE=MyISAM DEFAULT CHARSET=utf8;

INSERT INTO `tk_attribute` (`attribute_id`, `attribute_group_id`, `sort_order`) VALUES
(1,	6,	1),
(2,	6,	5),
(3,	6,	3),
(4,	3,	1),
(5,	3,	2),
(6,	3,	3),
(7,	3,	4),
(8,	3,	5),
(9,	3,	6),
(10,	3,	7),
(11,	3,	8);

DROP TABLE IF EXISTS `tk_attribute_description`;
CREATE TABLE `tk_attribute_description` (
  `attribute_id` int(11) NOT NULL,
  `language_id` int(11) NOT NULL,
  `name` varchar(64) NOT NULL,
  PRIMARY KEY (`attribute_id`,`language_id`)
) ENGINE=MyISAM DEFAULT CHARSET=utf8;

INSERT INTO `tk_attribute_description` (`attribute_id`, `language_id`, `name`) VALUES
(1,	1,	'Description'),
(2,	1,	'No. of Cores'),
(4,	1,	'test 1'),
(5,	1,	'test 2'),
(6,	1,	'test 3'),
(7,	1,	'test 4'),
(8,	1,	'test 5'),
(9,	1,	'test 6'),
(10,	1,	'test 7'),
(11,	1,	'test 8'),
(3,	1,	'Clockspeed'),
(1,	2,	'Description'),
(2,	2,	'No. of Cores'),
(4,	2,	'test 1'),
(5,	2,	'test 2'),
(6,	2,	'test 3'),
(7,	2,	'test 4'),
(8,	2,	'test 5'),
(9,	2,	'test 6'),
(10,	2,	'test 7'),
(11,	2,	'test 8'),
(3,	2,	'Clockspeed');

DROP TABLE IF EXISTS `tk_attribute_group`;
CREATE TABLE `tk_attribute_group` (
  `attribute_group_id` int(11) NOT NULL AUTO_INCREMENT,
  `sort_order` int(3) NOT NULL,
  PRIMARY KEY (`attribute_group_id`)
) ENGINE=MyISAM DEFAULT CHARSET=utf8;

INSERT INTO `tk_attribute_group` (`attribute_group_id`, `sort_order`) VALUES
(3,	2),
(4,	1),
(5,	3),
(6,	4);

DROP TABLE IF EXISTS `tk_attribute_group_description`;
CREATE TABLE `tk_attribute_group_description` (
  `attribute_group_id` int(11) NOT NULL,
  `language_id` int(11) NOT NULL,
  `name` varchar(64) NOT NULL,
  PRIMARY KEY (`attribute_group_id`,`language_id`)
) ENGINE=MyISAM DEFAULT CHARSET=utf8;

INSERT INTO `tk_attribute_group_description` (`attribute_group_id`, `language_id`, `name`) VALUES
(3,	1,	'Memory'),
(4,	1,	'Technical'),
(5,	1,	'Motherboard'),
(6,	1,	'Processor'),
(3,	2,	'Memory'),
(4,	2,	'Technical'),
(5,	2,	'Motherboard'),
(6,	2,	'Processor');

DROP TABLE IF EXISTS `tk_banner`;
CREATE TABLE `tk_banner` (
  `banner_id` int(11) NOT NULL AUTO_INCREMENT,
  `name` varchar(64) NOT NULL,
  `status` tinyint(1) NOT NULL,
  PRIMARY KEY (`banner_id`)
) ENGINE=MyISAM DEFAULT CHARSET=utf8;

INSERT INTO `tk_banner` (`banner_id`, `name`, `status`) VALUES
(7,	'Slide show',	1),
(8,	'Brands',	1);

DROP TABLE IF EXISTS `tk_banner_image`;
CREATE TABLE `tk_banner_image` (
  `banner_image_id` int(11) NOT NULL AUTO_INCREMENT,
  `banner_id` int(11) NOT NULL,
  `link` varchar(255) NOT NULL,
  `image` varchar(255) NOT NULL,
  `sort_order` int(3) NOT NULL DEFAULT '0',
  PRIMARY KEY (`banner_image_id`)
) ENGINE=MyISAM DEFAULT CHARSET=utf8;

INSERT INTO `tk_banner_image` (`banner_image_id`, `banner_id`, `link`, `image`, `sort_order`) VALUES
(124,	7,	'',	'catalog/big2.jpg',	3),
(123,	7,	'index.php?route=product/product&amp;path=57&amp;product_id=49',	'catalog/demo/banners/iPhone6.jpg',	2),
(122,	7,	'',	'catalog/demo/banners/MacBookAir.jpg',	1),
(125,	8,	'',	'catalog/logo hotwheels.png',	1);

DROP TABLE IF EXISTS `tk_banner_image_description`;
CREATE TABLE `tk_banner_image_description` (
  `banner_image_id` int(11) NOT NULL,
  `language_id` int(11) NOT NULL,
  `banner_id` int(11) NOT NULL,
  `title` varchar(64) NOT NULL,
  PRIMARY KEY (`banner_image_id`,`language_id`)
) ENGINE=MyISAM DEFAULT CHARSET=utf8;

INSERT INTO `tk_banner_image_description` (`banner_image_id`, `language_id`, `banner_id`, `title`) VALUES
(124,	2,	7,	'Jago'),
(123,	2,	7,	'iPhone 6'),
(124,	1,	7,	'Jago'),
(122,	2,	7,	'MacBookAir'),
(123,	1,	7,	'iPhone 6'),
(125,	3,	8,	'Hot Wheels'),
(125,	2,	8,	'Hot Wheels'),
(122,	1,	7,	'MacBookAir');

DROP TABLE IF EXISTS `tk_cart`;
CREATE TABLE `tk_cart` (
  `cart_id` int(11) NOT NULL AUTO_INCREMENT,
  `customer_id` int(11) NOT NULL,
  `session_id` varchar(32) NOT NULL,
  `product_id` int(11) NOT NULL,
  `recurring_id` int(11) NOT NULL,
  `option` text NOT NULL,
  `quantity` int(5) NOT NULL,
  `date_added` datetime NOT NULL,
  PRIMARY KEY (`cart_id`),
  KEY `cart_id` (`customer_id`,`session_id`,`product_id`,`recurring_id`)
) ENGINE=InnoDB DEFAULT CHARSET=utf8;


DROP TABLE IF EXISTS `tk_category`;
CREATE TABLE `tk_category` (
  `category_id` int(11) NOT NULL AUTO_INCREMENT,
  `image` varchar(255) DEFAULT NULL,
  `parent_id` int(11) NOT NULL DEFAULT '0',
  `top` tinyint(1) NOT NULL,
  `column` int(3) NOT NULL,
  `sort_order` int(3) NOT NULL DEFAULT '0',
  `status` tinyint(1) NOT NULL,
  `date_added` datetime NOT NULL,
  `date_modified` datetime NOT NULL,
  PRIMARY KEY (`category_id`),
  KEY `parent_id` (`parent_id`)
) ENGINE=MyISAM DEFAULT CHARSET=utf8;

INSERT INTO `tk_category` (`category_id`, `image`, `parent_id`, `top`, `column`, `sort_order`, `status`, `date_added`, `date_modified`) VALUES
(61,	'catalog/logo hotwheels.png',	0,	1,	1,	1,	1,	'2015-11-13 16:45:35',	'2016-02-10 00:49:05'),
(64,	'catalog/logo power.png',	0,	1,	1,	2,	1,	'2015-11-16 08:44:54',	'2016-02-10 00:49:44');

DROP TABLE IF EXISTS `tk_category_description`;
CREATE TABLE `tk_category_description` (
  `category_id` int(11) NOT NULL,
  `language_id` int(11) NOT NULL,
  `name` varchar(255) NOT NULL,
  `description` text NOT NULL,
  `meta_title` varchar(255) NOT NULL,
  `meta_description` varchar(255) NOT NULL,
  `meta_keyword` varchar(255) NOT NULL,
  PRIMARY KEY (`category_id`,`language_id`),
  KEY `name` (`name`)
) ENGINE=MyISAM DEFAULT CHARSET=utf8;

INSERT INTO `tk_category_description` (`category_id`, `language_id`, `name`, `description`, `meta_title`, `meta_description`, `meta_keyword`) VALUES
(61,	2,	'Cars Toys',	'&lt;p&gt;&lt;br&gt;&lt;/p&gt;',	'Cars Hot Wheels',	'',	''),
(61,	3,	'Hot Wheels',	'&lt;p&gt;&lt;br&gt;&lt;/p&gt;',	'Cars Hot Wheels',	'',	''),
(64,	2,	'Power Ranger',	'&lt;p&gt;&lt;br&gt;&lt;/p&gt;',	'Power Ranger',	'',	''),
(64,	3,	'Power Ranger',	'&lt;p&gt;&lt;br&gt;&lt;/p&gt;',	'Power Ranger',	'',	'');

DROP TABLE IF EXISTS `tk_category_filter`;
CREATE TABLE `tk_category_filter` (
  `category_id` int(11) NOT NULL,
  `filter_id` int(11) NOT NULL,
  PRIMARY KEY (`category_id`,`filter_id`)
) ENGINE=MyISAM DEFAULT CHARSET=utf8;


DROP TABLE IF EXISTS `tk_category_path`;
CREATE TABLE `tk_category_path` (
  `category_id` int(11) NOT NULL,
  `path_id` int(11) NOT NULL,
  `level` int(11) NOT NULL,
  PRIMARY KEY (`category_id`,`path_id`)
) ENGINE=MyISAM DEFAULT CHARSET=utf8;

INSERT INTO `tk_category_path` (`category_id`, `path_id`, `level`) VALUES
(64,	64,	0),
(61,	61,	0);

DROP TABLE IF EXISTS `tk_category_to_layout`;
CREATE TABLE `tk_category_to_layout` (
  `category_id` int(11) NOT NULL,
  `store_id` int(11) NOT NULL,
  `layout_id` int(11) NOT NULL,
  PRIMARY KEY (`category_id`,`store_id`)
) ENGINE=MyISAM DEFAULT CHARSET=utf8;

INSERT INTO `tk_category_to_layout` (`category_id`, `store_id`, `layout_id`) VALUES
(61,	0,	0),
(64,	0,	0);

DROP TABLE IF EXISTS `tk_category_to_store`;
CREATE TABLE `tk_category_to_store` (
  `category_id` int(11) NOT NULL,
  `store_id` int(11) NOT NULL,
  PRIMARY KEY (`category_id`,`store_id`)
) ENGINE=MyISAM DEFAULT CHARSET=utf8;

INSERT INTO `tk_category_to_store` (`category_id`, `store_id`) VALUES
(61,	0),
(64,	0);

DROP TABLE IF EXISTS `tk_country`;
CREATE TABLE `tk_country` (
  `country_id` int(11) NOT NULL AUTO_INCREMENT,
  `name` varchar(128) NOT NULL,
  `iso_code_2` varchar(2) NOT NULL,
  `iso_code_3` varchar(3) NOT NULL,
  `address_format` text NOT NULL,
  `postcode_required` tinyint(1) NOT NULL,
  `status` tinyint(1) NOT NULL DEFAULT '1',
  PRIMARY KEY (`country_id`)
) ENGINE=MyISAM DEFAULT CHARSET=utf8;

INSERT INTO `tk_country` (`country_id`, `name`, `iso_code_2`, `iso_code_3`, `address_format`, `postcode_required`, `status`) VALUES
(1,	'Afghanistan',	'AF',	'AFG',	'',	0,	1),
(2,	'Albania',	'AL',	'ALB',	'',	0,	1),
(3,	'Algeria',	'DZ',	'DZA',	'',	0,	1),
(4,	'American Samoa',	'AS',	'ASM',	'',	0,	1),
(5,	'Andorra',	'AD',	'AND',	'',	0,	1),
(6,	'Angola',	'AO',	'AGO',	'',	0,	1),
(7,	'Anguilla',	'AI',	'AIA',	'',	0,	1),
(8,	'Antarctica',	'AQ',	'ATA',	'',	0,	1),
(9,	'Antigua and Barbuda',	'AG',	'ATG',	'',	0,	1),
(10,	'Argentina',	'AR',	'ARG',	'',	0,	1),
(11,	'Armenia',	'AM',	'ARM',	'',	0,	1),
(12,	'Aruba',	'AW',	'ABW',	'',	0,	1),
(13,	'Australia',	'AU',	'AUS',	'',	0,	1),
(14,	'Austria',	'AT',	'AUT',	'',	0,	1),
(15,	'Azerbaijan',	'AZ',	'AZE',	'',	0,	1),
(16,	'Bahamas',	'BS',	'BHS',	'',	0,	1),
(17,	'Bahrain',	'BH',	'BHR',	'',	0,	1),
(18,	'Bangladesh',	'BD',	'BGD',	'',	0,	1),
(19,	'Barbados',	'BB',	'BRB',	'',	0,	1),
(20,	'Belarus',	'BY',	'BLR',	'',	0,	1),
(21,	'Belgium',	'BE',	'BEL',	'{firstname} {lastname}\r\n{company}\r\n{address_1}\r\n{address_2}\r\n{postcode} {city}\r\n{country}',	0,	1),
(22,	'Belize',	'BZ',	'BLZ',	'',	0,	1),
(23,	'Benin',	'BJ',	'BEN',	'',	0,	1),
(24,	'Bermuda',	'BM',	'BMU',	'',	0,	1),
(25,	'Bhutan',	'BT',	'BTN',	'',	0,	1),
(26,	'Bolivia',	'BO',	'BOL',	'',	0,	1),
(27,	'Bosnia and Herzegovina',	'BA',	'BIH',	'',	0,	1),
(28,	'Botswana',	'BW',	'BWA',	'',	0,	1),
(29,	'Bouvet Island',	'BV',	'BVT',	'',	0,	1),
(30,	'Brazil',	'BR',	'BRA',	'',	0,	1),
(31,	'British Indian Ocean Territory',	'IO',	'IOT',	'',	0,	1),
(32,	'Brunei Darussalam',	'BN',	'BRN',	'',	0,	1),
(33,	'Bulgaria',	'BG',	'BGR',	'',	0,	1),
(34,	'Burkina Faso',	'BF',	'BFA',	'',	0,	1),
(35,	'Burundi',	'BI',	'BDI',	'',	0,	1),
(36,	'Cambodia',	'KH',	'KHM',	'',	0,	1),
(37,	'Cameroon',	'CM',	'CMR',	'',	0,	1),
(38,	'Canada',	'CA',	'CAN',	'',	0,	1),
(39,	'Cape Verde',	'CV',	'CPV',	'',	0,	1),
(40,	'Cayman Islands',	'KY',	'CYM',	'',	0,	1),
(41,	'Central African Republic',	'CF',	'CAF',	'',	0,	1),
(42,	'Chad',	'TD',	'TCD',	'',	0,	1),
(43,	'Chile',	'CL',	'CHL',	'',	0,	1),
(44,	'China',	'CN',	'CHN',	'',	0,	1),
(45,	'Christmas Island',	'CX',	'CXR',	'',	0,	1),
(46,	'Cocos (Keeling) Islands',	'CC',	'CCK',	'',	0,	1),
(47,	'Colombia',	'CO',	'COL',	'',	0,	1),
(48,	'Comoros',	'KM',	'COM',	'',	0,	1),
(49,	'Congo',	'CG',	'COG',	'',	0,	1),
(50,	'Cook Islands',	'CK',	'COK',	'',	0,	1),
(51,	'Costa Rica',	'CR',	'CRI',	'',	0,	1),
(52,	'Cote D\'Ivoire',	'CI',	'CIV',	'',	0,	1),
(53,	'Croatia',	'HR',	'HRV',	'',	0,	1),
(54,	'Cuba',	'CU',	'CUB',	'',	0,	1),
(55,	'Cyprus',	'CY',	'CYP',	'',	0,	1),
(56,	'Czech Republic',	'CZ',	'CZE',	'',	0,	1),
(57,	'Denmark',	'DK',	'DNK',	'',	0,	1),
(58,	'Djibouti',	'DJ',	'DJI',	'',	0,	1),
(59,	'Dominica',	'DM',	'DMA',	'',	0,	1),
(60,	'Dominican Republic',	'DO',	'DOM',	'',	0,	1),
(61,	'East Timor',	'TL',	'TLS',	'',	0,	1),
(62,	'Ecuador',	'EC',	'ECU',	'',	0,	1),
(63,	'Egypt',	'EG',	'EGY',	'',	0,	1),
(64,	'El Salvador',	'SV',	'SLV',	'',	0,	1),
(65,	'Equatorial Guinea',	'GQ',	'GNQ',	'',	0,	1),
(66,	'Eritrea',	'ER',	'ERI',	'',	0,	1),
(67,	'Estonia',	'EE',	'EST',	'',	0,	1),
(68,	'Ethiopia',	'ET',	'ETH',	'',	0,	1),
(69,	'Falkland Islands (Malvinas)',	'FK',	'FLK',	'',	0,	1),
(70,	'Faroe Islands',	'FO',	'FRO',	'',	0,	1),
(71,	'Fiji',	'FJ',	'FJI',	'',	0,	1),
(72,	'Finland',	'FI',	'FIN',	'',	0,	1),
(74,	'France, Metropolitan',	'FR',	'FRA',	'{firstname} {lastname}\r\n{company}\r\n{address_1}\r\n{address_2}\r\n{postcode} {city}\r\n{country}',	1,	1),
(75,	'French Guiana',	'GF',	'GUF',	'',	0,	1),
(76,	'French Polynesia',	'PF',	'PYF',	'',	0,	1),
(77,	'French Southern Territories',	'TF',	'ATF',	'',	0,	1),
(78,	'Gabon',	'GA',	'GAB',	'',	0,	1),
(79,	'Gambia',	'GM',	'GMB',	'',	0,	1),
(80,	'Georgia',	'GE',	'GEO',	'',	0,	1),
(81,	'Germany',	'DE',	'DEU',	'{company}\r\n{firstname} {lastname}\r\n{address_1}\r\n{address_2}\r\n{postcode} {city}\r\n{country}',	1,	1),
(82,	'Ghana',	'GH',	'GHA',	'',	0,	1),
(83,	'Gibraltar',	'GI',	'GIB',	'',	0,	1),
(84,	'Greece',	'GR',	'GRC',	'',	0,	1),
(85,	'Greenland',	'GL',	'GRL',	'',	0,	1),
(86,	'Grenada',	'GD',	'GRD',	'',	0,	1),
(87,	'Guadeloupe',	'GP',	'GLP',	'',	0,	1),
(88,	'Guam',	'GU',	'GUM',	'',	0,	1),
(89,	'Guatemala',	'GT',	'GTM',	'',	0,	1),
(90,	'Guinea',	'GN',	'GIN',	'',	0,	1),
(91,	'Guinea-Bissau',	'GW',	'GNB',	'',	0,	1),
(92,	'Guyana',	'GY',	'GUY',	'',	0,	1),
(93,	'Haiti',	'HT',	'HTI',	'',	0,	1),
(94,	'Heard and Mc Donald Islands',	'HM',	'HMD',	'',	0,	1),
(95,	'Honduras',	'HN',	'HND',	'',	0,	1),
(96,	'Hong Kong',	'HK',	'HKG',	'',	0,	1),
(97,	'Hungary',	'HU',	'HUN',	'',	0,	1),
(98,	'Iceland',	'IS',	'ISL',	'',	0,	1),
(99,	'India',	'IN',	'IND',	'',	0,	1),
(100,	'Indonesia',	'ID',	'IDN',	'',	0,	1),
(101,	'Iran (Islamic Republic of)',	'IR',	'IRN',	'',	0,	1),
(102,	'Iraq',	'IQ',	'IRQ',	'',	0,	1),
(103,	'Ireland',	'IE',	'IRL',	'',	0,	1),
(104,	'Israel',	'IL',	'ISR',	'',	0,	1),
(105,	'Italy',	'IT',	'ITA',	'',	0,	1),
(106,	'Jamaica',	'JM',	'JAM',	'',	0,	1),
(107,	'Japan',	'JP',	'JPN',	'',	0,	1),
(108,	'Jordan',	'JO',	'JOR',	'',	0,	1),
(109,	'Kazakhstan',	'KZ',	'KAZ',	'',	0,	1),
(110,	'Kenya',	'KE',	'KEN',	'',	0,	1),
(111,	'Kiribati',	'KI',	'KIR',	'',	0,	1),
(112,	'North Korea',	'KP',	'PRK',	'',	0,	1),
(113,	'South Korea',	'KR',	'KOR',	'',	0,	1),
(114,	'Kuwait',	'KW',	'KWT',	'',	0,	1),
(115,	'Kyrgyzstan',	'KG',	'KGZ',	'',	0,	1),
(116,	'Lao People\'s Democratic Republic',	'LA',	'LAO',	'',	0,	1),
(117,	'Latvia',	'LV',	'LVA',	'',	0,	1),
(118,	'Lebanon',	'LB',	'LBN',	'',	0,	1),
(119,	'Lesotho',	'LS',	'LSO',	'',	0,	1),
(120,	'Liberia',	'LR',	'LBR',	'',	0,	1),
(121,	'Libyan Arab Jamahiriya',	'LY',	'LBY',	'',	0,	1),
(122,	'Liechtenstein',	'LI',	'LIE',	'',	0,	1),
(123,	'Lithuania',	'LT',	'LTU',	'',	0,	1),
(124,	'Luxembourg',	'LU',	'LUX',	'',	0,	1),
(125,	'Macau',	'MO',	'MAC',	'',	0,	1),
(126,	'FYROM',	'MK',	'MKD',	'',	0,	1),
(127,	'Madagascar',	'MG',	'MDG',	'',	0,	1),
(128,	'Malawi',	'MW',	'MWI',	'',	0,	1),
(129,	'Malaysia',	'MY',	'MYS',	'',	0,	1),
(130,	'Maldives',	'MV',	'MDV',	'',	0,	1),
(131,	'Mali',	'ML',	'MLI',	'',	0,	1),
(132,	'Malta',	'MT',	'MLT',	'',	0,	1),
(133,	'Marshall Islands',	'MH',	'MHL',	'',	0,	1),
(134,	'Martinique',	'MQ',	'MTQ',	'',	0,	1),
(135,	'Mauritania',	'MR',	'MRT',	'',	0,	1),
(136,	'Mauritius',	'MU',	'MUS',	'',	0,	1),
(137,	'Mayotte',	'YT',	'MYT',	'',	0,	1),
(138,	'Mexico',	'MX',	'MEX',	'',	0,	1),
(139,	'Micronesia, Federated States of',	'FM',	'FSM',	'',	0,	1),
(140,	'Moldova, Republic of',	'MD',	'MDA',	'',	0,	1),
(141,	'Monaco',	'MC',	'MCO',	'',	0,	1),
(142,	'Mongolia',	'MN',	'MNG',	'',	0,	1),
(143,	'Montserrat',	'MS',	'MSR',	'',	0,	1),
(144,	'Morocco',	'MA',	'MAR',	'',	0,	1),
(145,	'Mozambique',	'MZ',	'MOZ',	'',	0,	1),
(146,	'Myanmar',	'MM',	'MMR',	'',	0,	1),
(147,	'Namibia',	'NA',	'NAM',	'',	0,	1),
(148,	'Nauru',	'NR',	'NRU',	'',	0,	1),
(149,	'Nepal',	'NP',	'NPL',	'',	0,	1),
(150,	'Netherlands',	'NL',	'NLD',	'',	0,	1),
(151,	'Netherlands Antilles',	'AN',	'ANT',	'',	0,	1),
(152,	'New Caledonia',	'NC',	'NCL',	'',	0,	1),
(153,	'New Zealand',	'NZ',	'NZL',	'',	0,	1),
(154,	'Nicaragua',	'NI',	'NIC',	'',	0,	1),
(155,	'Niger',	'NE',	'NER',	'',	0,	1),
(156,	'Nigeria',	'NG',	'NGA',	'',	0,	1),
(157,	'Niue',	'NU',	'NIU',	'',	0,	1),
(158,	'Norfolk Island',	'NF',	'NFK',	'',	0,	1),
(159,	'Northern Mariana Islands',	'MP',	'MNP',	'',	0,	1),
(160,	'Norway',	'NO',	'NOR',	'',	0,	1),
(161,	'Oman',	'OM',	'OMN',	'',	0,	1),
(162,	'Pakistan',	'PK',	'PAK',	'',	0,	1),
(163,	'Palau',	'PW',	'PLW',	'',	0,	1),
(164,	'Panama',	'PA',	'PAN',	'',	0,	1),
(165,	'Papua New Guinea',	'PG',	'PNG',	'',	0,	1),
(166,	'Paraguay',	'PY',	'PRY',	'',	0,	1),
(167,	'Peru',	'PE',	'PER',	'',	0,	1),
(168,	'Philippines',	'PH',	'PHL',	'',	0,	1),
(169,	'Pitcairn',	'PN',	'PCN',	'',	0,	1),
(170,	'Poland',	'PL',	'POL',	'',	0,	1),
(171,	'Portugal',	'PT',	'PRT',	'',	0,	1),
(172,	'Puerto Rico',	'PR',	'PRI',	'',	0,	1),
(173,	'Qatar',	'QA',	'QAT',	'',	0,	1),
(174,	'Reunion',	'RE',	'REU',	'',	0,	1),
(175,	'Romania',	'RO',	'ROM',	'',	0,	1),
(176,	'Russian Federation',	'RU',	'RUS',	'',	0,	1),
(177,	'Rwanda',	'RW',	'RWA',	'',	0,	1),
(178,	'Saint Kitts and Nevis',	'KN',	'KNA',	'',	0,	1),
(179,	'Saint Lucia',	'LC',	'LCA',	'',	0,	1),
(180,	'Saint Vincent and the Grenadines',	'VC',	'VCT',	'',	0,	1),
(181,	'Samoa',	'WS',	'WSM',	'',	0,	1),
(182,	'San Marino',	'SM',	'SMR',	'',	0,	1),
(183,	'Sao Tome and Principe',	'ST',	'STP',	'',	0,	1),
(184,	'Saudi Arabia',	'SA',	'SAU',	'',	0,	1),
(185,	'Senegal',	'SN',	'SEN',	'',	0,	1),
(186,	'Seychelles',	'SC',	'SYC',	'',	0,	1),
(187,	'Sierra Leone',	'SL',	'SLE',	'',	0,	1),
(188,	'Singapore',	'SG',	'SGP',	'',	0,	1),
(189,	'Slovak Republic',	'SK',	'SVK',	'{firstname} {lastname}\r\n{company}\r\n{address_1}\r\n{address_2}\r\n{city} {postcode}\r\n{zone}\r\n{country}',	0,	1),
(190,	'Slovenia',	'SI',	'SVN',	'',	0,	1),
(191,	'Solomon Islands',	'SB',	'SLB',	'',	0,	1),
(192,	'Somalia',	'SO',	'SOM',	'',	0,	1),
(193,	'South Africa',	'ZA',	'ZAF',	'',	0,	1),
(194,	'South Georgia &amp; South Sandwich Islands',	'GS',	'SGS',	'',	0,	1),
(195,	'Spain',	'ES',	'ESP',	'',	0,	1),
(196,	'Sri Lanka',	'LK',	'LKA',	'',	0,	1),
(197,	'St. Helena',	'SH',	'SHN',	'',	0,	1),
(198,	'St. Pierre and Miquelon',	'PM',	'SPM',	'',	0,	1),
(199,	'Sudan',	'SD',	'SDN',	'',	0,	1),
(200,	'Suriname',	'SR',	'SUR',	'',	0,	1),
(201,	'Svalbard and Jan Mayen Islands',	'SJ',	'SJM',	'',	0,	1),
(202,	'Swaziland',	'SZ',	'SWZ',	'',	0,	1),
(203,	'Sweden',	'SE',	'SWE',	'{company}\r\n{firstname} {lastname}\r\n{address_1}\r\n{address_2}\r\n{postcode} {city}\r\n{country}',	1,	1),
(204,	'Switzerland',	'CH',	'CHE',	'',	0,	1),
(205,	'Syrian Arab Republic',	'SY',	'SYR',	'',	0,	1),
(206,	'Taiwan',	'TW',	'TWN',	'',	0,	1),
(207,	'Tajikistan',	'TJ',	'TJK',	'',	0,	1),
(208,	'Tanzania, United Republic of',	'TZ',	'TZA',	'',	0,	1),
(209,	'Thailand',	'TH',	'THA',	'',	0,	1),
(210,	'Togo',	'TG',	'TGO',	'',	0,	1),
(211,	'Tokelau',	'TK',	'TKL',	'',	0,	1),
(212,	'Tonga',	'TO',	'TON',	'',	0,	1),
(213,	'Trinidad and Tobago',	'TT',	'TTO',	'',	0,	1),
(214,	'Tunisia',	'TN',	'TUN',	'',	0,	1),
(215,	'Turkey',	'TR',	'TUR',	'',	0,	1),
(216,	'Turkmenistan',	'TM',	'TKM',	'',	0,	1),
(217,	'Turks and Caicos Islands',	'TC',	'TCA',	'',	0,	1),
(218,	'Tuvalu',	'TV',	'TUV',	'',	0,	1),
(219,	'Uganda',	'UG',	'UGA',	'',	0,	1),
(220,	'Ukraine',	'UA',	'UKR',	'',	0,	1),
(221,	'United Arab Emirates',	'AE',	'ARE',	'',	0,	1),
(222,	'United Kingdom',	'GB',	'GBR',	'',	1,	1),
(223,	'United States',	'US',	'USA',	'{firstname} {lastname}\r\n{company}\r\n{address_1}\r\n{address_2}\r\n{city}, {zone} {postcode}\r\n{country}',	0,	1),
(224,	'United States Minor Outlying Islands',	'UM',	'UMI',	'',	0,	1),
(225,	'Uruguay',	'UY',	'URY',	'',	0,	1),
(226,	'Uzbekistan',	'UZ',	'UZB',	'',	0,	1),
(227,	'Vanuatu',	'VU',	'VUT',	'',	0,	1),
(228,	'Vatican City State (Holy See)',	'VA',	'VAT',	'',	0,	1),
(229,	'Venezuela',	'VE',	'VEN',	'',	0,	1),
(230,	'Viet Nam',	'VN',	'VNM',	'',	0,	1),
(231,	'Virgin Islands (British)',	'VG',	'VGB',	'',	0,	1),
(232,	'Virgin Islands (U.S.)',	'VI',	'VIR',	'',	0,	1),
(233,	'Wallis and Futuna Islands',	'WF',	'WLF',	'',	0,	1),
(234,	'Western Sahara',	'EH',	'ESH',	'',	0,	1),
(235,	'Yemen',	'YE',	'YEM',	'',	0,	1),
(237,	'Democratic Republic of Congo',	'CD',	'COD',	'',	0,	1),
(238,	'Zambia',	'ZM',	'ZMB',	'',	0,	1),
(239,	'Zimbabwe',	'ZW',	'ZWE',	'',	0,	1),
(242,	'Montenegro',	'ME',	'MNE',	'',	0,	1),
(243,	'Serbia',	'RS',	'SRB',	'',	0,	1),
(244,	'Aaland Islands',	'AX',	'ALA',	'',	0,	1),
(245,	'Bonaire, Sint Eustatius and Saba',	'BQ',	'BES',	'',	0,	1),
(246,	'Curacao',	'CW',	'CUW',	'',	0,	1),
(247,	'Palestinian Territory, Occupied',	'PS',	'PSE',	'',	0,	1),
(248,	'South Sudan',	'SS',	'SSD',	'',	0,	1),
(249,	'St. Barthelemy',	'BL',	'BLM',	'',	0,	1),
(250,	'St. Martin (French part)',	'MF',	'MAF',	'',	0,	1),
(251,	'Canary Islands',	'IC',	'ICA',	'',	0,	1),
(252,	'Ascension Island (British)',	'AC',	'ASC',	'',	0,	1),
(253,	'Kosovo, Republic of',	'XK',	'UNK',	'',	0,	1),
(254,	'Isle of Man',	'IM',	'IMN',	'',	0,	1),
(255,	'Tristan da Cunha',	'TA',	'SHN',	'',	0,	1),
(256,	'Guernsey',	'GG',	'GGY',	'',	0,	1),
(257,	'Jersey',	'JE',	'JEY',	'',	0,	1);

DROP TABLE IF EXISTS `tk_coupon`;
CREATE TABLE `tk_coupon` (
  `coupon_id` int(11) NOT NULL AUTO_INCREMENT,
  `name` varchar(128) NOT NULL,
  `code` varchar(10) NOT NULL,
  `type` char(1) NOT NULL,
  `discount` decimal(15,4) NOT NULL,
  `logged` tinyint(1) NOT NULL,
  `shipping` tinyint(1) NOT NULL,
  `total` decimal(15,4) NOT NULL,
  `date_start` date NOT NULL DEFAULT '0000-00-00',
  `date_end` date NOT NULL DEFAULT '0000-00-00',
  `uses_total` int(11) NOT NULL,
  `uses_customer` varchar(11) NOT NULL,
  `status` tinyint(1) NOT NULL,
  `date_added` datetime NOT NULL,
  PRIMARY KEY (`coupon_id`)
) ENGINE=MyISAM DEFAULT CHARSET=utf8;

INSERT INTO `tk_coupon` (`coupon_id`, `name`, `code`, `type`, `discount`, `logged`, `shipping`, `total`, `date_start`, `date_end`, `uses_total`, `uses_customer`, `status`, `date_added`) VALUES
(7,	'Diskon 10%',	'AA12345',	'P',	10.0000,	1,	0,	2000.0000,	'2015-10-24',	'2015-11-25',	5,	'5',	1,	'2015-10-24 12:13:08');

DROP TABLE IF EXISTS `tk_coupon_category`;
CREATE TABLE `tk_coupon_category` (
  `coupon_id` int(11) NOT NULL,
  `category_id` int(11) NOT NULL,
  PRIMARY KEY (`coupon_id`,`category_id`)
) ENGINE=MyISAM DEFAULT CHARSET=utf8;


DROP TABLE IF EXISTS `tk_coupon_history`;
CREATE TABLE `tk_coupon_history` (
  `coupon_history_id` int(11) NOT NULL AUTO_INCREMENT,
  `coupon_id` int(11) NOT NULL,
  `order_id` int(11) NOT NULL,
  `customer_id` int(11) NOT NULL,
  `amount` decimal(15,4) NOT NULL,
  `date_added` datetime NOT NULL,
  PRIMARY KEY (`coupon_history_id`)
) ENGINE=MyISAM DEFAULT CHARSET=utf8;


DROP TABLE IF EXISTS `tk_coupon_product`;
CREATE TABLE `tk_coupon_product` (
  `coupon_product_id` int(11) NOT NULL AUTO_INCREMENT,
  `coupon_id` int(11) NOT NULL,
  `product_id` int(11) NOT NULL,
  PRIMARY KEY (`coupon_product_id`)
) ENGINE=MyISAM DEFAULT CHARSET=utf8;

INSERT INTO `tk_coupon_product` (`coupon_product_id`, `coupon_id`, `product_id`) VALUES
(3,	7,	46);

DROP TABLE IF EXISTS `tk_currency`;
CREATE TABLE `tk_currency` (
  `currency_id` int(11) NOT NULL AUTO_INCREMENT,
  `title` varchar(32) NOT NULL,
  `code` varchar(3) NOT NULL,
  `symbol_left` varchar(12) NOT NULL,
  `symbol_right` varchar(12) NOT NULL,
  `decimal_place` char(1) NOT NULL,
  `value` float NOT NULL,
  `status` tinyint(1) NOT NULL,
  `date_modified` datetime NOT NULL,
  PRIMARY KEY (`currency_id`)
) ENGINE=MyISAM DEFAULT CHARSET=utf8;

INSERT INTO `tk_currency` (`currency_id`, `title`, `code`, `symbol_left`, `symbol_right`, `decimal_place`, `value`, `status`, `date_modified`) VALUES
(2,	'US Dollar',	'USD',	'$',	'',	'2',	0.0001,	1,	'2016-02-24 19:50:54'),
(3,	'Rupiah',	'IDR',	'Rp. ',	',-',	'0',	1,	1,	'2016-02-24 19:50:54');

DROP TABLE IF EXISTS `tk_customer`;
CREATE TABLE `tk_customer` (
  `customer_id` int(11) NOT NULL AUTO_INCREMENT,
  `customer_group_id` int(11) NOT NULL,
  `store_id` int(11) NOT NULL DEFAULT '0',
  `firstname` varchar(32) NOT NULL,
  `lastname` varchar(32) NOT NULL,
  `email` varchar(96) NOT NULL,
  `telephone` varchar(32) NOT NULL,
  `fax` varchar(32) NOT NULL,
  `password` varchar(40) NOT NULL,
  `salt` varchar(9) NOT NULL,
  `cart` text,
  `wishlist` text,
  `newsletter` tinyint(1) NOT NULL DEFAULT '0',
  `address_id` int(11) NOT NULL DEFAULT '0',
  `custom_field` text NOT NULL,
  `ip` varchar(40) NOT NULL,
  `status` tinyint(1) NOT NULL,
  `approved` tinyint(1) NOT NULL,
  `safe` tinyint(1) NOT NULL,
  `token` text NOT NULL,
  `date_added` datetime NOT NULL,
  PRIMARY KEY (`customer_id`)
) ENGINE=MyISAM DEFAULT CHARSET=utf8;

INSERT INTO `tk_customer` (`customer_id`, `customer_group_id`, `store_id`, `firstname`, `lastname`, `email`, `telephone`, `fax`, `password`, `salt`, `cart`, `wishlist`, `newsletter`, `address_id`, `custom_field`, `ip`, `status`, `approved`, `safe`, `token`, `date_added`) VALUES
(1,	1,	0,	'Aufa ',	'Mutawakkil',	'aufamutawakkil@gmail.com',	'085732419681',	'',	'1862cfb5ed7c3ece36b6c711be4a1c784d8a175d',	'xtoYgd9od',	NULL,	NULL,	1,	1,	'[]',	'::1',	1,	1,	0,	'',	'2015-10-23 09:08:26'),
(2,	1,	0,	'Mifta',	'Anwar',	'mifta@gmail.com',	'085732419876',	'',	'db3d960df4e7e69649d7b2d686fcfa946c7612c7',	'hkqFmDqEh',	NULL,	NULL,	0,	2,	'',	'::1',	1,	1,	0,	'',	'2015-11-15 09:06:27');

DROP TABLE IF EXISTS `tk_customer_activity`;
CREATE TABLE `tk_customer_activity` (
  `activity_id` int(11) NOT NULL AUTO_INCREMENT,
  `customer_id` int(11) NOT NULL,
  `key` varchar(64) NOT NULL,
  `data` text NOT NULL,
  `ip` varchar(40) NOT NULL,
  `date_added` datetime NOT NULL,
  PRIMARY KEY (`activity_id`)
) ENGINE=MyISAM DEFAULT CHARSET=utf8;

INSERT INTO `tk_customer_activity` (`activity_id`, `customer_id`, `key`, `data`, `ip`, `date_added`) VALUES
(1,	1,	'register',	'{\"customer_id\":1,\"name\":\"Aufa  Mutawakkil\"}',	'::1',	'2015-10-23 09:08:34'),
(2,	1,	'order_account',	'{\"customer_id\":\"1\",\"name\":\"Aufa  Mutawakkil\",\"order_id\":1}',	'::1',	'2015-10-23 09:09:04'),
(3,	1,	'login',	'{\"customer_id\":\"1\",\"name\":\"Aufa  Mutawakkil\"}',	'::1',	'2015-10-23 14:05:43'),
(4,	1,	'login',	'{\"customer_id\":\"1\",\"name\":\"Aufa  Mutawakkil\"}',	'::1',	'2015-10-23 22:09:15'),
(5,	1,	'return_account',	'{\"customer_id\":\"1\",\"name\":\"Aufa  Mutawakkil\",\"return_id\":1}',	'::1',	'2015-10-23 22:09:42'),
(6,	1,	'login',	'{\"customer_id\":\"1\",\"name\":\"Aufa  Mutawakkil\"}',	'::1',	'2015-10-24 12:17:19'),
(7,	1,	'order_account',	'{\"customer_id\":\"1\",\"name\":\"Aufa  Mutawakkil\",\"order_id\":1001}',	'::1',	'2015-10-24 12:18:22'),
(8,	1,	'login',	'{\"customer_id\":\"1\",\"name\":\"Aufa  Mutawakkil\"}',	'::1',	'2015-10-31 18:52:25'),
(9,	0,	'order_guest',	'{\"name\":\"Anwar Mifta\",\"order_id\":1003}',	'::1',	'2015-11-05 06:29:16'),
(10,	1,	'login',	'{\"customer_id\":\"1\",\"name\":\"Aufa  Mutawakkil\"}',	'::1',	'2015-11-05 21:31:38'),
(11,	1,	'order_account',	'{\"customer_id\":\"1\",\"name\":\"Aufa  Mutawakkil\",\"order_id\":1004}',	'::1',	'2015-11-05 21:32:25'),
(12,	1,	'order_account',	'{\"customer_id\":\"1\",\"name\":\"Aufa  Mutawakkil\",\"order_id\":1005}',	'::1',	'2015-11-05 21:36:49'),
(13,	1,	'order_account',	'{\"customer_id\":\"1\",\"name\":\"Aufa  Mutawakkil\",\"order_id\":1006}',	'::1',	'2015-11-05 21:37:33'),
(14,	1,	'order_account',	'{\"customer_id\":\"1\",\"name\":\"Aufa  Mutawakkil\",\"order_id\":1007}',	'::1',	'2015-11-06 03:43:12'),
(15,	1,	'order_account',	'{\"customer_id\":\"1\",\"name\":\"Aufa  Mutawakkil\",\"order_id\":1009}',	'::1',	'2015-11-06 03:51:04'),
(16,	1,	'order_account',	'{\"customer_id\":\"1\",\"name\":\"Aufa  Mutawakkil\",\"order_id\":1010}',	'::1',	'2015-11-06 04:02:34'),
(17,	1,	'login',	'{\"customer_id\":\"1\",\"name\":\"Aufa  Mutawakkil\"}',	'::1',	'2015-11-07 17:54:54'),
(18,	1,	'order_account',	'{\"customer_id\":\"1\",\"name\":\"Aufa  Mutawakkil\",\"order_id\":1011}',	'::1',	'2015-11-07 17:55:19'),
(19,	1,	'login',	'{\"customer_id\":\"1\",\"name\":\"Aufa  Mutawakkil\"}',	'::1',	'2015-11-08 05:17:53'),
(20,	1,	'login',	'{\"customer_id\":\"1\",\"name\":\"Aufa  Mutawakkil\"}',	'::1',	'2015-11-13 18:12:03'),
(21,	1,	'login',	'{\"customer_id\":\"1\",\"name\":\"Aufa  Mutawakkil\"}',	'::1',	'2015-11-13 18:14:56'),
(22,	1,	'login',	'{\"customer_id\":\"1\",\"name\":\"Aufa  Mutawakkil\"}',	'::1',	'2015-11-15 07:41:17'),
(23,	2,	'register',	'{\"customer_id\":2,\"name\":\"Mifta Anwar\"}',	'::1',	'2015-11-15 09:06:28'),
(24,	2,	'order_account',	'{\"customer_id\":\"2\",\"name\":\"Mifta Anwar\",\"order_id\":1012}',	'::1',	'2015-11-15 09:07:38'),
(25,	1,	'login',	'{\"customer_id\":\"1\",\"name\":\"Aufa  Mutawakkil\"}',	'::1',	'2015-12-02 21:44:20'),
(26,	1,	'login',	'{\"customer_id\":\"1\",\"name\":\"Aufa  Mutawakkil\"}',	'::1',	'2016-02-18 06:13:13'),
(27,	1,	'order_account',	'{\"customer_id\":\"1\",\"name\":\"Aufa  Mutawakkil\",\"order_id\":1014}',	'::1',	'2016-02-18 06:13:34');

DROP TABLE IF EXISTS `tk_customer_group`;
CREATE TABLE `tk_customer_group` (
  `customer_group_id` int(11) NOT NULL AUTO_INCREMENT,
  `approval` int(1) NOT NULL,
  `sort_order` int(3) NOT NULL,
  PRIMARY KEY (`customer_group_id`)
) ENGINE=MyISAM DEFAULT CHARSET=utf8;

INSERT INTO `tk_customer_group` (`customer_group_id`, `approval`, `sort_order`) VALUES
(1,	0,	1);

DROP TABLE IF EXISTS `tk_customer_group_description`;
CREATE TABLE `tk_customer_group_description` (
  `customer_group_id` int(11) NOT NULL,
  `language_id` int(11) NOT NULL,
  `name` varchar(32) NOT NULL,
  `description` text NOT NULL,
  PRIMARY KEY (`customer_group_id`,`language_id`)
) ENGINE=MyISAM DEFAULT CHARSET=utf8;

INSERT INTO `tk_customer_group_description` (`customer_group_id`, `language_id`, `name`, `description`) VALUES
(1,	1,	'Default',	'test'),
(1,	2,	'Default',	'test');

DROP TABLE IF EXISTS `tk_customer_history`;
CREATE TABLE `tk_customer_history` (
  `customer_history_id` int(11) NOT NULL AUTO_INCREMENT,
  `customer_id` int(11) NOT NULL,
  `comment` text NOT NULL,
  `date_added` datetime NOT NULL,
  PRIMARY KEY (`customer_history_id`)
) ENGINE=MyISAM DEFAULT CHARSET=utf8;


DROP TABLE IF EXISTS `tk_customer_ip`;
CREATE TABLE `tk_customer_ip` (
  `customer_ip_id` int(11) NOT NULL AUTO_INCREMENT,
  `customer_id` int(11) NOT NULL,
  `ip` varchar(40) NOT NULL,
  `date_added` datetime NOT NULL,
  PRIMARY KEY (`customer_ip_id`),
  KEY `ip` (`ip`)
) ENGINE=MyISAM DEFAULT CHARSET=utf8;

INSERT INTO `tk_customer_ip` (`customer_ip_id`, `customer_id`, `ip`, `date_added`) VALUES
(1,	1,	'::1',	'2015-10-23 09:08:34'),
(2,	2,	'::1',	'2015-11-15 09:06:28');

DROP TABLE IF EXISTS `tk_customer_login`;
CREATE TABLE `tk_customer_login` (
  `customer_login_id` int(11) NOT NULL AUTO_INCREMENT,
  `email` varchar(96) NOT NULL,
  `ip` varchar(40) NOT NULL,
  `total` int(4) NOT NULL,
  `date_added` datetime NOT NULL,
  `date_modified` datetime NOT NULL,
  PRIMARY KEY (`customer_login_id`),
  KEY `email` (`email`),
  KEY `ip` (`ip`)
) ENGINE=MyISAM DEFAULT CHARSET=utf8;

INSERT INTO `tk_customer_login` (`customer_login_id`, `email`, `ip`, `total`, `date_added`, `date_modified`) VALUES
(1,	'aufacoder@gmail.com',	'::1',	1,	'2015-10-23 14:05:22',	'2015-10-23 14:05:22'),
(2,	'aufamutawakkil',	'::1',	1,	'2015-10-24 12:17:13',	'2015-10-24 12:17:13'),
(3,	'admin',	'::1',	2,	'2015-11-03 22:08:38',	'2016-02-18 06:11:59'),
(5,	'aufa',	'::1',	1,	'2015-11-13 18:11:53',	'2015-11-13 18:11:53');

DROP TABLE IF EXISTS `tk_customer_online`;
CREATE TABLE `tk_customer_online` (
  `ip` varchar(40) NOT NULL,
  `customer_id` int(11) NOT NULL,
  `url` text NOT NULL,
  `referer` text NOT NULL,
  `date_added` datetime NOT NULL,
  PRIMARY KEY (`ip`)
) ENGINE=MyISAM DEFAULT CHARSET=utf8;


DROP TABLE IF EXISTS `tk_customer_reward`;
CREATE TABLE `tk_customer_reward` (
  `customer_reward_id` int(11) NOT NULL AUTO_INCREMENT,
  `customer_id` int(11) NOT NULL DEFAULT '0',
  `order_id` int(11) NOT NULL DEFAULT '0',
  `description` text NOT NULL,
  `points` int(8) NOT NULL DEFAULT '0',
  `date_added` datetime NOT NULL,
  PRIMARY KEY (`customer_reward_id`)
) ENGINE=MyISAM DEFAULT CHARSET=utf8;


DROP TABLE IF EXISTS `tk_customer_transaction`;
CREATE TABLE `tk_customer_transaction` (
  `customer_transaction_id` int(11) NOT NULL AUTO_INCREMENT,
  `customer_id` int(11) NOT NULL,
  `order_id` int(11) NOT NULL,
  `description` text NOT NULL,
  `amount` decimal(15,4) NOT NULL,
  `date_added` datetime NOT NULL,
  PRIMARY KEY (`customer_transaction_id`)
) ENGINE=MyISAM DEFAULT CHARSET=utf8;


DROP TABLE IF EXISTS `tk_customer_wishlist`;
CREATE TABLE `tk_customer_wishlist` (
  `customer_id` int(11) NOT NULL,
  `product_id` int(11) NOT NULL,
  `date_added` datetime NOT NULL,
  PRIMARY KEY (`customer_id`,`product_id`)
) ENGINE=MyISAM DEFAULT CHARSET=utf8;

INSERT INTO `tk_customer_wishlist` (`customer_id`, `product_id`, `date_added`) VALUES
(1,	55,	'2015-11-13 18:12:03');

DROP TABLE IF EXISTS `tk_custom_field`;
CREATE TABLE `tk_custom_field` (
  `custom_field_id` int(11) NOT NULL AUTO_INCREMENT,
  `type` varchar(32) NOT NULL,
  `value` text NOT NULL,
  `location` varchar(7) NOT NULL,
  `status` tinyint(1) NOT NULL,
  `sort_order` int(3) NOT NULL,
  PRIMARY KEY (`custom_field_id`)
) ENGINE=MyISAM DEFAULT CHARSET=utf8;


DROP TABLE IF EXISTS `tk_custom_field_customer_group`;
CREATE TABLE `tk_custom_field_customer_group` (
  `custom_field_id` int(11) NOT NULL,
  `customer_group_id` int(11) NOT NULL,
  `required` tinyint(1) NOT NULL,
  PRIMARY KEY (`custom_field_id`,`customer_group_id`)
) ENGINE=MyISAM DEFAULT CHARSET=utf8;


DROP TABLE IF EXISTS `tk_custom_field_description`;
CREATE TABLE `tk_custom_field_description` (
  `custom_field_id` int(11) NOT NULL,
  `language_id` int(11) NOT NULL,
  `name` varchar(128) NOT NULL,
  PRIMARY KEY (`custom_field_id`,`language_id`)
) ENGINE=MyISAM DEFAULT CHARSET=utf8;


DROP TABLE IF EXISTS `tk_custom_field_value`;
CREATE TABLE `tk_custom_field_value` (
  `custom_field_value_id` int(11) NOT NULL AUTO_INCREMENT,
  `custom_field_id` int(11) NOT NULL,
  `sort_order` int(3) NOT NULL,
  PRIMARY KEY (`custom_field_value_id`)
) ENGINE=MyISAM DEFAULT CHARSET=utf8;


DROP TABLE IF EXISTS `tk_custom_field_value_description`;
CREATE TABLE `tk_custom_field_value_description` (
  `custom_field_value_id` int(11) NOT NULL,
  `language_id` int(11) NOT NULL,
  `custom_field_id` int(11) NOT NULL,
  `name` varchar(128) NOT NULL,
  PRIMARY KEY (`custom_field_value_id`,`language_id`)
) ENGINE=MyISAM DEFAULT CHARSET=utf8;


DROP TABLE IF EXISTS `tk_download`;
CREATE TABLE `tk_download` (
  `download_id` int(11) NOT NULL AUTO_INCREMENT,
  `filename` varchar(128) NOT NULL,
  `mask` varchar(128) NOT NULL,
  `date_added` datetime NOT NULL,
  PRIMARY KEY (`download_id`)
) ENGINE=MyISAM DEFAULT CHARSET=utf8;


DROP TABLE IF EXISTS `tk_download_description`;
CREATE TABLE `tk_download_description` (
  `download_id` int(11) NOT NULL,
  `language_id` int(11) NOT NULL,
  `name` varchar(64) NOT NULL,
  PRIMARY KEY (`download_id`,`language_id`)
) ENGINE=MyISAM DEFAULT CHARSET=utf8;


DROP TABLE IF EXISTS `tk_event`;
CREATE TABLE `tk_event` (
  `event_id` int(11) NOT NULL AUTO_INCREMENT,
  `code` varchar(32) NOT NULL,
  `trigger` text NOT NULL,
  `action` text NOT NULL,
  PRIMARY KEY (`event_id`)
) ENGINE=MyISAM DEFAULT CHARSET=utf8;

INSERT INTO `tk_event` (`event_id`, `code`, `trigger`, `action`) VALUES
(1,	'voucher',	'post.order.history.add',	'total/voucher/send');

DROP TABLE IF EXISTS `tk_extension`;
CREATE TABLE `tk_extension` (
  `extension_id` int(11) NOT NULL AUTO_INCREMENT,
  `type` varchar(32) NOT NULL,
  `code` varchar(32) NOT NULL,
  PRIMARY KEY (`extension_id`)
) ENGINE=MyISAM DEFAULT CHARSET=utf8;

INSERT INTO `tk_extension` (`extension_id`, `type`, `code`) VALUES
(1,	'payment',	'cod'),
(2,	'total',	'shipping'),
(3,	'total',	'sub_total'),
(4,	'total',	'tax'),
(5,	'total',	'total'),
(35,	'module',	'banner'),
(29,	'module',	'slideshow'),
(8,	'total',	'credit'),
(9,	'shipping',	'flat'),
(10,	'total',	'handling'),
(11,	'total',	'low_order_fee'),
(12,	'total',	'coupon'),
(33,	'module',	'html'),
(14,	'module',	'account'),
(15,	'total',	'reward'),
(16,	'total',	'voucher'),
(17,	'payment',	'free_checkout'),
(20,	'feed',	'storeya'),
(34,	'module',	'special'),
(36,	'module',	'carousel'),
(30,	'module',	'store'),
(31,	'module',	'affiliate'),
(37,	'module',	'featured');

DROP TABLE IF EXISTS `tk_filter`;
CREATE TABLE `tk_filter` (
  `filter_id` int(11) NOT NULL AUTO_INCREMENT,
  `filter_group_id` int(11) NOT NULL,
  `sort_order` int(3) NOT NULL,
  PRIMARY KEY (`filter_id`)
) ENGINE=MyISAM DEFAULT CHARSET=utf8;


DROP TABLE IF EXISTS `tk_filter_description`;
CREATE TABLE `tk_filter_description` (
  `filter_id` int(11) NOT NULL,
  `language_id` int(11) NOT NULL,
  `filter_group_id` int(11) NOT NULL,
  `name` varchar(64) NOT NULL,
  PRIMARY KEY (`filter_id`,`language_id`)
) ENGINE=MyISAM DEFAULT CHARSET=utf8;


DROP TABLE IF EXISTS `tk_filter_group`;
CREATE TABLE `tk_filter_group` (
  `filter_group_id` int(11) NOT NULL AUTO_INCREMENT,
  `sort_order` int(3) NOT NULL,
  PRIMARY KEY (`filter_group_id`)
) ENGINE=MyISAM DEFAULT CHARSET=utf8;


DROP TABLE IF EXISTS `tk_filter_group_description`;
CREATE TABLE `tk_filter_group_description` (
  `filter_group_id` int(11) NOT NULL,
  `language_id` int(11) NOT NULL,
  `name` varchar(64) NOT NULL,
  PRIMARY KEY (`filter_group_id`,`language_id`)
) ENGINE=MyISAM DEFAULT CHARSET=utf8;


DROP TABLE IF EXISTS `tk_geo_zone`;
CREATE TABLE `tk_geo_zone` (
  `geo_zone_id` int(11) NOT NULL AUTO_INCREMENT,
  `name` varchar(32) NOT NULL,
  `description` varchar(255) NOT NULL,
  `date_modified` datetime NOT NULL,
  `date_added` datetime NOT NULL,
  PRIMARY KEY (`geo_zone_id`)
) ENGINE=MyISAM DEFAULT CHARSET=utf8;

INSERT INTO `tk_geo_zone` (`geo_zone_id`, `name`, `description`, `date_modified`, `date_added`) VALUES
(3,	'UK VAT Zone',	'UK VAT',	'2010-02-26 22:33:24',	'2009-01-06 23:26:25'),
(4,	'UK Shipping',	'UK Shipping Zones',	'2010-12-15 15:18:13',	'2009-06-23 01:14:53');

DROP TABLE IF EXISTS `tk_grid_banner`;
CREATE TABLE `tk_grid_banner` (
  `id` int(11) NOT NULL AUTO_INCREMENT,
  `template` text NOT NULL,
  `path_img` text NOT NULL,
  `url` text NOT NULL,
  PRIMARY KEY (`id`)
) ENGINE=InnoDB DEFAULT CHARSET=utf8;


DROP TABLE IF EXISTS `tk_information`;
CREATE TABLE `tk_information` (
  `information_id` int(11) NOT NULL AUTO_INCREMENT,
  `bottom` int(1) NOT NULL DEFAULT '0',
  `sort_order` int(3) NOT NULL DEFAULT '0',
  `status` tinyint(1) NOT NULL DEFAULT '1',
  PRIMARY KEY (`information_id`)
) ENGINE=MyISAM DEFAULT CHARSET=utf8;

INSERT INTO `tk_information` (`information_id`, `bottom`, `sort_order`, `status`) VALUES
(3,	1,	3,	1),
(4,	1,	1,	1),
(5,	1,	4,	1),
(6,	1,	2,	1),
(7,	0,	0,	1);

DROP TABLE IF EXISTS `tk_information_description`;
CREATE TABLE `tk_information_description` (
  `information_id` int(11) NOT NULL,
  `language_id` int(11) NOT NULL,
  `title` varchar(64) NOT NULL,
  `description` text NOT NULL,
  `meta_title` varchar(255) NOT NULL,
  `meta_description` varchar(255) NOT NULL,
  `meta_keyword` varchar(255) NOT NULL,
  PRIMARY KEY (`information_id`,`language_id`)
) ENGINE=MyISAM DEFAULT CHARSET=utf8;

INSERT INTO `tk_information_description` (`information_id`, `language_id`, `title`, `description`, `meta_title`, `meta_description`, `meta_keyword`) VALUES
(5,	1,	'Terms &amp; Conditions',	'&lt;p&gt;\r\n	Terms &amp;amp; Conditions&lt;/p&gt;\r\n',	'',	'',	''),
(3,	1,	'Privacy Policy',	'&lt;p&gt;\r\n	Privacy Policy&lt;/p&gt;\r\n',	'',	'',	''),
(6,	1,	'Delivery Information',	'&lt;p&gt;\r\n	Delivery Information&lt;/p&gt;\r\n',	'',	'',	''),
(4,	2,	'About Us',	'&lt;p&gt;\r\n	Hei ini juga tentang kita&lt;/p&gt;\r\n',	'About Us',	'',	''),
(5,	2,	'Terms &amp; Conditions',	'&lt;p&gt;\r\n	Terms &amp;amp; Conditions&lt;/p&gt;\r\n',	'',	'',	''),
(3,	2,	'Privacy Policy',	'&lt;p&gt;\r\n	Privacy Policy&lt;/p&gt;\r\n',	'',	'',	''),
(6,	2,	'Delivery Information',	'&lt;p&gt;\r\n	Delivery Information&lt;/p&gt;\r\n',	'',	'',	''),
(4,	1,	'About Us',	'&lt;p&gt;\r\n	Hei ini tentang kita&lt;/p&gt;\r\n',	'About Us',	'',	''),
(7,	3,	'oke gan',	'&lt;p&gt;&lt;br&gt;&lt;/p&gt;',	'oke gan',	'',	''),
(7,	2,	'oke gan',	'&lt;p&gt;oke gan&lt;/p&gt;',	'oke gan',	'',	'');

DROP TABLE IF EXISTS `tk_information_to_layout`;
CREATE TABLE `tk_information_to_layout` (
  `information_id` int(11) NOT NULL,
  `store_id` int(11) NOT NULL,
  `layout_id` int(11) NOT NULL,
  PRIMARY KEY (`information_id`,`store_id`)
) ENGINE=MyISAM DEFAULT CHARSET=utf8;

INSERT INTO `tk_information_to_layout` (`information_id`, `store_id`, `layout_id`) VALUES
(4,	0,	0),
(7,	0,	0);

DROP TABLE IF EXISTS `tk_information_to_store`;
CREATE TABLE `tk_information_to_store` (
  `information_id` int(11) NOT NULL,
  `store_id` int(11) NOT NULL,
  PRIMARY KEY (`information_id`,`store_id`)
) ENGINE=MyISAM DEFAULT CHARSET=utf8;

INSERT INTO `tk_information_to_store` (`information_id`, `store_id`) VALUES
(3,	0),
(4,	0),
(5,	0),
(6,	0),
(7,	0);

DROP TABLE IF EXISTS `tk_language`;
CREATE TABLE `tk_language` (
  `language_id` int(11) NOT NULL AUTO_INCREMENT,
  `name` varchar(32) NOT NULL,
  `code` varchar(5) NOT NULL,
  `locale` varchar(255) NOT NULL,
  `image` varchar(64) NOT NULL,
  `directory` varchar(32) NOT NULL,
  `sort_order` int(3) NOT NULL DEFAULT '0',
  `status` tinyint(1) NOT NULL,
  PRIMARY KEY (`language_id`),
  KEY `name` (`name`)
) ENGINE=MyISAM DEFAULT CHARSET=utf8;

INSERT INTO `tk_language` (`language_id`, `name`, `code`, `locale`, `image`, `directory`, `sort_order`, `status`) VALUES
(3,	'English',	'en',	'en_US.UTF-8,en_US,en_gb,english',	'gb.png',	'english',	2,	1),
(2,	'Indonesia',	'id',	'id_ID.UTF-8,id_ID,id-id,indonesia',	'id.png',	'indonesia',	1,	1);

DROP TABLE IF EXISTS `tk_layout`;
CREATE TABLE `tk_layout` (
  `layout_id` int(11) NOT NULL AUTO_INCREMENT,
  `name` varchar(64) NOT NULL,
  PRIMARY KEY (`layout_id`)
) ENGINE=MyISAM DEFAULT CHARSET=utf8;

INSERT INTO `tk_layout` (`layout_id`, `name`) VALUES
(1,	'Halaman Utama'),
(2,	'Produk'),
(3,	'Koleksi'),
(4,	'Default'),
(5,	'Brands'),
(6,	'Akun'),
(7,	'Checkout'),
(8,	'Kontak'),
(11,	'Informasi'),
(12,	'Perbandingan'),
(13,	'Pencarian');

DROP TABLE IF EXISTS `tk_layout_module`;
CREATE TABLE `tk_layout_module` (
  `layout_module_id` int(11) NOT NULL AUTO_INCREMENT,
  `layout_id` int(11) NOT NULL,
  `code` varchar(64) NOT NULL,
  `position` varchar(14) NOT NULL,
  `sort_order` int(3) NOT NULL,
  PRIMARY KEY (`layout_module_id`)
) ENGINE=MyISAM DEFAULT CHARSET=utf8;

INSERT INTO `tk_layout_module` (`layout_module_id`, `layout_id`, `code`, `position`, `sort_order`) VALUES
(131,	6,	'account',	'column_right',	1),
(147,	1,	'featured.43',	'content_top',	2),
(146,	1,	'slideshow.37',	'content_top',	1),
(145,	1,	'carousel.39',	'content_top',	3);

DROP TABLE IF EXISTS `tk_layout_route`;
CREATE TABLE `tk_layout_route` (
  `layout_route_id` int(11) NOT NULL AUTO_INCREMENT,
  `layout_id` int(11) NOT NULL,
  `store_id` int(11) NOT NULL,
  `route` varchar(255) NOT NULL,
  PRIMARY KEY (`layout_route_id`)
) ENGINE=MyISAM DEFAULT CHARSET=utf8;

INSERT INTO `tk_layout_route` (`layout_route_id`, `layout_id`, `store_id`, `route`) VALUES
(67,	6,	0,	'account/%'),
(68,	3,	0,	'product/category'),
(79,	1,	0,	'common/home'),
(74,	2,	0,	'product/product'),
(72,	11,	0,	'information/information'),
(23,	7,	0,	'checkout/%'),
(70,	8,	0,	'information/contact'),
(34,	4,	0,	''),
(73,	5,	0,	'product/manufacturer'),
(69,	12,	0,	'product/compare'),
(75,	13,	0,	'product/search');

DROP TABLE IF EXISTS `tk_length_class`;
CREATE TABLE `tk_length_class` (
  `length_class_id` int(11) NOT NULL AUTO_INCREMENT,
  `value` decimal(15,8) NOT NULL,
  PRIMARY KEY (`length_class_id`)
) ENGINE=MyISAM DEFAULT CHARSET=utf8;

INSERT INTO `tk_length_class` (`length_class_id`, `value`) VALUES
(1,	1.00000000),
(2,	10.00000000),
(3,	0.39370000);

DROP TABLE IF EXISTS `tk_length_class_description`;
CREATE TABLE `tk_length_class_description` (
  `length_class_id` int(11) NOT NULL AUTO_INCREMENT,
  `language_id` int(11) NOT NULL,
  `title` varchar(32) NOT NULL,
  `unit` varchar(4) NOT NULL,
  PRIMARY KEY (`length_class_id`,`language_id`)
) ENGINE=MyISAM DEFAULT CHARSET=utf8;

INSERT INTO `tk_length_class_description` (`length_class_id`, `language_id`, `title`, `unit`) VALUES
(1,	1,	'Centimeter',	'cm'),
(2,	1,	'Millimeter',	'mm'),
(3,	1,	'Inch',	'in'),
(1,	2,	'Centimeter',	'cm'),
(2,	2,	'Millimeter',	'mm'),
(3,	2,	'Inch',	'in');

DROP TABLE IF EXISTS `tk_location`;
CREATE TABLE `tk_location` (
  `location_id` int(11) NOT NULL AUTO_INCREMENT,
  `name` varchar(32) NOT NULL,
  `address` text NOT NULL,
  `telephone` varchar(32) NOT NULL,
  `fax` varchar(32) NOT NULL,
  `geocode` varchar(32) NOT NULL,
  `image` varchar(255) DEFAULT NULL,
  `open` text NOT NULL,
  `comment` text NOT NULL,
  PRIMARY KEY (`location_id`),
  KEY `name` (`name`)
) ENGINE=MyISAM DEFAULT CHARSET=utf8;


DROP TABLE IF EXISTS `tk_manufacturer`;
CREATE TABLE `tk_manufacturer` (
  `manufacturer_id` int(11) NOT NULL AUTO_INCREMENT,
  `name` varchar(64) NOT NULL,
  `image` varchar(255) DEFAULT NULL,
  `sort_order` int(3) NOT NULL,
  PRIMARY KEY (`manufacturer_id`)
) ENGINE=MyISAM DEFAULT CHARSET=utf8;

INSERT INTO `tk_manufacturer` (`manufacturer_id`, `name`, `image`, `sort_order`) VALUES
(14,	'Power Ranger',	'catalog/logo power.png',	0),
(13,	'Hot Wheels',	'catalog/logo hotwheels.png',	1);

DROP TABLE IF EXISTS `tk_manufacturer_to_store`;
CREATE TABLE `tk_manufacturer_to_store` (
  `manufacturer_id` int(11) NOT NULL,
  `store_id` int(11) NOT NULL,
  PRIMARY KEY (`manufacturer_id`,`store_id`)
) ENGINE=MyISAM DEFAULT CHARSET=utf8;

INSERT INTO `tk_manufacturer_to_store` (`manufacturer_id`, `store_id`) VALUES
(13,	0),
(14,	0);

DROP TABLE IF EXISTS `tk_marketing`;
CREATE TABLE `tk_marketing` (
  `marketing_id` int(11) NOT NULL AUTO_INCREMENT,
  `name` varchar(32) NOT NULL,
  `description` text NOT NULL,
  `code` varchar(64) NOT NULL,
  `clicks` int(5) NOT NULL DEFAULT '0',
  `date_added` datetime NOT NULL,
  PRIMARY KEY (`marketing_id`)
) ENGINE=MyISAM DEFAULT CHARSET=utf8;


DROP TABLE IF EXISTS `tk_modification`;
CREATE TABLE `tk_modification` (
  `modification_id` int(11) NOT NULL AUTO_INCREMENT,
  `name` varchar(64) NOT NULL,
  `code` varchar(64) NOT NULL,
  `author` varchar(64) NOT NULL,
  `version` varchar(32) NOT NULL,
  `link` varchar(255) NOT NULL,
  `xml` text NOT NULL,
  `status` tinyint(1) NOT NULL,
  `date_added` datetime NOT NULL,
  PRIMARY KEY (`modification_id`)
) ENGINE=MyISAM DEFAULT CHARSET=utf8;


DROP TABLE IF EXISTS `tk_module`;
CREATE TABLE `tk_module` (
  `module_id` int(11) NOT NULL AUTO_INCREMENT,
  `name` varchar(64) NOT NULL,
  `code` varchar(32) NOT NULL,
  `setting` text NOT NULL,
  PRIMARY KEY (`module_id`)
) ENGINE=MyISAM DEFAULT CHARSET=utf8;

INSERT INTO `tk_module` (`module_id`, `name`, `code`, `setting`) VALUES
(37,	'Slideshow',	'slideshow',	'{\"name\":\"Slideshow\",\"banner_id\":\"7\",\"width\":\"900\",\"height\":\"300\",\"control\":\"0\",\"status\":\"1\"}'),
(38,	'MyModul',	'banner',	'{\"name\":\"MyModul\",\"banner_id\":\"6\",\"width\":\"900\",\"height\":\"300\",\"status\":\"1\"}'),
(39,	'Carousel',	'carousel',	'{\"name\":\"Carousel\",\"banner_id\":\"8\",\"width\":\"100\",\"height\":\"100\",\"status\":\"1\"}'),
(42,	'coba html',	'html',	'{\"name\":\"coba html\",\"module_description\":{\"1\":{\"title\":\"test\",\"description\":\"&lt;p&gt;&amp;lt;html&amp;gt;&lt;\\/p&gt;&lt;p&gt;&amp;nbsp;&amp;nbsp;&amp;nbsp;&amp;nbsp;&amp;nbsp;&amp;nbsp;&amp;nbsp;&amp;nbsp;&amp;nbsp; &amp;nbsp; &amp;lt;head&amp;gt;&amp;lt;\\/head&amp;gt;&lt;\\/p&gt;&lt;p&gt;&amp;nbsp;&amp;nbsp;&amp;nbsp;&amp;nbsp;&amp;nbsp;&amp;nbsp;&amp;nbsp;&amp;nbsp;&amp;nbsp; &amp;nbsp; &amp;lt;body style=\'width:100px;height:100px;display:block;background:blue\'&amp;gt;&amp;lt;\\/body&amp;gt;&lt;br&gt;&lt;\\/p&gt;&lt;p&gt;&amp;lt;\\/html&amp;gt;&lt;\\/p&gt;\"},\"2\":{\"title\":\"test\",\"description\":\"&lt;p style=&quot;line-height: 17.1428px;&quot;&gt;&amp;lt;html&amp;gt;&lt;\\/p&gt;&lt;p style=&quot;line-height: 17.1428px;&quot;&gt;&amp;nbsp;&amp;nbsp;&amp;nbsp;&amp;nbsp;&amp;nbsp;&amp;nbsp;&amp;nbsp;&amp;nbsp;&amp;nbsp; &amp;nbsp; &amp;lt;head&amp;gt;&amp;lt;\\/head&amp;gt;&lt;\\/p&gt;&lt;p style=&quot;line-height: 17.1428px;&quot;&gt;&amp;nbsp;&amp;nbsp;&amp;nbsp;&amp;nbsp;&amp;nbsp;&amp;nbsp;&amp;nbsp;&amp;nbsp;&amp;nbsp; &amp;nbsp; &amp;lt;body style=\'width:100px;height:100px;display:block;background:blue\'&amp;gt;&amp;lt;\\/body&amp;gt;&lt;br&gt;&lt;\\/p&gt;&lt;p style=&quot;line-height: 17.1428px;&quot;&gt;&amp;lt;\\/html&amp;gt;&lt;\\/p&gt;\"}},\"status\":\"1\"}'),
(43,	'Car Toys',	'featured',	'{\"name\":\"Car Toys\",\"product\":[\"56\",\"55\",\"60\",\"53\",\"58\",\"59\",\"57\",\"66\"],\"limit\":\"8\",\"width\":\"200\",\"height\":\"200\",\"status\":\"1\"}');

DROP TABLE IF EXISTS `tk_option`;
CREATE TABLE `tk_option` (
  `option_id` int(11) NOT NULL AUTO_INCREMENT,
  `type` varchar(32) NOT NULL,
  `sort_order` int(3) NOT NULL,
  PRIMARY KEY (`option_id`)
) ENGINE=MyISAM DEFAULT CHARSET=utf8;

INSERT INTO `tk_option` (`option_id`, `type`, `sort_order`) VALUES
(5,	'checkbox',	1),
(11,	'checkbox',	2),
(13,	'checkbox',	3);

DROP TABLE IF EXISTS `tk_option_description`;
CREATE TABLE `tk_option_description` (
  `option_id` int(11) NOT NULL,
  `language_id` int(11) NOT NULL,
  `name` varchar(128) NOT NULL,
  PRIMARY KEY (`option_id`,`language_id`)
) ENGINE=MyISAM DEFAULT CHARSET=utf8;

INSERT INTO `tk_option_description` (`option_id`, `language_id`, `name`) VALUES
(5,	2,	'Material/Bahan'),
(5,	3,	'Material/Bahan'),
(11,	2,	'Ukuran'),
(11,	3,	'Ukuran'),
(13,	2,	'Warna'),
(13,	3,	'Warna');

DROP TABLE IF EXISTS `tk_option_value`;
CREATE TABLE `tk_option_value` (
  `option_value_id` int(11) NOT NULL AUTO_INCREMENT,
  `option_id` int(11) NOT NULL,
  `image` varchar(255) NOT NULL,
  `sort_order` int(3) NOT NULL,
  PRIMARY KEY (`option_value_id`)
) ENGINE=MyISAM DEFAULT CHARSET=utf8;

INSERT INTO `tk_option_value` (`option_value_id`, `option_id`, `image`, `sort_order`) VALUES
(70,	11,	'',	6),
(71,	5,	'',	2),
(72,	5,	'',	1),
(69,	11,	'',	5),
(68,	11,	'',	4),
(48,	11,	'',	3),
(47,	11,	'',	2),
(46,	11,	'',	1),
(67,	13,	'',	0),
(50,	13,	'',	0),
(49,	13,	'',	0),
(52,	13,	'',	0),
(53,	13,	'',	0),
(54,	13,	'',	0),
(55,	13,	'',	0),
(56,	13,	'',	0),
(57,	13,	'',	0),
(58,	13,	'',	0),
(59,	13,	'',	0),
(60,	13,	'',	0),
(61,	13,	'',	0),
(62,	13,	'',	0),
(63,	13,	'',	0),
(64,	13,	'',	0),
(65,	13,	'',	0),
(66,	13,	'',	0),
(51,	13,	'',	0);

DROP TABLE IF EXISTS `tk_option_value_description`;
CREATE TABLE `tk_option_value_description` (
  `option_value_id` int(11) NOT NULL,
  `language_id` int(11) NOT NULL,
  `option_id` int(11) NOT NULL,
  `name` varchar(128) NOT NULL,
  PRIMARY KEY (`option_value_id`,`language_id`)
) ENGINE=MyISAM DEFAULT CHARSET=utf8;

INSERT INTO `tk_option_value_description` (`option_value_id`, `language_id`, `option_id`, `name`) VALUES
(70,	3,	11,	'XXXL'),
(70,	2,	11,	'XXXL'),
(50,	3,	13,	'Biru'),
(67,	2,	13,	'Zaitun'),
(67,	3,	13,	'Zaitun'),
(69,	3,	11,	'XXL'),
(69,	2,	11,	'XXL'),
(68,	3,	11,	'XL'),
(68,	2,	11,	'XL'),
(48,	3,	11,	'L'),
(48,	2,	11,	'L'),
(47,	3,	11,	'M'),
(71,	3,	5,	'Sutra'),
(71,	2,	5,	'Sutra'),
(72,	3,	5,	'Wols'),
(72,	2,	5,	'Wols'),
(47,	2,	11,	'M'),
(46,	3,	11,	'S'),
(46,	2,	11,	'S'),
(50,	2,	13,	'Biru'),
(49,	3,	13,	'Merah'),
(49,	2,	13,	'Merah'),
(52,	3,	13,	'Abu-abu'),
(52,	2,	13,	'Abu-abu'),
(53,	3,	13,	'Biru Dongker'),
(53,	2,	13,	'Biru Dongker'),
(54,	3,	13,	'Biru Laut'),
(54,	2,	13,	'Biru Laut'),
(55,	3,	13,	'Coklat'),
(55,	2,	13,	'Coklat'),
(56,	3,	13,	'Emas'),
(56,	2,	13,	'Emas'),
(57,	3,	13,	'Hijau'),
(57,	2,	13,	'Hijau'),
(58,	3,	13,	'Hitam'),
(58,	2,	13,	'Hitam'),
(59,	3,	13,	'Magenta'),
(59,	2,	13,	'Magenta'),
(60,	3,	13,	'Merah marun'),
(60,	2,	13,	'Merah marun'),
(61,	3,	13,	'Merah Jambu'),
(61,	2,	13,	'Merah Jambu'),
(62,	3,	13,	'Nila'),
(62,	2,	13,	'Nila'),
(63,	3,	13,	'Oranye'),
(63,	2,	13,	'Oranye'),
(64,	3,	13,	'Putih'),
(64,	2,	13,	'Putih'),
(65,	3,	13,	'Ungu'),
(65,	2,	13,	'Ungu'),
(66,	3,	13,	'Violet'),
(66,	2,	13,	'Violet'),
(51,	3,	13,	'Kuning'),
(51,	2,	13,	'Kuning');

DROP TABLE IF EXISTS `tk_order`;
CREATE TABLE `tk_order` (
  `order_id` int(11) NOT NULL AUTO_INCREMENT,
  `invoice_no` int(11) NOT NULL DEFAULT '0',
  `invoice_prefix` varchar(26) NOT NULL,
  `store_id` int(11) NOT NULL DEFAULT '0',
  `store_name` varchar(64) NOT NULL,
  `store_url` varchar(255) NOT NULL,
  `customer_id` int(11) NOT NULL DEFAULT '0',
  `customer_group_id` int(11) NOT NULL DEFAULT '0',
  `firstname` varchar(32) NOT NULL,
  `lastname` varchar(32) NOT NULL,
  `email` varchar(96) NOT NULL,
  `telephone` varchar(32) NOT NULL,
  `fax` varchar(32) NOT NULL,
  `custom_field` text NOT NULL,
  `payment_firstname` varchar(32) NOT NULL,
  `payment_lastname` varchar(32) NOT NULL,
  `payment_company` varchar(40) NOT NULL,
  `payment_address_1` varchar(128) NOT NULL,
  `payment_address_2` varchar(128) NOT NULL,
  `payment_city` varchar(128) NOT NULL,
  `payment_postcode` varchar(10) NOT NULL,
  `payment_country` varchar(128) NOT NULL,
  `payment_country_id` int(11) NOT NULL,
  `payment_zone` varchar(128) NOT NULL,
  `payment_zone_id` int(11) NOT NULL,
  `payment_address_format` text NOT NULL,
  `payment_custom_field` text NOT NULL,
  `payment_method` varchar(128) NOT NULL,
  `payment_code` varchar(128) NOT NULL,
  `shipping_firstname` varchar(32) NOT NULL,
  `shipping_lastname` varchar(32) NOT NULL,
  `shipping_company` varchar(40) NOT NULL,
  `shipping_address_1` varchar(128) NOT NULL,
  `shipping_address_2` varchar(128) NOT NULL,
  `shipping_city` varchar(128) NOT NULL,
  `shipping_postcode` varchar(10) NOT NULL,
  `shipping_country` varchar(128) NOT NULL,
  `shipping_country_id` int(11) NOT NULL,
  `shipping_zone` varchar(128) NOT NULL,
  `shipping_zone_id` int(11) NOT NULL,
  `shipping_address_format` text NOT NULL,
  `shipping_custom_field` text NOT NULL,
  `shipping_method` varchar(128) NOT NULL,
  `shipping_code` varchar(128) NOT NULL,
  `comment` text NOT NULL,
  `total` decimal(15,4) NOT NULL DEFAULT '0.0000',
  `order_status_id` int(11) NOT NULL DEFAULT '0',
  `affiliate_id` int(11) NOT NULL,
  `commission` decimal(15,4) NOT NULL,
  `marketing_id` int(11) NOT NULL,
  `tracking` varchar(64) NOT NULL,
  `language_id` int(11) NOT NULL,
  `currency_id` int(11) NOT NULL,
  `currency_code` varchar(3) NOT NULL,
  `currency_value` decimal(15,8) NOT NULL DEFAULT '1.00000000',
  `ip` varchar(40) NOT NULL,
  `forwarded_ip` varchar(40) NOT NULL,
  `user_agent` varchar(255) NOT NULL,
  `accept_language` varchar(255) NOT NULL,
  `date_added` datetime NOT NULL,
  `date_modified` datetime NOT NULL,
  PRIMARY KEY (`order_id`)
) ENGINE=MyISAM DEFAULT CHARSET=utf8;

INSERT INTO `tk_order` (`order_id`, `invoice_no`, `invoice_prefix`, `store_id`, `store_name`, `store_url`, `customer_id`, `customer_group_id`, `firstname`, `lastname`, `email`, `telephone`, `fax`, `custom_field`, `payment_firstname`, `payment_lastname`, `payment_company`, `payment_address_1`, `payment_address_2`, `payment_city`, `payment_postcode`, `payment_country`, `payment_country_id`, `payment_zone`, `payment_zone_id`, `payment_address_format`, `payment_custom_field`, `payment_method`, `payment_code`, `shipping_firstname`, `shipping_lastname`, `shipping_company`, `shipping_address_1`, `shipping_address_2`, `shipping_city`, `shipping_postcode`, `shipping_country`, `shipping_country_id`, `shipping_zone`, `shipping_zone_id`, `shipping_address_format`, `shipping_custom_field`, `shipping_method`, `shipping_code`, `comment`, `total`, `order_status_id`, `affiliate_id`, `commission`, `marketing_id`, `tracking`, `language_id`, `currency_id`, `currency_code`, `currency_value`, `ip`, `forwarded_ip`, `user_agent`, `accept_language`, `date_added`, `date_modified`) VALUES
(1014,	0,	'INV-2013-00',	0,	'Toys Kingdom',	'http://localhost/tooko/',	1,	1,	'Aufa ',	'Mutawakkil',	'aufamutawakkil@gmail.com',	'085732419681',	'',	'[]',	'Aufa ',	'Mutawakkil',	'',	'Jl Ruko Anyar surabaya timur',	'',	'Surabaya',	'62352',	'Indonesia',	100,	'Jawa Timur',	1517,	'',	'[]',	'Cash On Delivery',	'cod',	'Aufa ',	'Mutawakkil',	'',	'Jl Ruko Anyar surabaya timur',	'',	'Surabaya',	'62352',	'Indonesia',	100,	'Jawa Timur',	1517,	'',	'[]',	'Flat Shipping Rate',	'flat.flat',	'',	112000.0000,	1,	0,	0.0000,	0,	'',	2,	3,	'IDR',	1.00000000,	'::1',	'',	'Mozilla/5.0 (Windows NT 6.3) AppleWebKit/537.36 (KHTML, like Gecko) Chrome/48.0.2564.109 Safari/537.36',	'en-US,en;q=0.8',	'2016-02-18 06:13:28',	'2016-02-18 06:13:32'),
(901,	901,	'INV-2013-00',	901,	'Your Store',	'http://localhost/tooko/',	1,	1,	'Aufa',	'Mutawakkil',	'aufamutawakkil@gmail.com',	'085732419681',	'0',	'[]',	'Aufa',	'Mutawakkil',	'IPaymu',	'Jl Ruko Anyar surabaya timur',	'Jl Ruko Anyar surabaya timur',	'Surabaya',	'62352',	'Indonesia',	100,	'',	0,	'[]',	'[]',	'Cash On Delivery',	'cod',	'Aufa',	'Mutawakkil',	'Selo Layar',	'Jl Ruko Anyar surabaya timur',	'Jl Ruko Anyar surabaya timur',	'Surabaya',	'62352',	'Indonesia',	100,	'Jawa Timur',	1517,	'Jl Ruko Anyar surabaya timur',	'[]',	'Flat Shipping Rate',	'flat.flat',	'pembelian',	719.9900,	5,	0,	32.1550,	0,	'0',	1,	2,	'USD',	57.61100000,	'::1',	'::1',	'Mozilla/5.0 (Windows NT 6.3; rv:41.0) Gecko/20100101 Firefox/41.0',	'en-US,en;q=0.5',	'2015-08-03 00:00:00',	'0000-00-00 00:00:00'),
(902,	902,	'INV-2013-00',	902,	'Your Store',	'http://localhost/tooko/',	1,	1,	'Aufa',	'Mutawakkil',	'aufamutawakkil@gmail.com',	'085732419681',	'0',	'[]',	'Aufa',	'Mutawakkil',	'IPaymu',	'Jl Ruko Anyar surabaya timur',	'Jl Ruko Anyar surabaya timur',	'Surabaya',	'62352',	'Indonesia',	100,	'',	0,	'[]',	'[]',	'Cash On Delivery',	'cod',	'Aufa',	'Mutawakkil',	'Selo Layar',	'Jl Ruko Anyar surabaya timur',	'Jl Ruko Anyar surabaya timur',	'Surabaya',	'62352',	'Indonesia',	100,	'Jawa Timur',	1517,	'Jl Ruko Anyar surabaya timur',	'[]',	'Flat Shipping Rate',	'flat.flat',	'pembelian',	973.7880,	5,	0,	3.5180,	0,	'0',	1,	2,	'USD',	55.74700000,	'::1',	'::1',	'Mozilla/5.0 (Windows NT 6.3; rv:41.0) Gecko/20100101 Firefox/41.0',	'en-US,en;q=0.5',	'2015-07-01 00:00:00',	'0000-00-00 00:00:00'),
(903,	903,	'INV-2013-00',	903,	'Your Store',	'http://localhost/tooko/',	1,	1,	'Aufa',	'Mutawakkil',	'aufamutawakkil@gmail.com',	'085732419681',	'0',	'[]',	'Aufa',	'Mutawakkil',	'IPaymu',	'Jl Ruko Anyar surabaya timur',	'Jl Ruko Anyar surabaya timur',	'Surabaya',	'62352',	'Indonesia',	100,	'',	0,	'[]',	'[]',	'Cash On Delivery',	'cod',	'Aufa',	'Mutawakkil',	'Selo Layar',	'Jl Ruko Anyar surabaya timur',	'Jl Ruko Anyar surabaya timur',	'Surabaya',	'62352',	'Indonesia',	100,	'Jawa Timur',	1517,	'Jl Ruko Anyar surabaya timur',	'[]',	'Flat Shipping Rate',	'flat.flat',	'pembelian',	892.3070,	5,	0,	7.3200,	0,	'0',	1,	2,	'USD',	80.72300000,	'::1',	'::1',	'Mozilla/5.0 (Windows NT 6.3; rv:41.0) Gecko/20100101 Firefox/41.0',	'en-US,en;q=0.5',	'2015-09-22 00:00:00',	'0000-00-00 00:00:00'),
(904,	904,	'INV-2013-00',	904,	'Your Store',	'http://localhost/tooko/',	1,	1,	'Aufa',	'Mutawakkil',	'aufamutawakkil@gmail.com',	'085732419681',	'0',	'[]',	'Aufa',	'Mutawakkil',	'IPaymu',	'Jl Ruko Anyar surabaya timur',	'Jl Ruko Anyar surabaya timur',	'Surabaya',	'62352',	'Indonesia',	100,	'',	0,	'[]',	'[]',	'Cash On Delivery',	'cod',	'Aufa',	'Mutawakkil',	'Selo Layar',	'Jl Ruko Anyar surabaya timur',	'Jl Ruko Anyar surabaya timur',	'Surabaya',	'62352',	'Indonesia',	100,	'Jawa Timur',	1517,	'Jl Ruko Anyar surabaya timur',	'[]',	'Flat Shipping Rate',	'flat.flat',	'pembelian',	997.5970,	5,	0,	93.2080,	0,	'0',	1,	2,	'USD',	52.44600000,	'::1',	'::1',	'Mozilla/5.0 (Windows NT 6.3; rv:41.0) Gecko/20100101 Firefox/41.0',	'en-US,en;q=0.5',	'2015-07-04 00:00:00',	'0000-00-00 00:00:00'),
(905,	905,	'INV-2013-00',	905,	'Your Store',	'http://localhost/tooko/',	1,	1,	'Aufa',	'Mutawakkil',	'aufamutawakkil@gmail.com',	'085732419681',	'0',	'[]',	'Aufa',	'Mutawakkil',	'IPaymu',	'Jl Ruko Anyar surabaya timur',	'Jl Ruko Anyar surabaya timur',	'Surabaya',	'62352',	'Indonesia',	100,	'',	0,	'[]',	'[]',	'Cash On Delivery',	'cod',	'Aufa',	'Mutawakkil',	'Selo Layar',	'Jl Ruko Anyar surabaya timur',	'Jl Ruko Anyar surabaya timur',	'Surabaya',	'62352',	'Indonesia',	100,	'Jawa Timur',	1517,	'Jl Ruko Anyar surabaya timur',	'[]',	'Flat Shipping Rate',	'flat.flat',	'pembelian',	317.9600,	5,	0,	60.0790,	0,	'0',	1,	2,	'USD',	92.00000000,	'::1',	'::1',	'Mozilla/5.0 (Windows NT 6.3; rv:41.0) Gecko/20100101 Firefox/41.0',	'en-US,en;q=0.5',	'2015-10-08 00:00:00',	'0000-00-00 00:00:00'),
(906,	906,	'INV-2013-00',	906,	'Your Store',	'http://localhost/tooko/',	1,	1,	'Aufa',	'Mutawakkil',	'aufamutawakkil@gmail.com',	'085732419681',	'0',	'[]',	'Aufa',	'Mutawakkil',	'IPaymu',	'Jl Ruko Anyar surabaya timur',	'Jl Ruko Anyar surabaya timur',	'Surabaya',	'62352',	'Indonesia',	100,	'',	0,	'[]',	'[]',	'Cash On Delivery',	'cod',	'Aufa',	'Mutawakkil',	'Selo Layar',	'Jl Ruko Anyar surabaya timur',	'Jl Ruko Anyar surabaya timur',	'Surabaya',	'62352',	'Indonesia',	100,	'Jawa Timur',	1517,	'Jl Ruko Anyar surabaya timur',	'[]',	'Flat Shipping Rate',	'flat.flat',	'pembelian',	997.4510,	5,	0,	26.0590,	0,	'0',	1,	2,	'USD',	75.27200000,	'::1',	'::1',	'Mozilla/5.0 (Windows NT 6.3; rv:41.0) Gecko/20100101 Firefox/41.0',	'en-US,en;q=0.5',	'2015-04-24 00:00:00',	'0000-00-00 00:00:00'),
(907,	907,	'INV-2013-00',	907,	'Your Store',	'http://localhost/tooko/',	1,	1,	'Aufa',	'Mutawakkil',	'aufamutawakkil@gmail.com',	'085732419681',	'0',	'[]',	'Aufa',	'Mutawakkil',	'IPaymu',	'Jl Ruko Anyar surabaya timur',	'Jl Ruko Anyar surabaya timur',	'Surabaya',	'62352',	'Indonesia',	100,	'',	0,	'[]',	'[]',	'Cash On Delivery',	'cod',	'Aufa',	'Mutawakkil',	'Selo Layar',	'Jl Ruko Anyar surabaya timur',	'Jl Ruko Anyar surabaya timur',	'Surabaya',	'62352',	'Indonesia',	100,	'Jawa Timur',	1517,	'Jl Ruko Anyar surabaya timur',	'[]',	'Flat Shipping Rate',	'flat.flat',	'pembelian',	939.2050,	5,	0,	33.2370,	0,	'0',	1,	2,	'USD',	66.41900000,	'::1',	'::1',	'Mozilla/5.0 (Windows NT 6.3; rv:41.0) Gecko/20100101 Firefox/41.0',	'en-US,en;q=0.5',	'2015-04-28 00:00:00',	'0000-00-00 00:00:00'),
(908,	908,	'INV-2013-00',	908,	'Your Store',	'http://localhost/tooko/',	1,	1,	'Aufa',	'Mutawakkil',	'aufamutawakkil@gmail.com',	'085732419681',	'0',	'[]',	'Aufa',	'Mutawakkil',	'IPaymu',	'Jl Ruko Anyar surabaya timur',	'Jl Ruko Anyar surabaya timur',	'Surabaya',	'62352',	'Indonesia',	100,	'',	0,	'[]',	'[]',	'Cash On Delivery',	'cod',	'Aufa',	'Mutawakkil',	'Selo Layar',	'Jl Ruko Anyar surabaya timur',	'Jl Ruko Anyar surabaya timur',	'Surabaya',	'62352',	'Indonesia',	100,	'Jawa Timur',	1517,	'Jl Ruko Anyar surabaya timur',	'[]',	'Flat Shipping Rate',	'flat.flat',	'pembelian',	805.2900,	5,	0,	42.1240,	0,	'0',	1,	2,	'USD',	62.74900000,	'::1',	'::1',	'Mozilla/5.0 (Windows NT 6.3; rv:41.0) Gecko/20100101 Firefox/41.0',	'en-US,en;q=0.5',	'2015-09-27 00:00:00',	'0000-00-00 00:00:00'),
(909,	909,	'INV-2013-00',	909,	'Your Store',	'http://localhost/tooko/',	1,	1,	'Aufa',	'Mutawakkil',	'aufamutawakkil@gmail.com',	'085732419681',	'0',	'[]',	'Aufa',	'Mutawakkil',	'IPaymu',	'Jl Ruko Anyar surabaya timur',	'Jl Ruko Anyar surabaya timur',	'Surabaya',	'62352',	'Indonesia',	100,	'',	0,	'[]',	'[]',	'Cash On Delivery',	'cod',	'Aufa',	'Mutawakkil',	'Selo Layar',	'Jl Ruko Anyar surabaya timur',	'Jl Ruko Anyar surabaya timur',	'Surabaya',	'62352',	'Indonesia',	100,	'Jawa Timur',	1517,	'Jl Ruko Anyar surabaya timur',	'[]',	'Flat Shipping Rate',	'flat.flat',	'pembelian',	863.4140,	5,	0,	42.8400,	0,	'0',	1,	2,	'USD',	89.97900000,	'::1',	'::1',	'Mozilla/5.0 (Windows NT 6.3; rv:41.0) Gecko/20100101 Firefox/41.0',	'en-US,en;q=0.5',	'2015-07-18 00:00:00',	'0000-00-00 00:00:00'),
(910,	910,	'INV-2013-00',	910,	'Your Store',	'http://localhost/tooko/',	1,	1,	'Aufa',	'Mutawakkil',	'aufamutawakkil@gmail.com',	'085732419681',	'0',	'[]',	'Aufa',	'Mutawakkil',	'IPaymu',	'Jl Ruko Anyar surabaya timur',	'Jl Ruko Anyar surabaya timur',	'Surabaya',	'62352',	'Indonesia',	100,	'',	0,	'[]',	'[]',	'Cash On Delivery',	'cod',	'Aufa',	'Mutawakkil',	'Selo Layar',	'Jl Ruko Anyar surabaya timur',	'Jl Ruko Anyar surabaya timur',	'Surabaya',	'62352',	'Indonesia',	100,	'Jawa Timur',	1517,	'Jl Ruko Anyar surabaya timur',	'[]',	'Flat Shipping Rate',	'flat.flat',	'pembelian',	493.6140,	5,	0,	78.7390,	0,	'0',	1,	2,	'USD',	11.60700000,	'::1',	'::1',	'Mozilla/5.0 (Windows NT 6.3; rv:41.0) Gecko/20100101 Firefox/41.0',	'en-US,en;q=0.5',	'2015-07-18 00:00:00',	'0000-00-00 00:00:00'),
(911,	911,	'INV-2013-00',	911,	'Your Store',	'http://localhost/tooko/',	1,	1,	'Aufa',	'Mutawakkil',	'aufamutawakkil@gmail.com',	'085732419681',	'0',	'[]',	'Aufa',	'Mutawakkil',	'IPaymu',	'Jl Ruko Anyar surabaya timur',	'Jl Ruko Anyar surabaya timur',	'Surabaya',	'62352',	'Indonesia',	100,	'',	0,	'[]',	'[]',	'Cash On Delivery',	'cod',	'Aufa',	'Mutawakkil',	'Selo Layar',	'Jl Ruko Anyar surabaya timur',	'Jl Ruko Anyar surabaya timur',	'Surabaya',	'62352',	'Indonesia',	100,	'Jawa Timur',	1517,	'Jl Ruko Anyar surabaya timur',	'[]',	'Flat Shipping Rate',	'flat.flat',	'pembelian',	163.3510,	5,	0,	66.9850,	0,	'0',	1,	2,	'USD',	60.43200000,	'::1',	'::1',	'Mozilla/5.0 (Windows NT 6.3; rv:41.0) Gecko/20100101 Firefox/41.0',	'en-US,en;q=0.5',	'2015-08-16 00:00:00',	'0000-00-00 00:00:00'),
(912,	912,	'INV-2013-00',	912,	'Your Store',	'http://localhost/tooko/',	1,	1,	'Aufa',	'Mutawakkil',	'aufamutawakkil@gmail.com',	'085732419681',	'0',	'[]',	'Aufa',	'Mutawakkil',	'IPaymu',	'Jl Ruko Anyar surabaya timur',	'Jl Ruko Anyar surabaya timur',	'Surabaya',	'62352',	'Indonesia',	100,	'',	0,	'[]',	'[]',	'Cash On Delivery',	'cod',	'Aufa',	'Mutawakkil',	'Selo Layar',	'Jl Ruko Anyar surabaya timur',	'Jl Ruko Anyar surabaya timur',	'Surabaya',	'62352',	'Indonesia',	100,	'Jawa Timur',	1517,	'Jl Ruko Anyar surabaya timur',	'[]',	'Flat Shipping Rate',	'flat.flat',	'pembelian',	131.8140,	5,	0,	6.2930,	0,	'0',	1,	2,	'USD',	37.82700000,	'::1',	'::1',	'Mozilla/5.0 (Windows NT 6.3; rv:41.0) Gecko/20100101 Firefox/41.0',	'en-US,en;q=0.5',	'2015-05-07 00:00:00',	'0000-00-00 00:00:00'),
(913,	913,	'INV-2013-00',	913,	'Your Store',	'http://localhost/tooko/',	1,	1,	'Aufa',	'Mutawakkil',	'aufamutawakkil@gmail.com',	'085732419681',	'0',	'[]',	'Aufa',	'Mutawakkil',	'IPaymu',	'Jl Ruko Anyar surabaya timur',	'Jl Ruko Anyar surabaya timur',	'Surabaya',	'62352',	'Indonesia',	100,	'',	0,	'[]',	'[]',	'Cash On Delivery',	'cod',	'Aufa',	'Mutawakkil',	'Selo Layar',	'Jl Ruko Anyar surabaya timur',	'Jl Ruko Anyar surabaya timur',	'Surabaya',	'62352',	'Indonesia',	100,	'Jawa Timur',	1517,	'Jl Ruko Anyar surabaya timur',	'[]',	'Flat Shipping Rate',	'flat.flat',	'pembelian',	521.1920,	5,	0,	5.4740,	0,	'0',	1,	2,	'USD',	57.48300000,	'::1',	'::1',	'Mozilla/5.0 (Windows NT 6.3; rv:41.0) Gecko/20100101 Firefox/41.0',	'en-US,en;q=0.5',	'2015-05-08 00:00:00',	'0000-00-00 00:00:00'),
(914,	914,	'INV-2013-00',	914,	'Your Store',	'http://localhost/tooko/',	1,	1,	'Aufa',	'Mutawakkil',	'aufamutawakkil@gmail.com',	'085732419681',	'0',	'[]',	'Aufa',	'Mutawakkil',	'IPaymu',	'Jl Ruko Anyar surabaya timur',	'Jl Ruko Anyar surabaya timur',	'Surabaya',	'62352',	'Indonesia',	100,	'',	0,	'[]',	'[]',	'Cash On Delivery',	'cod',	'Aufa',	'Mutawakkil',	'Selo Layar',	'Jl Ruko Anyar surabaya timur',	'Jl Ruko Anyar surabaya timur',	'Surabaya',	'62352',	'Indonesia',	100,	'Jawa Timur',	1517,	'Jl Ruko Anyar surabaya timur',	'[]',	'Flat Shipping Rate',	'flat.flat',	'pembelian',	170.4090,	5,	0,	22.0260,	0,	'0',	1,	2,	'USD',	51.45800000,	'::1',	'::1',	'Mozilla/5.0 (Windows NT 6.3; rv:41.0) Gecko/20100101 Firefox/41.0',	'en-US,en;q=0.5',	'2015-04-09 00:00:00',	'0000-00-00 00:00:00'),
(915,	915,	'INV-2013-00',	915,	'Your Store',	'http://localhost/tooko/',	1,	1,	'Aufa',	'Mutawakkil',	'aufamutawakkil@gmail.com',	'085732419681',	'0',	'[]',	'Aufa',	'Mutawakkil',	'IPaymu',	'Jl Ruko Anyar surabaya timur',	'Jl Ruko Anyar surabaya timur',	'Surabaya',	'62352',	'Indonesia',	100,	'',	0,	'[]',	'[]',	'Cash On Delivery',	'cod',	'Aufa',	'Mutawakkil',	'Selo Layar',	'Jl Ruko Anyar surabaya timur',	'Jl Ruko Anyar surabaya timur',	'Surabaya',	'62352',	'Indonesia',	100,	'Jawa Timur',	1517,	'Jl Ruko Anyar surabaya timur',	'[]',	'Flat Shipping Rate',	'flat.flat',	'pembelian',	352.3610,	5,	0,	5.7360,	0,	'0',	1,	2,	'USD',	87.75300000,	'::1',	'::1',	'Mozilla/5.0 (Windows NT 6.3; rv:41.0) Gecko/20100101 Firefox/41.0',	'en-US,en;q=0.5',	'2015-08-07 00:00:00',	'0000-00-00 00:00:00'),
(916,	916,	'INV-2013-00',	916,	'Your Store',	'http://localhost/tooko/',	1,	1,	'Aufa',	'Mutawakkil',	'aufamutawakkil@gmail.com',	'085732419681',	'0',	'[]',	'Aufa',	'Mutawakkil',	'IPaymu',	'Jl Ruko Anyar surabaya timur',	'Jl Ruko Anyar surabaya timur',	'Surabaya',	'62352',	'Indonesia',	100,	'',	0,	'[]',	'[]',	'Cash On Delivery',	'cod',	'Aufa',	'Mutawakkil',	'Selo Layar',	'Jl Ruko Anyar surabaya timur',	'Jl Ruko Anyar surabaya timur',	'Surabaya',	'62352',	'Indonesia',	100,	'Jawa Timur',	1517,	'Jl Ruko Anyar surabaya timur',	'[]',	'Flat Shipping Rate',	'flat.flat',	'pembelian',	605.6480,	5,	0,	25.5330,	0,	'0',	1,	2,	'USD',	96.30100000,	'::1',	'::1',	'Mozilla/5.0 (Windows NT 6.3; rv:41.0) Gecko/20100101 Firefox/41.0',	'en-US,en;q=0.5',	'2015-05-03 00:00:00',	'0000-00-00 00:00:00'),
(917,	917,	'INV-2013-00',	917,	'Your Store',	'http://localhost/tooko/',	1,	1,	'Aufa',	'Mutawakkil',	'aufamutawakkil@gmail.com',	'085732419681',	'0',	'[]',	'Aufa',	'Mutawakkil',	'IPaymu',	'Jl Ruko Anyar surabaya timur',	'Jl Ruko Anyar surabaya timur',	'Surabaya',	'62352',	'Indonesia',	100,	'',	0,	'[]',	'[]',	'Cash On Delivery',	'cod',	'Aufa',	'Mutawakkil',	'Selo Layar',	'Jl Ruko Anyar surabaya timur',	'Jl Ruko Anyar surabaya timur',	'Surabaya',	'62352',	'Indonesia',	100,	'Jawa Timur',	1517,	'Jl Ruko Anyar surabaya timur',	'[]',	'Flat Shipping Rate',	'flat.flat',	'pembelian',	112.2780,	5,	0,	99.5010,	0,	'0',	1,	2,	'USD',	17.58900000,	'::1',	'::1',	'Mozilla/5.0 (Windows NT 6.3; rv:41.0) Gecko/20100101 Firefox/41.0',	'en-US,en;q=0.5',	'2015-06-23 00:00:00',	'0000-00-00 00:00:00'),
(918,	918,	'INV-2013-00',	918,	'Your Store',	'http://localhost/tooko/',	1,	1,	'Aufa',	'Mutawakkil',	'aufamutawakkil@gmail.com',	'085732419681',	'0',	'[]',	'Aufa',	'Mutawakkil',	'IPaymu',	'Jl Ruko Anyar surabaya timur',	'Jl Ruko Anyar surabaya timur',	'Surabaya',	'62352',	'Indonesia',	100,	'',	0,	'[]',	'[]',	'Cash On Delivery',	'cod',	'Aufa',	'Mutawakkil',	'Selo Layar',	'Jl Ruko Anyar surabaya timur',	'Jl Ruko Anyar surabaya timur',	'Surabaya',	'62352',	'Indonesia',	100,	'Jawa Timur',	1517,	'Jl Ruko Anyar surabaya timur',	'[]',	'Flat Shipping Rate',	'flat.flat',	'pembelian',	744.6820,	5,	0,	84.7780,	0,	'0',	1,	2,	'USD',	89.87000000,	'::1',	'::1',	'Mozilla/5.0 (Windows NT 6.3; rv:41.0) Gecko/20100101 Firefox/41.0',	'en-US,en;q=0.5',	'2015-06-05 00:00:00',	'0000-00-00 00:00:00'),
(919,	919,	'INV-2013-00',	919,	'Your Store',	'http://localhost/tooko/',	1,	1,	'Aufa',	'Mutawakkil',	'aufamutawakkil@gmail.com',	'085732419681',	'0',	'[]',	'Aufa',	'Mutawakkil',	'IPaymu',	'Jl Ruko Anyar surabaya timur',	'Jl Ruko Anyar surabaya timur',	'Surabaya',	'62352',	'Indonesia',	100,	'',	0,	'[]',	'[]',	'Cash On Delivery',	'cod',	'Aufa',	'Mutawakkil',	'Selo Layar',	'Jl Ruko Anyar surabaya timur',	'Jl Ruko Anyar surabaya timur',	'Surabaya',	'62352',	'Indonesia',	100,	'Jawa Timur',	1517,	'Jl Ruko Anyar surabaya timur',	'[]',	'Flat Shipping Rate',	'flat.flat',	'pembelian',	785.3410,	5,	0,	2.7690,	0,	'0',	1,	2,	'USD',	25.13400000,	'::1',	'::1',	'Mozilla/5.0 (Windows NT 6.3; rv:41.0) Gecko/20100101 Firefox/41.0',	'en-US,en;q=0.5',	'2015-04-27 00:00:00',	'0000-00-00 00:00:00'),
(920,	920,	'INV-2013-00',	920,	'Your Store',	'http://localhost/tooko/',	1,	1,	'Aufa',	'Mutawakkil',	'aufamutawakkil@gmail.com',	'085732419681',	'0',	'[]',	'Aufa',	'Mutawakkil',	'IPaymu',	'Jl Ruko Anyar surabaya timur',	'Jl Ruko Anyar surabaya timur',	'Surabaya',	'62352',	'Indonesia',	100,	'',	0,	'[]',	'[]',	'Cash On Delivery',	'cod',	'Aufa',	'Mutawakkil',	'Selo Layar',	'Jl Ruko Anyar surabaya timur',	'Jl Ruko Anyar surabaya timur',	'Surabaya',	'62352',	'Indonesia',	100,	'Jawa Timur',	1517,	'Jl Ruko Anyar surabaya timur',	'[]',	'Flat Shipping Rate',	'flat.flat',	'pembelian',	876.6370,	5,	0,	28.4870,	0,	'0',	1,	2,	'USD',	3.37400000,	'::1',	'::1',	'Mozilla/5.0 (Windows NT 6.3; rv:41.0) Gecko/20100101 Firefox/41.0',	'en-US,en;q=0.5',	'2015-09-15 00:00:00',	'0000-00-00 00:00:00'),
(921,	921,	'INV-2013-00',	921,	'Your Store',	'http://localhost/tooko/',	1,	1,	'Aufa',	'Mutawakkil',	'aufamutawakkil@gmail.com',	'085732419681',	'0',	'[]',	'Aufa',	'Mutawakkil',	'IPaymu',	'Jl Ruko Anyar surabaya timur',	'Jl Ruko Anyar surabaya timur',	'Surabaya',	'62352',	'Indonesia',	100,	'',	0,	'[]',	'[]',	'Cash On Delivery',	'cod',	'Aufa',	'Mutawakkil',	'Selo Layar',	'Jl Ruko Anyar surabaya timur',	'Jl Ruko Anyar surabaya timur',	'Surabaya',	'62352',	'Indonesia',	100,	'Jawa Timur',	1517,	'Jl Ruko Anyar surabaya timur',	'[]',	'Flat Shipping Rate',	'flat.flat',	'pembelian',	188.7420,	5,	0,	53.1710,	0,	'0',	1,	2,	'USD',	14.11800000,	'::1',	'::1',	'Mozilla/5.0 (Windows NT 6.3; rv:41.0) Gecko/20100101 Firefox/41.0',	'en-US,en;q=0.5',	'2015-10-14 00:00:00',	'0000-00-00 00:00:00'),
(922,	922,	'INV-2013-00',	922,	'Your Store',	'http://localhost/tooko/',	1,	1,	'Aufa',	'Mutawakkil',	'aufamutawakkil@gmail.com',	'085732419681',	'0',	'[]',	'Aufa',	'Mutawakkil',	'IPaymu',	'Jl Ruko Anyar surabaya timur',	'Jl Ruko Anyar surabaya timur',	'Surabaya',	'62352',	'Indonesia',	100,	'',	0,	'[]',	'[]',	'Cash On Delivery',	'cod',	'Aufa',	'Mutawakkil',	'Selo Layar',	'Jl Ruko Anyar surabaya timur',	'Jl Ruko Anyar surabaya timur',	'Surabaya',	'62352',	'Indonesia',	100,	'Jawa Timur',	1517,	'Jl Ruko Anyar surabaya timur',	'[]',	'Flat Shipping Rate',	'flat.flat',	'pembelian',	220.3380,	5,	0,	97.0160,	0,	'0',	1,	2,	'USD',	93.03600000,	'::1',	'::1',	'Mozilla/5.0 (Windows NT 6.3; rv:41.0) Gecko/20100101 Firefox/41.0',	'en-US,en;q=0.5',	'2015-09-11 00:00:00',	'0000-00-00 00:00:00'),
(923,	923,	'INV-2013-00',	923,	'Your Store',	'http://localhost/tooko/',	1,	1,	'Aufa',	'Mutawakkil',	'aufamutawakkil@gmail.com',	'085732419681',	'0',	'[]',	'Aufa',	'Mutawakkil',	'IPaymu',	'Jl Ruko Anyar surabaya timur',	'Jl Ruko Anyar surabaya timur',	'Surabaya',	'62352',	'Indonesia',	100,	'',	0,	'[]',	'[]',	'Cash On Delivery',	'cod',	'Aufa',	'Mutawakkil',	'Selo Layar',	'Jl Ruko Anyar surabaya timur',	'Jl Ruko Anyar surabaya timur',	'Surabaya',	'62352',	'Indonesia',	100,	'Jawa Timur',	1517,	'Jl Ruko Anyar surabaya timur',	'[]',	'Flat Shipping Rate',	'flat.flat',	'pembelian',	650.2860,	5,	0,	40.8510,	0,	'0',	1,	2,	'USD',	68.76200000,	'::1',	'::1',	'Mozilla/5.0 (Windows NT 6.3; rv:41.0) Gecko/20100101 Firefox/41.0',	'en-US,en;q=0.5',	'2015-04-25 00:00:00',	'0000-00-00 00:00:00'),
(924,	924,	'INV-2013-00',	924,	'Your Store',	'http://localhost/tooko/',	1,	1,	'Aufa',	'Mutawakkil',	'aufamutawakkil@gmail.com',	'085732419681',	'0',	'[]',	'Aufa',	'Mutawakkil',	'IPaymu',	'Jl Ruko Anyar surabaya timur',	'Jl Ruko Anyar surabaya timur',	'Surabaya',	'62352',	'Indonesia',	100,	'',	0,	'[]',	'[]',	'Cash On Delivery',	'cod',	'Aufa',	'Mutawakkil',	'Selo Layar',	'Jl Ruko Anyar surabaya timur',	'Jl Ruko Anyar surabaya timur',	'Surabaya',	'62352',	'Indonesia',	100,	'Jawa Timur',	1517,	'Jl Ruko Anyar surabaya timur',	'[]',	'Flat Shipping Rate',	'flat.flat',	'pembelian',	723.9090,	5,	0,	84.8430,	0,	'0',	1,	2,	'USD',	30.17400000,	'::1',	'::1',	'Mozilla/5.0 (Windows NT 6.3; rv:41.0) Gecko/20100101 Firefox/41.0',	'en-US,en;q=0.5',	'2015-03-27 00:00:00',	'0000-00-00 00:00:00'),
(925,	925,	'INV-2013-00',	925,	'Your Store',	'http://localhost/tooko/',	1,	1,	'Aufa',	'Mutawakkil',	'aufamutawakkil@gmail.com',	'085732419681',	'0',	'[]',	'Aufa',	'Mutawakkil',	'IPaymu',	'Jl Ruko Anyar surabaya timur',	'Jl Ruko Anyar surabaya timur',	'Surabaya',	'62352',	'Indonesia',	100,	'',	0,	'[]',	'[]',	'Cash On Delivery',	'cod',	'Aufa',	'Mutawakkil',	'Selo Layar',	'Jl Ruko Anyar surabaya timur',	'Jl Ruko Anyar surabaya timur',	'Surabaya',	'62352',	'Indonesia',	100,	'Jawa Timur',	1517,	'Jl Ruko Anyar surabaya timur',	'[]',	'Flat Shipping Rate',	'flat.flat',	'pembelian',	815.0600,	5,	0,	3.1240,	0,	'0',	1,	2,	'USD',	87.48300000,	'::1',	'::1',	'Mozilla/5.0 (Windows NT 6.3; rv:41.0) Gecko/20100101 Firefox/41.0',	'en-US,en;q=0.5',	'2015-09-28 00:00:00',	'0000-00-00 00:00:00'),
(926,	926,	'INV-2013-00',	926,	'Your Store',	'http://localhost/tooko/',	1,	1,	'Aufa',	'Mutawakkil',	'aufamutawakkil@gmail.com',	'085732419681',	'0',	'[]',	'Aufa',	'Mutawakkil',	'IPaymu',	'Jl Ruko Anyar surabaya timur',	'Jl Ruko Anyar surabaya timur',	'Surabaya',	'62352',	'Indonesia',	100,	'',	0,	'[]',	'[]',	'Cash On Delivery',	'cod',	'Aufa',	'Mutawakkil',	'Selo Layar',	'Jl Ruko Anyar surabaya timur',	'Jl Ruko Anyar surabaya timur',	'Surabaya',	'62352',	'Indonesia',	100,	'Jawa Timur',	1517,	'Jl Ruko Anyar surabaya timur',	'[]',	'Flat Shipping Rate',	'flat.flat',	'pembelian',	994.9710,	5,	0,	38.4840,	0,	'0',	1,	2,	'USD',	54.15000000,	'::1',	'::1',	'Mozilla/5.0 (Windows NT 6.3; rv:41.0) Gecko/20100101 Firefox/41.0',	'en-US,en;q=0.5',	'2015-05-19 00:00:00',	'0000-00-00 00:00:00'),
(927,	927,	'INV-2013-00',	927,	'Your Store',	'http://localhost/tooko/',	1,	1,	'Aufa',	'Mutawakkil',	'aufamutawakkil@gmail.com',	'085732419681',	'0',	'[]',	'Aufa',	'Mutawakkil',	'IPaymu',	'Jl Ruko Anyar surabaya timur',	'Jl Ruko Anyar surabaya timur',	'Surabaya',	'62352',	'Indonesia',	100,	'',	0,	'[]',	'[]',	'Cash On Delivery',	'cod',	'Aufa',	'Mutawakkil',	'Selo Layar',	'Jl Ruko Anyar surabaya timur',	'Jl Ruko Anyar surabaya timur',	'Surabaya',	'62352',	'Indonesia',	100,	'Jawa Timur',	1517,	'Jl Ruko Anyar surabaya timur',	'[]',	'Flat Shipping Rate',	'flat.flat',	'pembelian',	967.9950,	5,	0,	4.2150,	0,	'0',	1,	2,	'USD',	16.32400000,	'::1',	'::1',	'Mozilla/5.0 (Windows NT 6.3; rv:41.0) Gecko/20100101 Firefox/41.0',	'en-US,en;q=0.5',	'2015-06-20 00:00:00',	'0000-00-00 00:00:00'),
(928,	928,	'INV-2013-00',	928,	'Your Store',	'http://localhost/tooko/',	1,	1,	'Aufa',	'Mutawakkil',	'aufamutawakkil@gmail.com',	'085732419681',	'0',	'[]',	'Aufa',	'Mutawakkil',	'IPaymu',	'Jl Ruko Anyar surabaya timur',	'Jl Ruko Anyar surabaya timur',	'Surabaya',	'62352',	'Indonesia',	100,	'',	0,	'[]',	'[]',	'Cash On Delivery',	'cod',	'Aufa',	'Mutawakkil',	'Selo Layar',	'Jl Ruko Anyar surabaya timur',	'Jl Ruko Anyar surabaya timur',	'Surabaya',	'62352',	'Indonesia',	100,	'Jawa Timur',	1517,	'Jl Ruko Anyar surabaya timur',	'[]',	'Flat Shipping Rate',	'flat.flat',	'pembelian',	908.4690,	5,	0,	23.2330,	0,	'0',	1,	2,	'USD',	62.77000000,	'::1',	'::1',	'Mozilla/5.0 (Windows NT 6.3; rv:41.0) Gecko/20100101 Firefox/41.0',	'en-US,en;q=0.5',	'2015-06-01 00:00:00',	'0000-00-00 00:00:00'),
(929,	929,	'INV-2013-00',	929,	'Your Store',	'http://localhost/tooko/',	1,	1,	'Aufa',	'Mutawakkil',	'aufamutawakkil@gmail.com',	'085732419681',	'0',	'[]',	'Aufa',	'Mutawakkil',	'IPaymu',	'Jl Ruko Anyar surabaya timur',	'Jl Ruko Anyar surabaya timur',	'Surabaya',	'62352',	'Indonesia',	100,	'',	0,	'[]',	'[]',	'Cash On Delivery',	'cod',	'Aufa',	'Mutawakkil',	'Selo Layar',	'Jl Ruko Anyar surabaya timur',	'Jl Ruko Anyar surabaya timur',	'Surabaya',	'62352',	'Indonesia',	100,	'Jawa Timur',	1517,	'Jl Ruko Anyar surabaya timur',	'[]',	'Flat Shipping Rate',	'flat.flat',	'pembelian',	125.8170,	5,	0,	24.7340,	0,	'0',	1,	2,	'USD',	15.46100000,	'::1',	'::1',	'Mozilla/5.0 (Windows NT 6.3; rv:41.0) Gecko/20100101 Firefox/41.0',	'en-US,en;q=0.5',	'2015-06-18 00:00:00',	'0000-00-00 00:00:00'),
(930,	930,	'INV-2013-00',	930,	'Your Store',	'http://localhost/tooko/',	1,	1,	'Aufa',	'Mutawakkil',	'aufamutawakkil@gmail.com',	'085732419681',	'0',	'[]',	'Aufa',	'Mutawakkil',	'IPaymu',	'Jl Ruko Anyar surabaya timur',	'Jl Ruko Anyar surabaya timur',	'Surabaya',	'62352',	'Indonesia',	100,	'',	0,	'[]',	'[]',	'Cash On Delivery',	'cod',	'Aufa',	'Mutawakkil',	'Selo Layar',	'Jl Ruko Anyar surabaya timur',	'Jl Ruko Anyar surabaya timur',	'Surabaya',	'62352',	'Indonesia',	100,	'Jawa Timur',	1517,	'Jl Ruko Anyar surabaya timur',	'[]',	'Flat Shipping Rate',	'flat.flat',	'pembelian',	610.5300,	5,	0,	58.0860,	0,	'0',	1,	2,	'USD',	19.54000000,	'::1',	'::1',	'Mozilla/5.0 (Windows NT 6.3; rv:41.0) Gecko/20100101 Firefox/41.0',	'en-US,en;q=0.5',	'2015-07-10 00:00:00',	'0000-00-00 00:00:00'),
(931,	931,	'INV-2013-00',	931,	'Your Store',	'http://localhost/tooko/',	1,	1,	'Aufa',	'Mutawakkil',	'aufamutawakkil@gmail.com',	'085732419681',	'0',	'[]',	'Aufa',	'Mutawakkil',	'IPaymu',	'Jl Ruko Anyar surabaya timur',	'Jl Ruko Anyar surabaya timur',	'Surabaya',	'62352',	'Indonesia',	100,	'',	0,	'[]',	'[]',	'Cash On Delivery',	'cod',	'Aufa',	'Mutawakkil',	'Selo Layar',	'Jl Ruko Anyar surabaya timur',	'Jl Ruko Anyar surabaya timur',	'Surabaya',	'62352',	'Indonesia',	100,	'Jawa Timur',	1517,	'Jl Ruko Anyar surabaya timur',	'[]',	'Flat Shipping Rate',	'flat.flat',	'pembelian',	409.0940,	5,	0,	41.1600,	0,	'0',	1,	2,	'USD',	31.23700000,	'::1',	'::1',	'Mozilla/5.0 (Windows NT 6.3; rv:41.0) Gecko/20100101 Firefox/41.0',	'en-US,en;q=0.5',	'2015-05-06 00:00:00',	'0000-00-00 00:00:00'),
(932,	932,	'INV-2013-00',	932,	'Your Store',	'http://localhost/tooko/',	1,	1,	'Aufa',	'Mutawakkil',	'aufamutawakkil@gmail.com',	'085732419681',	'0',	'[]',	'Aufa',	'Mutawakkil',	'IPaymu',	'Jl Ruko Anyar surabaya timur',	'Jl Ruko Anyar surabaya timur',	'Surabaya',	'62352',	'Indonesia',	100,	'',	0,	'[]',	'[]',	'Cash On Delivery',	'cod',	'Aufa',	'Mutawakkil',	'Selo Layar',	'Jl Ruko Anyar surabaya timur',	'Jl Ruko Anyar surabaya timur',	'Surabaya',	'62352',	'Indonesia',	100,	'Jawa Timur',	1517,	'Jl Ruko Anyar surabaya timur',	'[]',	'Flat Shipping Rate',	'flat.flat',	'pembelian',	332.2720,	5,	0,	83.9010,	0,	'0',	1,	2,	'USD',	42.60500000,	'::1',	'::1',	'Mozilla/5.0 (Windows NT 6.3; rv:41.0) Gecko/20100101 Firefox/41.0',	'en-US,en;q=0.5',	'2015-10-17 00:00:00',	'0000-00-00 00:00:00'),
(933,	933,	'INV-2013-00',	933,	'Your Store',	'http://localhost/tooko/',	1,	1,	'Aufa',	'Mutawakkil',	'aufamutawakkil@gmail.com',	'085732419681',	'0',	'[]',	'Aufa',	'Mutawakkil',	'IPaymu',	'Jl Ruko Anyar surabaya timur',	'Jl Ruko Anyar surabaya timur',	'Surabaya',	'62352',	'Indonesia',	100,	'',	0,	'[]',	'[]',	'Cash On Delivery',	'cod',	'Aufa',	'Mutawakkil',	'Selo Layar',	'Jl Ruko Anyar surabaya timur',	'Jl Ruko Anyar surabaya timur',	'Surabaya',	'62352',	'Indonesia',	100,	'Jawa Timur',	1517,	'Jl Ruko Anyar surabaya timur',	'[]',	'Flat Shipping Rate',	'flat.flat',	'pembelian',	854.1360,	5,	0,	27.7860,	0,	'0',	1,	2,	'USD',	81.22400000,	'::1',	'::1',	'Mozilla/5.0 (Windows NT 6.3; rv:41.0) Gecko/20100101 Firefox/41.0',	'en-US,en;q=0.5',	'2015-09-10 00:00:00',	'0000-00-00 00:00:00'),
(934,	934,	'INV-2013-00',	934,	'Your Store',	'http://localhost/tooko/',	1,	1,	'Aufa',	'Mutawakkil',	'aufamutawakkil@gmail.com',	'085732419681',	'0',	'[]',	'Aufa',	'Mutawakkil',	'IPaymu',	'Jl Ruko Anyar surabaya timur',	'Jl Ruko Anyar surabaya timur',	'Surabaya',	'62352',	'Indonesia',	100,	'',	0,	'[]',	'[]',	'Cash On Delivery',	'cod',	'Aufa',	'Mutawakkil',	'Selo Layar',	'Jl Ruko Anyar surabaya timur',	'Jl Ruko Anyar surabaya timur',	'Surabaya',	'62352',	'Indonesia',	100,	'Jawa Timur',	1517,	'Jl Ruko Anyar surabaya timur',	'[]',	'Flat Shipping Rate',	'flat.flat',	'pembelian',	899.7900,	5,	0,	16.3420,	0,	'0',	1,	2,	'USD',	20.23400000,	'::1',	'::1',	'Mozilla/5.0 (Windows NT 6.3; rv:41.0) Gecko/20100101 Firefox/41.0',	'en-US,en;q=0.5',	'2015-04-05 00:00:00',	'0000-00-00 00:00:00'),
(935,	935,	'INV-2013-00',	935,	'Your Store',	'http://localhost/tooko/',	1,	1,	'Aufa',	'Mutawakkil',	'aufamutawakkil@gmail.com',	'085732419681',	'0',	'[]',	'Aufa',	'Mutawakkil',	'IPaymu',	'Jl Ruko Anyar surabaya timur',	'Jl Ruko Anyar surabaya timur',	'Surabaya',	'62352',	'Indonesia',	100,	'',	0,	'[]',	'[]',	'Cash On Delivery',	'cod',	'Aufa',	'Mutawakkil',	'Selo Layar',	'Jl Ruko Anyar surabaya timur',	'Jl Ruko Anyar surabaya timur',	'Surabaya',	'62352',	'Indonesia',	100,	'Jawa Timur',	1517,	'Jl Ruko Anyar surabaya timur',	'[]',	'Flat Shipping Rate',	'flat.flat',	'pembelian',	602.2830,	5,	0,	93.5350,	0,	'0',	1,	2,	'USD',	31.21600000,	'::1',	'::1',	'Mozilla/5.0 (Windows NT 6.3; rv:41.0) Gecko/20100101 Firefox/41.0',	'en-US,en;q=0.5',	'2015-08-28 00:00:00',	'0000-00-00 00:00:00'),
(936,	936,	'INV-2013-00',	936,	'Your Store',	'http://localhost/tooko/',	1,	1,	'Aufa',	'Mutawakkil',	'aufamutawakkil@gmail.com',	'085732419681',	'0',	'[]',	'Aufa',	'Mutawakkil',	'IPaymu',	'Jl Ruko Anyar surabaya timur',	'Jl Ruko Anyar surabaya timur',	'Surabaya',	'62352',	'Indonesia',	100,	'',	0,	'[]',	'[]',	'Cash On Delivery',	'cod',	'Aufa',	'Mutawakkil',	'Selo Layar',	'Jl Ruko Anyar surabaya timur',	'Jl Ruko Anyar surabaya timur',	'Surabaya',	'62352',	'Indonesia',	100,	'Jawa Timur',	1517,	'Jl Ruko Anyar surabaya timur',	'[]',	'Flat Shipping Rate',	'flat.flat',	'pembelian',	551.2620,	5,	0,	31.7720,	0,	'0',	1,	2,	'USD',	48.29800000,	'::1',	'::1',	'Mozilla/5.0 (Windows NT 6.3; rv:41.0) Gecko/20100101 Firefox/41.0',	'en-US,en;q=0.5',	'2015-06-17 00:00:00',	'0000-00-00 00:00:00'),
(937,	937,	'INV-2013-00',	937,	'Your Store',	'http://localhost/tooko/',	1,	1,	'Aufa',	'Mutawakkil',	'aufamutawakkil@gmail.com',	'085732419681',	'0',	'[]',	'Aufa',	'Mutawakkil',	'IPaymu',	'Jl Ruko Anyar surabaya timur',	'Jl Ruko Anyar surabaya timur',	'Surabaya',	'62352',	'Indonesia',	100,	'',	0,	'[]',	'[]',	'Cash On Delivery',	'cod',	'Aufa',	'Mutawakkil',	'Selo Layar',	'Jl Ruko Anyar surabaya timur',	'Jl Ruko Anyar surabaya timur',	'Surabaya',	'62352',	'Indonesia',	100,	'Jawa Timur',	1517,	'Jl Ruko Anyar surabaya timur',	'[]',	'Flat Shipping Rate',	'flat.flat',	'pembelian',	440.1070,	5,	0,	98.6760,	0,	'0',	1,	2,	'USD',	23.16100000,	'::1',	'::1',	'Mozilla/5.0 (Windows NT 6.3; rv:41.0) Gecko/20100101 Firefox/41.0',	'en-US,en;q=0.5',	'2015-06-15 00:00:00',	'0000-00-00 00:00:00'),
(938,	938,	'INV-2013-00',	938,	'Your Store',	'http://localhost/tooko/',	1,	1,	'Aufa',	'Mutawakkil',	'aufamutawakkil@gmail.com',	'085732419681',	'0',	'[]',	'Aufa',	'Mutawakkil',	'IPaymu',	'Jl Ruko Anyar surabaya timur',	'Jl Ruko Anyar surabaya timur',	'Surabaya',	'62352',	'Indonesia',	100,	'',	0,	'[]',	'[]',	'Cash On Delivery',	'cod',	'Aufa',	'Mutawakkil',	'Selo Layar',	'Jl Ruko Anyar surabaya timur',	'Jl Ruko Anyar surabaya timur',	'Surabaya',	'62352',	'Indonesia',	100,	'Jawa Timur',	1517,	'Jl Ruko Anyar surabaya timur',	'[]',	'Flat Shipping Rate',	'flat.flat',	'pembelian',	990.1750,	5,	0,	57.6020,	0,	'0',	1,	2,	'USD',	7.34800000,	'::1',	'::1',	'Mozilla/5.0 (Windows NT 6.3; rv:41.0) Gecko/20100101 Firefox/41.0',	'en-US,en;q=0.5',	'2015-07-09 00:00:00',	'0000-00-00 00:00:00'),
(939,	939,	'INV-2013-00',	939,	'Your Store',	'http://localhost/tooko/',	1,	1,	'Aufa',	'Mutawakkil',	'aufamutawakkil@gmail.com',	'085732419681',	'0',	'[]',	'Aufa',	'Mutawakkil',	'IPaymu',	'Jl Ruko Anyar surabaya timur',	'Jl Ruko Anyar surabaya timur',	'Surabaya',	'62352',	'Indonesia',	100,	'',	0,	'[]',	'[]',	'Cash On Delivery',	'cod',	'Aufa',	'Mutawakkil',	'Selo Layar',	'Jl Ruko Anyar surabaya timur',	'Jl Ruko Anyar surabaya timur',	'Surabaya',	'62352',	'Indonesia',	100,	'Jawa Timur',	1517,	'Jl Ruko Anyar surabaya timur',	'[]',	'Flat Shipping Rate',	'flat.flat',	'pembelian',	439.1440,	5,	0,	2.1630,	0,	'0',	1,	2,	'USD',	80.53000000,	'::1',	'::1',	'Mozilla/5.0 (Windows NT 6.3; rv:41.0) Gecko/20100101 Firefox/41.0',	'en-US,en;q=0.5',	'2015-09-04 00:00:00',	'0000-00-00 00:00:00'),
(940,	940,	'INV-2013-00',	940,	'Your Store',	'http://localhost/tooko/',	1,	1,	'Aufa',	'Mutawakkil',	'aufamutawakkil@gmail.com',	'085732419681',	'0',	'[]',	'Aufa',	'Mutawakkil',	'IPaymu',	'Jl Ruko Anyar surabaya timur',	'Jl Ruko Anyar surabaya timur',	'Surabaya',	'62352',	'Indonesia',	100,	'',	0,	'[]',	'[]',	'Cash On Delivery',	'cod',	'Aufa',	'Mutawakkil',	'Selo Layar',	'Jl Ruko Anyar surabaya timur',	'Jl Ruko Anyar surabaya timur',	'Surabaya',	'62352',	'Indonesia',	100,	'Jawa Timur',	1517,	'Jl Ruko Anyar surabaya timur',	'[]',	'Flat Shipping Rate',	'flat.flat',	'pembelian',	846.8520,	5,	0,	53.9910,	0,	'0',	1,	2,	'USD',	9.57100000,	'::1',	'::1',	'Mozilla/5.0 (Windows NT 6.3; rv:41.0) Gecko/20100101 Firefox/41.0',	'en-US,en;q=0.5',	'2015-04-28 00:00:00',	'0000-00-00 00:00:00'),
(941,	941,	'INV-2013-00',	941,	'Your Store',	'http://localhost/tooko/',	1,	1,	'Aufa',	'Mutawakkil',	'aufamutawakkil@gmail.com',	'085732419681',	'0',	'[]',	'Aufa',	'Mutawakkil',	'IPaymu',	'Jl Ruko Anyar surabaya timur',	'Jl Ruko Anyar surabaya timur',	'Surabaya',	'62352',	'Indonesia',	100,	'',	0,	'[]',	'[]',	'Cash On Delivery',	'cod',	'Aufa',	'Mutawakkil',	'Selo Layar',	'Jl Ruko Anyar surabaya timur',	'Jl Ruko Anyar surabaya timur',	'Surabaya',	'62352',	'Indonesia',	100,	'Jawa Timur',	1517,	'Jl Ruko Anyar surabaya timur',	'[]',	'Flat Shipping Rate',	'flat.flat',	'pembelian',	132.9140,	5,	0,	96.2020,	0,	'0',	1,	2,	'USD',	21.71400000,	'::1',	'::1',	'Mozilla/5.0 (Windows NT 6.3; rv:41.0) Gecko/20100101 Firefox/41.0',	'en-US,en;q=0.5',	'2015-03-19 00:00:00',	'0000-00-00 00:00:00'),
(942,	942,	'INV-2013-00',	942,	'Your Store',	'http://localhost/tooko/',	1,	1,	'Aufa',	'Mutawakkil',	'aufamutawakkil@gmail.com',	'085732419681',	'0',	'[]',	'Aufa',	'Mutawakkil',	'IPaymu',	'Jl Ruko Anyar surabaya timur',	'Jl Ruko Anyar surabaya timur',	'Surabaya',	'62352',	'Indonesia',	100,	'',	0,	'[]',	'[]',	'Cash On Delivery',	'cod',	'Aufa',	'Mutawakkil',	'Selo Layar',	'Jl Ruko Anyar surabaya timur',	'Jl Ruko Anyar surabaya timur',	'Surabaya',	'62352',	'Indonesia',	100,	'Jawa Timur',	1517,	'Jl Ruko Anyar surabaya timur',	'[]',	'Flat Shipping Rate',	'flat.flat',	'pembelian',	799.9880,	5,	0,	9.4790,	0,	'0',	1,	2,	'USD',	34.81300000,	'::1',	'::1',	'Mozilla/5.0 (Windows NT 6.3; rv:41.0) Gecko/20100101 Firefox/41.0',	'en-US,en;q=0.5',	'2015-05-07 00:00:00',	'0000-00-00 00:00:00'),
(943,	943,	'INV-2013-00',	943,	'Your Store',	'http://localhost/tooko/',	1,	1,	'Aufa',	'Mutawakkil',	'aufamutawakkil@gmail.com',	'085732419681',	'0',	'[]',	'Aufa',	'Mutawakkil',	'IPaymu',	'Jl Ruko Anyar surabaya timur',	'Jl Ruko Anyar surabaya timur',	'Surabaya',	'62352',	'Indonesia',	100,	'',	0,	'[]',	'[]',	'Cash On Delivery',	'cod',	'Aufa',	'Mutawakkil',	'Selo Layar',	'Jl Ruko Anyar surabaya timur',	'Jl Ruko Anyar surabaya timur',	'Surabaya',	'62352',	'Indonesia',	100,	'Jawa Timur',	1517,	'Jl Ruko Anyar surabaya timur',	'[]',	'Flat Shipping Rate',	'flat.flat',	'pembelian',	925.6910,	5,	0,	18.9590,	0,	'0',	1,	2,	'USD',	10.33700000,	'::1',	'::1',	'Mozilla/5.0 (Windows NT 6.3; rv:41.0) Gecko/20100101 Firefox/41.0',	'en-US,en;q=0.5',	'2015-07-10 00:00:00',	'0000-00-00 00:00:00'),
(944,	944,	'INV-2013-00',	944,	'Your Store',	'http://localhost/tooko/',	1,	1,	'Aufa',	'Mutawakkil',	'aufamutawakkil@gmail.com',	'085732419681',	'0',	'[]',	'Aufa',	'Mutawakkil',	'IPaymu',	'Jl Ruko Anyar surabaya timur',	'Jl Ruko Anyar surabaya timur',	'Surabaya',	'62352',	'Indonesia',	100,	'',	0,	'[]',	'[]',	'Cash On Delivery',	'cod',	'Aufa',	'Mutawakkil',	'Selo Layar',	'Jl Ruko Anyar surabaya timur',	'Jl Ruko Anyar surabaya timur',	'Surabaya',	'62352',	'Indonesia',	100,	'Jawa Timur',	1517,	'Jl Ruko Anyar surabaya timur',	'[]',	'Flat Shipping Rate',	'flat.flat',	'pembelian',	770.5900,	5,	0,	74.8080,	0,	'0',	1,	2,	'USD',	2.67300000,	'::1',	'::1',	'Mozilla/5.0 (Windows NT 6.3; rv:41.0) Gecko/20100101 Firefox/41.0',	'en-US,en;q=0.5',	'2015-04-24 00:00:00',	'0000-00-00 00:00:00'),
(945,	945,	'INV-2013-00',	945,	'Your Store',	'http://localhost/tooko/',	1,	1,	'Aufa',	'Mutawakkil',	'aufamutawakkil@gmail.com',	'085732419681',	'0',	'[]',	'Aufa',	'Mutawakkil',	'IPaymu',	'Jl Ruko Anyar surabaya timur',	'Jl Ruko Anyar surabaya timur',	'Surabaya',	'62352',	'Indonesia',	100,	'',	0,	'[]',	'[]',	'Cash On Delivery',	'cod',	'Aufa',	'Mutawakkil',	'Selo Layar',	'Jl Ruko Anyar surabaya timur',	'Jl Ruko Anyar surabaya timur',	'Surabaya',	'62352',	'Indonesia',	100,	'Jawa Timur',	1517,	'Jl Ruko Anyar surabaya timur',	'[]',	'Flat Shipping Rate',	'flat.flat',	'pembelian',	236.7460,	5,	0,	47.8340,	0,	'0',	1,	2,	'USD',	49.73200000,	'::1',	'::1',	'Mozilla/5.0 (Windows NT 6.3; rv:41.0) Gecko/20100101 Firefox/41.0',	'en-US,en;q=0.5',	'2015-04-28 00:00:00',	'0000-00-00 00:00:00'),
(946,	946,	'INV-2013-00',	946,	'Your Store',	'http://localhost/tooko/',	1,	1,	'Aufa',	'Mutawakkil',	'aufamutawakkil@gmail.com',	'085732419681',	'0',	'[]',	'Aufa',	'Mutawakkil',	'IPaymu',	'Jl Ruko Anyar surabaya timur',	'Jl Ruko Anyar surabaya timur',	'Surabaya',	'62352',	'Indonesia',	100,	'',	0,	'[]',	'[]',	'Cash On Delivery',	'cod',	'Aufa',	'Mutawakkil',	'Selo Layar',	'Jl Ruko Anyar surabaya timur',	'Jl Ruko Anyar surabaya timur',	'Surabaya',	'62352',	'Indonesia',	100,	'Jawa Timur',	1517,	'Jl Ruko Anyar surabaya timur',	'[]',	'Flat Shipping Rate',	'flat.flat',	'pembelian',	490.1240,	5,	0,	90.5520,	0,	'0',	1,	2,	'USD',	42.94600000,	'::1',	'::1',	'Mozilla/5.0 (Windows NT 6.3; rv:41.0) Gecko/20100101 Firefox/41.0',	'en-US,en;q=0.5',	'2015-06-14 00:00:00',	'0000-00-00 00:00:00'),
(947,	947,	'INV-2013-00',	947,	'Your Store',	'http://localhost/tooko/',	1,	1,	'Aufa',	'Mutawakkil',	'aufamutawakkil@gmail.com',	'085732419681',	'0',	'[]',	'Aufa',	'Mutawakkil',	'IPaymu',	'Jl Ruko Anyar surabaya timur',	'Jl Ruko Anyar surabaya timur',	'Surabaya',	'62352',	'Indonesia',	100,	'',	0,	'[]',	'[]',	'Cash On Delivery',	'cod',	'Aufa',	'Mutawakkil',	'Selo Layar',	'Jl Ruko Anyar surabaya timur',	'Jl Ruko Anyar surabaya timur',	'Surabaya',	'62352',	'Indonesia',	100,	'Jawa Timur',	1517,	'Jl Ruko Anyar surabaya timur',	'[]',	'Flat Shipping Rate',	'flat.flat',	'pembelian',	650.7260,	5,	0,	22.2380,	0,	'0',	1,	2,	'USD',	22.46500000,	'::1',	'::1',	'Mozilla/5.0 (Windows NT 6.3; rv:41.0) Gecko/20100101 Firefox/41.0',	'en-US,en;q=0.5',	'2015-04-13 00:00:00',	'0000-00-00 00:00:00'),
(948,	948,	'INV-2013-00',	948,	'Your Store',	'http://localhost/tooko/',	1,	1,	'Aufa',	'Mutawakkil',	'aufamutawakkil@gmail.com',	'085732419681',	'0',	'[]',	'Aufa',	'Mutawakkil',	'IPaymu',	'Jl Ruko Anyar surabaya timur',	'Jl Ruko Anyar surabaya timur',	'Surabaya',	'62352',	'Indonesia',	100,	'',	0,	'[]',	'[]',	'Cash On Delivery',	'cod',	'Aufa',	'Mutawakkil',	'Selo Layar',	'Jl Ruko Anyar surabaya timur',	'Jl Ruko Anyar surabaya timur',	'Surabaya',	'62352',	'Indonesia',	100,	'Jawa Timur',	1517,	'Jl Ruko Anyar surabaya timur',	'[]',	'Flat Shipping Rate',	'flat.flat',	'pembelian',	285.1490,	5,	0,	78.5430,	0,	'0',	1,	2,	'USD',	53.81300000,	'::1',	'::1',	'Mozilla/5.0 (Windows NT 6.3; rv:41.0) Gecko/20100101 Firefox/41.0',	'en-US,en;q=0.5',	'2015-10-13 00:00:00',	'0000-00-00 00:00:00'),
(949,	949,	'INV-2013-00',	949,	'Your Store',	'http://localhost/tooko/',	1,	1,	'Aufa',	'Mutawakkil',	'aufamutawakkil@gmail.com',	'085732419681',	'0',	'[]',	'Aufa',	'Mutawakkil',	'IPaymu',	'Jl Ruko Anyar surabaya timur',	'Jl Ruko Anyar surabaya timur',	'Surabaya',	'62352',	'Indonesia',	100,	'',	0,	'[]',	'[]',	'Cash On Delivery',	'cod',	'Aufa',	'Mutawakkil',	'Selo Layar',	'Jl Ruko Anyar surabaya timur',	'Jl Ruko Anyar surabaya timur',	'Surabaya',	'62352',	'Indonesia',	100,	'Jawa Timur',	1517,	'Jl Ruko Anyar surabaya timur',	'[]',	'Flat Shipping Rate',	'flat.flat',	'pembelian',	594.5830,	5,	0,	26.3890,	0,	'0',	1,	2,	'USD',	6.70600000,	'::1',	'::1',	'Mozilla/5.0 (Windows NT 6.3; rv:41.0) Gecko/20100101 Firefox/41.0',	'en-US,en;q=0.5',	'2015-07-23 00:00:00',	'0000-00-00 00:00:00'),
(950,	950,	'INV-2013-00',	950,	'Your Store',	'http://localhost/tooko/',	1,	1,	'Aufa',	'Mutawakkil',	'aufamutawakkil@gmail.com',	'085732419681',	'0',	'[]',	'Aufa',	'Mutawakkil',	'IPaymu',	'Jl Ruko Anyar surabaya timur',	'Jl Ruko Anyar surabaya timur',	'Surabaya',	'62352',	'Indonesia',	100,	'',	0,	'[]',	'[]',	'Cash On Delivery',	'cod',	'Aufa',	'Mutawakkil',	'Selo Layar',	'Jl Ruko Anyar surabaya timur',	'Jl Ruko Anyar surabaya timur',	'Surabaya',	'62352',	'Indonesia',	100,	'Jawa Timur',	1517,	'Jl Ruko Anyar surabaya timur',	'[]',	'Flat Shipping Rate',	'flat.flat',	'pembelian',	111.4880,	5,	0,	60.6210,	0,	'0',	1,	2,	'USD',	60.76300000,	'::1',	'::1',	'Mozilla/5.0 (Windows NT 6.3; rv:41.0) Gecko/20100101 Firefox/41.0',	'en-US,en;q=0.5',	'2015-04-07 00:00:00',	'0000-00-00 00:00:00'),
(951,	951,	'INV-2013-00',	951,	'Your Store',	'http://localhost/tooko/',	1,	1,	'Aufa',	'Mutawakkil',	'aufamutawakkil@gmail.com',	'085732419681',	'0',	'[]',	'Aufa',	'Mutawakkil',	'IPaymu',	'Jl Ruko Anyar surabaya timur',	'Jl Ruko Anyar surabaya timur',	'Surabaya',	'62352',	'Indonesia',	100,	'',	0,	'[]',	'[]',	'Cash On Delivery',	'cod',	'Aufa',	'Mutawakkil',	'Selo Layar',	'Jl Ruko Anyar surabaya timur',	'Jl Ruko Anyar surabaya timur',	'Surabaya',	'62352',	'Indonesia',	100,	'Jawa Timur',	1517,	'Jl Ruko Anyar surabaya timur',	'[]',	'Flat Shipping Rate',	'flat.flat',	'pembelian',	177.5180,	5,	0,	72.0580,	0,	'0',	1,	2,	'USD',	76.60100000,	'::1',	'::1',	'Mozilla/5.0 (Windows NT 6.3; rv:41.0) Gecko/20100101 Firefox/41.0',	'en-US,en;q=0.5',	'2015-10-21 00:00:00',	'0000-00-00 00:00:00'),
(952,	952,	'INV-2013-00',	952,	'Your Store',	'http://localhost/tooko/',	1,	1,	'Aufa',	'Mutawakkil',	'aufamutawakkil@gmail.com',	'085732419681',	'0',	'[]',	'Aufa',	'Mutawakkil',	'IPaymu',	'Jl Ruko Anyar surabaya timur',	'Jl Ruko Anyar surabaya timur',	'Surabaya',	'62352',	'Indonesia',	100,	'',	0,	'[]',	'[]',	'Cash On Delivery',	'cod',	'Aufa',	'Mutawakkil',	'Selo Layar',	'Jl Ruko Anyar surabaya timur',	'Jl Ruko Anyar surabaya timur',	'Surabaya',	'62352',	'Indonesia',	100,	'Jawa Timur',	1517,	'Jl Ruko Anyar surabaya timur',	'[]',	'Flat Shipping Rate',	'flat.flat',	'pembelian',	158.7590,	5,	0,	67.3030,	0,	'0',	1,	2,	'USD',	86.73100000,	'::1',	'::1',	'Mozilla/5.0 (Windows NT 6.3; rv:41.0) Gecko/20100101 Firefox/41.0',	'en-US,en;q=0.5',	'2015-08-17 00:00:00',	'0000-00-00 00:00:00'),
(953,	953,	'INV-2013-00',	953,	'Your Store',	'http://localhost/tooko/',	1,	1,	'Aufa',	'Mutawakkil',	'aufamutawakkil@gmail.com',	'085732419681',	'0',	'[]',	'Aufa',	'Mutawakkil',	'IPaymu',	'Jl Ruko Anyar surabaya timur',	'Jl Ruko Anyar surabaya timur',	'Surabaya',	'62352',	'Indonesia',	100,	'',	0,	'[]',	'[]',	'Cash On Delivery',	'cod',	'Aufa',	'Mutawakkil',	'Selo Layar',	'Jl Ruko Anyar surabaya timur',	'Jl Ruko Anyar surabaya timur',	'Surabaya',	'62352',	'Indonesia',	100,	'Jawa Timur',	1517,	'Jl Ruko Anyar surabaya timur',	'[]',	'Flat Shipping Rate',	'flat.flat',	'pembelian',	605.9170,	5,	0,	4.0590,	0,	'0',	1,	2,	'USD',	81.68000000,	'::1',	'::1',	'Mozilla/5.0 (Windows NT 6.3; rv:41.0) Gecko/20100101 Firefox/41.0',	'en-US,en;q=0.5',	'2015-05-11 00:00:00',	'0000-00-00 00:00:00'),
(954,	954,	'INV-2013-00',	954,	'Your Store',	'http://localhost/tooko/',	1,	1,	'Aufa',	'Mutawakkil',	'aufamutawakkil@gmail.com',	'085732419681',	'0',	'[]',	'Aufa',	'Mutawakkil',	'IPaymu',	'Jl Ruko Anyar surabaya timur',	'Jl Ruko Anyar surabaya timur',	'Surabaya',	'62352',	'Indonesia',	100,	'',	0,	'[]',	'[]',	'Cash On Delivery',	'cod',	'Aufa',	'Mutawakkil',	'Selo Layar',	'Jl Ruko Anyar surabaya timur',	'Jl Ruko Anyar surabaya timur',	'Surabaya',	'62352',	'Indonesia',	100,	'Jawa Timur',	1517,	'Jl Ruko Anyar surabaya timur',	'[]',	'Flat Shipping Rate',	'flat.flat',	'pembelian',	535.4640,	5,	0,	10.3450,	0,	'0',	1,	2,	'USD',	23.34500000,	'::1',	'::1',	'Mozilla/5.0 (Windows NT 6.3; rv:41.0) Gecko/20100101 Firefox/41.0',	'en-US,en;q=0.5',	'2015-09-12 00:00:00',	'0000-00-00 00:00:00'),
(955,	955,	'INV-2013-00',	955,	'Your Store',	'http://localhost/tooko/',	1,	1,	'Aufa',	'Mutawakkil',	'aufamutawakkil@gmail.com',	'085732419681',	'0',	'[]',	'Aufa',	'Mutawakkil',	'IPaymu',	'Jl Ruko Anyar surabaya timur',	'Jl Ruko Anyar surabaya timur',	'Surabaya',	'62352',	'Indonesia',	100,	'',	0,	'[]',	'[]',	'Cash On Delivery',	'cod',	'Aufa',	'Mutawakkil',	'Selo Layar',	'Jl Ruko Anyar surabaya timur',	'Jl Ruko Anyar surabaya timur',	'Surabaya',	'62352',	'Indonesia',	100,	'Jawa Timur',	1517,	'Jl Ruko Anyar surabaya timur',	'[]',	'Flat Shipping Rate',	'flat.flat',	'pembelian',	428.9100,	5,	0,	12.5140,	0,	'0',	1,	2,	'USD',	48.45000000,	'::1',	'::1',	'Mozilla/5.0 (Windows NT 6.3; rv:41.0) Gecko/20100101 Firefox/41.0',	'en-US,en;q=0.5',	'2015-06-16 00:00:00',	'0000-00-00 00:00:00'),
(956,	956,	'INV-2013-00',	956,	'Your Store',	'http://localhost/tooko/',	1,	1,	'Aufa',	'Mutawakkil',	'aufamutawakkil@gmail.com',	'085732419681',	'0',	'[]',	'Aufa',	'Mutawakkil',	'IPaymu',	'Jl Ruko Anyar surabaya timur',	'Jl Ruko Anyar surabaya timur',	'Surabaya',	'62352',	'Indonesia',	100,	'',	0,	'[]',	'[]',	'Cash On Delivery',	'cod',	'Aufa',	'Mutawakkil',	'Selo Layar',	'Jl Ruko Anyar surabaya timur',	'Jl Ruko Anyar surabaya timur',	'Surabaya',	'62352',	'Indonesia',	100,	'Jawa Timur',	1517,	'Jl Ruko Anyar surabaya timur',	'[]',	'Flat Shipping Rate',	'flat.flat',	'pembelian',	962.0280,	5,	0,	86.2230,	0,	'0',	1,	2,	'USD',	23.77000000,	'::1',	'::1',	'Mozilla/5.0 (Windows NT 6.3; rv:41.0) Gecko/20100101 Firefox/41.0',	'en-US,en;q=0.5',	'2015-09-30 00:00:00',	'0000-00-00 00:00:00'),
(957,	957,	'INV-2013-00',	957,	'Your Store',	'http://localhost/tooko/',	1,	1,	'Aufa',	'Mutawakkil',	'aufamutawakkil@gmail.com',	'085732419681',	'0',	'[]',	'Aufa',	'Mutawakkil',	'IPaymu',	'Jl Ruko Anyar surabaya timur',	'Jl Ruko Anyar surabaya timur',	'Surabaya',	'62352',	'Indonesia',	100,	'',	0,	'[]',	'[]',	'Cash On Delivery',	'cod',	'Aufa',	'Mutawakkil',	'Selo Layar',	'Jl Ruko Anyar surabaya timur',	'Jl Ruko Anyar surabaya timur',	'Surabaya',	'62352',	'Indonesia',	100,	'Jawa Timur',	1517,	'Jl Ruko Anyar surabaya timur',	'[]',	'Flat Shipping Rate',	'flat.flat',	'pembelian',	481.3130,	5,	0,	78.8190,	0,	'0',	1,	2,	'USD',	8.21200000,	'::1',	'::1',	'Mozilla/5.0 (Windows NT 6.3; rv:41.0) Gecko/20100101 Firefox/41.0',	'en-US,en;q=0.5',	'2015-05-10 00:00:00',	'0000-00-00 00:00:00'),
(958,	958,	'INV-2013-00',	958,	'Your Store',	'http://localhost/tooko/',	1,	1,	'Aufa',	'Mutawakkil',	'aufamutawakkil@gmail.com',	'085732419681',	'0',	'[]',	'Aufa',	'Mutawakkil',	'IPaymu',	'Jl Ruko Anyar surabaya timur',	'Jl Ruko Anyar surabaya timur',	'Surabaya',	'62352',	'Indonesia',	100,	'',	0,	'[]',	'[]',	'Cash On Delivery',	'cod',	'Aufa',	'Mutawakkil',	'Selo Layar',	'Jl Ruko Anyar surabaya timur',	'Jl Ruko Anyar surabaya timur',	'Surabaya',	'62352',	'Indonesia',	100,	'Jawa Timur',	1517,	'Jl Ruko Anyar surabaya timur',	'[]',	'Flat Shipping Rate',	'flat.flat',	'pembelian',	929.7920,	5,	0,	44.1710,	0,	'0',	1,	2,	'USD',	11.90200000,	'::1',	'::1',	'Mozilla/5.0 (Windows NT 6.3; rv:41.0) Gecko/20100101 Firefox/41.0',	'en-US,en;q=0.5',	'2015-05-08 00:00:00',	'0000-00-00 00:00:00'),
(959,	959,	'INV-2013-00',	959,	'Your Store',	'http://localhost/tooko/',	1,	1,	'Aufa',	'Mutawakkil',	'aufamutawakkil@gmail.com',	'085732419681',	'0',	'[]',	'Aufa',	'Mutawakkil',	'IPaymu',	'Jl Ruko Anyar surabaya timur',	'Jl Ruko Anyar surabaya timur',	'Surabaya',	'62352',	'Indonesia',	100,	'',	0,	'[]',	'[]',	'Cash On Delivery',	'cod',	'Aufa',	'Mutawakkil',	'Selo Layar',	'Jl Ruko Anyar surabaya timur',	'Jl Ruko Anyar surabaya timur',	'Surabaya',	'62352',	'Indonesia',	100,	'Jawa Timur',	1517,	'Jl Ruko Anyar surabaya timur',	'[]',	'Flat Shipping Rate',	'flat.flat',	'pembelian',	692.7870,	5,	0,	16.6240,	0,	'0',	1,	2,	'USD',	86.72400000,	'::1',	'::1',	'Mozilla/5.0 (Windows NT 6.3; rv:41.0) Gecko/20100101 Firefox/41.0',	'en-US,en;q=0.5',	'2015-08-15 00:00:00',	'0000-00-00 00:00:00'),
(960,	960,	'INV-2013-00',	960,	'Your Store',	'http://localhost/tooko/',	1,	1,	'Aufa',	'Mutawakkil',	'aufamutawakkil@gmail.com',	'085732419681',	'0',	'[]',	'Aufa',	'Mutawakkil',	'IPaymu',	'Jl Ruko Anyar surabaya timur',	'Jl Ruko Anyar surabaya timur',	'Surabaya',	'62352',	'Indonesia',	100,	'',	0,	'[]',	'[]',	'Cash On Delivery',	'cod',	'Aufa',	'Mutawakkil',	'Selo Layar',	'Jl Ruko Anyar surabaya timur',	'Jl Ruko Anyar surabaya timur',	'Surabaya',	'62352',	'Indonesia',	100,	'Jawa Timur',	1517,	'Jl Ruko Anyar surabaya timur',	'[]',	'Flat Shipping Rate',	'flat.flat',	'pembelian',	992.2670,	5,	0,	77.3130,	0,	'0',	1,	2,	'USD',	89.05300000,	'::1',	'::1',	'Mozilla/5.0 (Windows NT 6.3; rv:41.0) Gecko/20100101 Firefox/41.0',	'en-US,en;q=0.5',	'2015-04-17 00:00:00',	'0000-00-00 00:00:00'),
(961,	961,	'INV-2013-00',	961,	'Your Store',	'http://localhost/tooko/',	1,	1,	'Aufa',	'Mutawakkil',	'aufamutawakkil@gmail.com',	'085732419681',	'0',	'[]',	'Aufa',	'Mutawakkil',	'IPaymu',	'Jl Ruko Anyar surabaya timur',	'Jl Ruko Anyar surabaya timur',	'Surabaya',	'62352',	'Indonesia',	100,	'',	0,	'[]',	'[]',	'Cash On Delivery',	'cod',	'Aufa',	'Mutawakkil',	'Selo Layar',	'Jl Ruko Anyar surabaya timur',	'Jl Ruko Anyar surabaya timur',	'Surabaya',	'62352',	'Indonesia',	100,	'Jawa Timur',	1517,	'Jl Ruko Anyar surabaya timur',	'[]',	'Flat Shipping Rate',	'flat.flat',	'pembelian',	928.1620,	5,	0,	44.5480,	0,	'0',	1,	2,	'USD',	36.07700000,	'::1',	'::1',	'Mozilla/5.0 (Windows NT 6.3; rv:41.0) Gecko/20100101 Firefox/41.0',	'en-US,en;q=0.5',	'2015-07-20 00:00:00',	'0000-00-00 00:00:00'),
(962,	962,	'INV-2013-00',	962,	'Your Store',	'http://localhost/tooko/',	1,	1,	'Aufa',	'Mutawakkil',	'aufamutawakkil@gmail.com',	'085732419681',	'0',	'[]',	'Aufa',	'Mutawakkil',	'IPaymu',	'Jl Ruko Anyar surabaya timur',	'Jl Ruko Anyar surabaya timur',	'Surabaya',	'62352',	'Indonesia',	100,	'',	0,	'[]',	'[]',	'Cash On Delivery',	'cod',	'Aufa',	'Mutawakkil',	'Selo Layar',	'Jl Ruko Anyar surabaya timur',	'Jl Ruko Anyar surabaya timur',	'Surabaya',	'62352',	'Indonesia',	100,	'Jawa Timur',	1517,	'Jl Ruko Anyar surabaya timur',	'[]',	'Flat Shipping Rate',	'flat.flat',	'pembelian',	737.8050,	5,	0,	1.6240,	0,	'0',	1,	2,	'USD',	67.37600000,	'::1',	'::1',	'Mozilla/5.0 (Windows NT 6.3; rv:41.0) Gecko/20100101 Firefox/41.0',	'en-US,en;q=0.5',	'2015-08-14 00:00:00',	'0000-00-00 00:00:00'),
(963,	963,	'INV-2013-00',	963,	'Your Store',	'http://localhost/tooko/',	1,	1,	'Aufa',	'Mutawakkil',	'aufamutawakkil@gmail.com',	'085732419681',	'0',	'[]',	'Aufa',	'Mutawakkil',	'IPaymu',	'Jl Ruko Anyar surabaya timur',	'Jl Ruko Anyar surabaya timur',	'Surabaya',	'62352',	'Indonesia',	100,	'',	0,	'[]',	'[]',	'Cash On Delivery',	'cod',	'Aufa',	'Mutawakkil',	'Selo Layar',	'Jl Ruko Anyar surabaya timur',	'Jl Ruko Anyar surabaya timur',	'Surabaya',	'62352',	'Indonesia',	100,	'Jawa Timur',	1517,	'Jl Ruko Anyar surabaya timur',	'[]',	'Flat Shipping Rate',	'flat.flat',	'pembelian',	358.3970,	5,	0,	90.7410,	0,	'0',	1,	2,	'USD',	80.83400000,	'::1',	'::1',	'Mozilla/5.0 (Windows NT 6.3; rv:41.0) Gecko/20100101 Firefox/41.0',	'en-US,en;q=0.5',	'2015-05-13 00:00:00',	'0000-00-00 00:00:00'),
(964,	964,	'INV-2013-00',	964,	'Your Store',	'http://localhost/tooko/',	1,	1,	'Aufa',	'Mutawakkil',	'aufamutawakkil@gmail.com',	'085732419681',	'0',	'[]',	'Aufa',	'Mutawakkil',	'IPaymu',	'Jl Ruko Anyar surabaya timur',	'Jl Ruko Anyar surabaya timur',	'Surabaya',	'62352',	'Indonesia',	100,	'',	0,	'[]',	'[]',	'Cash On Delivery',	'cod',	'Aufa',	'Mutawakkil',	'Selo Layar',	'Jl Ruko Anyar surabaya timur',	'Jl Ruko Anyar surabaya timur',	'Surabaya',	'62352',	'Indonesia',	100,	'Jawa Timur',	1517,	'Jl Ruko Anyar surabaya timur',	'[]',	'Flat Shipping Rate',	'flat.flat',	'pembelian',	439.5940,	5,	0,	59.4900,	0,	'0',	1,	2,	'USD',	75.64200000,	'::1',	'::1',	'Mozilla/5.0 (Windows NT 6.3; rv:41.0) Gecko/20100101 Firefox/41.0',	'en-US,en;q=0.5',	'2015-06-15 00:00:00',	'0000-00-00 00:00:00'),
(965,	965,	'INV-2013-00',	965,	'Your Store',	'http://localhost/tooko/',	1,	1,	'Aufa',	'Mutawakkil',	'aufamutawakkil@gmail.com',	'085732419681',	'0',	'[]',	'Aufa',	'Mutawakkil',	'IPaymu',	'Jl Ruko Anyar surabaya timur',	'Jl Ruko Anyar surabaya timur',	'Surabaya',	'62352',	'Indonesia',	100,	'',	0,	'[]',	'[]',	'Cash On Delivery',	'cod',	'Aufa',	'Mutawakkil',	'Selo Layar',	'Jl Ruko Anyar surabaya timur',	'Jl Ruko Anyar surabaya timur',	'Surabaya',	'62352',	'Indonesia',	100,	'Jawa Timur',	1517,	'Jl Ruko Anyar surabaya timur',	'[]',	'Flat Shipping Rate',	'flat.flat',	'pembelian',	215.6090,	5,	0,	78.3180,	0,	'0',	1,	2,	'USD',	38.80500000,	'::1',	'::1',	'Mozilla/5.0 (Windows NT 6.3; rv:41.0) Gecko/20100101 Firefox/41.0',	'en-US,en;q=0.5',	'2015-10-10 00:00:00',	'0000-00-00 00:00:00'),
(966,	966,	'INV-2013-00',	966,	'Your Store',	'http://localhost/tooko/',	1,	1,	'Aufa',	'Mutawakkil',	'aufamutawakkil@gmail.com',	'085732419681',	'0',	'[]',	'Aufa',	'Mutawakkil',	'IPaymu',	'Jl Ruko Anyar surabaya timur',	'Jl Ruko Anyar surabaya timur',	'Surabaya',	'62352',	'Indonesia',	100,	'',	0,	'[]',	'[]',	'Cash On Delivery',	'cod',	'Aufa',	'Mutawakkil',	'Selo Layar',	'Jl Ruko Anyar surabaya timur',	'Jl Ruko Anyar surabaya timur',	'Surabaya',	'62352',	'Indonesia',	100,	'Jawa Timur',	1517,	'Jl Ruko Anyar surabaya timur',	'[]',	'Flat Shipping Rate',	'flat.flat',	'pembelian',	341.8180,	5,	0,	91.6890,	0,	'0',	1,	2,	'USD',	56.59100000,	'::1',	'::1',	'Mozilla/5.0 (Windows NT 6.3; rv:41.0) Gecko/20100101 Firefox/41.0',	'en-US,en;q=0.5',	'2015-07-07 00:00:00',	'0000-00-00 00:00:00'),
(967,	967,	'INV-2013-00',	967,	'Your Store',	'http://localhost/tooko/',	1,	1,	'Aufa',	'Mutawakkil',	'aufamutawakkil@gmail.com',	'085732419681',	'0',	'[]',	'Aufa',	'Mutawakkil',	'IPaymu',	'Jl Ruko Anyar surabaya timur',	'Jl Ruko Anyar surabaya timur',	'Surabaya',	'62352',	'Indonesia',	100,	'',	0,	'[]',	'[]',	'Cash On Delivery',	'cod',	'Aufa',	'Mutawakkil',	'Selo Layar',	'Jl Ruko Anyar surabaya timur',	'Jl Ruko Anyar surabaya timur',	'Surabaya',	'62352',	'Indonesia',	100,	'Jawa Timur',	1517,	'Jl Ruko Anyar surabaya timur',	'[]',	'Flat Shipping Rate',	'flat.flat',	'pembelian',	738.6440,	5,	0,	14.0090,	0,	'0',	1,	2,	'USD',	3.64900000,	'::1',	'::1',	'Mozilla/5.0 (Windows NT 6.3; rv:41.0) Gecko/20100101 Firefox/41.0',	'en-US,en;q=0.5',	'2015-08-30 00:00:00',	'0000-00-00 00:00:00'),
(968,	968,	'INV-2013-00',	968,	'Your Store',	'http://localhost/tooko/',	1,	1,	'Aufa',	'Mutawakkil',	'aufamutawakkil@gmail.com',	'085732419681',	'0',	'[]',	'Aufa',	'Mutawakkil',	'IPaymu',	'Jl Ruko Anyar surabaya timur',	'Jl Ruko Anyar surabaya timur',	'Surabaya',	'62352',	'Indonesia',	100,	'',	0,	'[]',	'[]',	'Cash On Delivery',	'cod',	'Aufa',	'Mutawakkil',	'Selo Layar',	'Jl Ruko Anyar surabaya timur',	'Jl Ruko Anyar surabaya timur',	'Surabaya',	'62352',	'Indonesia',	100,	'Jawa Timur',	1517,	'Jl Ruko Anyar surabaya timur',	'[]',	'Flat Shipping Rate',	'flat.flat',	'pembelian',	239.0340,	5,	0,	76.0580,	0,	'0',	1,	2,	'USD',	93.55400000,	'::1',	'::1',	'Mozilla/5.0 (Windows NT 6.3; rv:41.0) Gecko/20100101 Firefox/41.0',	'en-US,en;q=0.5',	'2015-08-08 00:00:00',	'0000-00-00 00:00:00'),
(969,	969,	'INV-2013-00',	969,	'Your Store',	'http://localhost/tooko/',	1,	1,	'Aufa',	'Mutawakkil',	'aufamutawakkil@gmail.com',	'085732419681',	'0',	'[]',	'Aufa',	'Mutawakkil',	'IPaymu',	'Jl Ruko Anyar surabaya timur',	'Jl Ruko Anyar surabaya timur',	'Surabaya',	'62352',	'Indonesia',	100,	'',	0,	'[]',	'[]',	'Cash On Delivery',	'cod',	'Aufa',	'Mutawakkil',	'Selo Layar',	'Jl Ruko Anyar surabaya timur',	'Jl Ruko Anyar surabaya timur',	'Surabaya',	'62352',	'Indonesia',	100,	'Jawa Timur',	1517,	'Jl Ruko Anyar surabaya timur',	'[]',	'Flat Shipping Rate',	'flat.flat',	'pembelian',	614.7240,	5,	0,	81.6720,	0,	'0',	1,	2,	'USD',	47.35700000,	'::1',	'::1',	'Mozilla/5.0 (Windows NT 6.3; rv:41.0) Gecko/20100101 Firefox/41.0',	'en-US,en;q=0.5',	'2015-09-26 00:00:00',	'0000-00-00 00:00:00'),
(970,	970,	'INV-2013-00',	970,	'Your Store',	'http://localhost/tooko/',	1,	1,	'Aufa',	'Mutawakkil',	'aufamutawakkil@gmail.com',	'085732419681',	'0',	'[]',	'Aufa',	'Mutawakkil',	'IPaymu',	'Jl Ruko Anyar surabaya timur',	'Jl Ruko Anyar surabaya timur',	'Surabaya',	'62352',	'Indonesia',	100,	'',	0,	'[]',	'[]',	'Cash On Delivery',	'cod',	'Aufa',	'Mutawakkil',	'Selo Layar',	'Jl Ruko Anyar surabaya timur',	'Jl Ruko Anyar surabaya timur',	'Surabaya',	'62352',	'Indonesia',	100,	'Jawa Timur',	1517,	'Jl Ruko Anyar surabaya timur',	'[]',	'Flat Shipping Rate',	'flat.flat',	'pembelian',	229.9580,	5,	0,	81.2580,	0,	'0',	1,	2,	'USD',	95.02000000,	'::1',	'::1',	'Mozilla/5.0 (Windows NT 6.3; rv:41.0) Gecko/20100101 Firefox/41.0',	'en-US,en;q=0.5',	'2015-08-24 00:00:00',	'0000-00-00 00:00:00'),
(971,	971,	'INV-2013-00',	971,	'Your Store',	'http://localhost/tooko/',	1,	1,	'Aufa',	'Mutawakkil',	'aufamutawakkil@gmail.com',	'085732419681',	'0',	'[]',	'Aufa',	'Mutawakkil',	'IPaymu',	'Jl Ruko Anyar surabaya timur',	'Jl Ruko Anyar surabaya timur',	'Surabaya',	'62352',	'Indonesia',	100,	'',	0,	'[]',	'[]',	'Cash On Delivery',	'cod',	'Aufa',	'Mutawakkil',	'Selo Layar',	'Jl Ruko Anyar surabaya timur',	'Jl Ruko Anyar surabaya timur',	'Surabaya',	'62352',	'Indonesia',	100,	'Jawa Timur',	1517,	'Jl Ruko Anyar surabaya timur',	'[]',	'Flat Shipping Rate',	'flat.flat',	'pembelian',	211.8350,	5,	0,	12.4910,	0,	'0',	1,	2,	'USD',	60.46100000,	'::1',	'::1',	'Mozilla/5.0 (Windows NT 6.3; rv:41.0) Gecko/20100101 Firefox/41.0',	'en-US,en;q=0.5',	'2015-06-08 00:00:00',	'0000-00-00 00:00:00'),
(972,	972,	'INV-2013-00',	972,	'Your Store',	'http://localhost/tooko/',	1,	1,	'Aufa',	'Mutawakkil',	'aufamutawakkil@gmail.com',	'085732419681',	'0',	'[]',	'Aufa',	'Mutawakkil',	'IPaymu',	'Jl Ruko Anyar surabaya timur',	'Jl Ruko Anyar surabaya timur',	'Surabaya',	'62352',	'Indonesia',	100,	'',	0,	'[]',	'[]',	'Cash On Delivery',	'cod',	'Aufa',	'Mutawakkil',	'Selo Layar',	'Jl Ruko Anyar surabaya timur',	'Jl Ruko Anyar surabaya timur',	'Surabaya',	'62352',	'Indonesia',	100,	'Jawa Timur',	1517,	'Jl Ruko Anyar surabaya timur',	'[]',	'Flat Shipping Rate',	'flat.flat',	'pembelian',	186.2590,	5,	0,	44.4990,	0,	'0',	1,	2,	'USD',	54.96700000,	'::1',	'::1',	'Mozilla/5.0 (Windows NT 6.3; rv:41.0) Gecko/20100101 Firefox/41.0',	'en-US,en;q=0.5',	'2015-06-09 00:00:00',	'0000-00-00 00:00:00'),
(973,	973,	'INV-2013-00',	973,	'Your Store',	'http://localhost/tooko/',	1,	1,	'Aufa',	'Mutawakkil',	'aufamutawakkil@gmail.com',	'085732419681',	'0',	'[]',	'Aufa',	'Mutawakkil',	'IPaymu',	'Jl Ruko Anyar surabaya timur',	'Jl Ruko Anyar surabaya timur',	'Surabaya',	'62352',	'Indonesia',	100,	'',	0,	'[]',	'[]',	'Cash On Delivery',	'cod',	'Aufa',	'Mutawakkil',	'Selo Layar',	'Jl Ruko Anyar surabaya timur',	'Jl Ruko Anyar surabaya timur',	'Surabaya',	'62352',	'Indonesia',	100,	'Jawa Timur',	1517,	'Jl Ruko Anyar surabaya timur',	'[]',	'Flat Shipping Rate',	'flat.flat',	'pembelian',	856.5260,	5,	0,	87.2860,	0,	'0',	1,	2,	'USD',	25.80000000,	'::1',	'::1',	'Mozilla/5.0 (Windows NT 6.3; rv:41.0) Gecko/20100101 Firefox/41.0',	'en-US,en;q=0.5',	'2015-09-04 00:00:00',	'0000-00-00 00:00:00'),
(974,	974,	'INV-2013-00',	974,	'Your Store',	'http://localhost/tooko/',	1,	1,	'Aufa',	'Mutawakkil',	'aufamutawakkil@gmail.com',	'085732419681',	'0',	'[]',	'Aufa',	'Mutawakkil',	'IPaymu',	'Jl Ruko Anyar surabaya timur',	'Jl Ruko Anyar surabaya timur',	'Surabaya',	'62352',	'Indonesia',	100,	'',	0,	'[]',	'[]',	'Cash On Delivery',	'cod',	'Aufa',	'Mutawakkil',	'Selo Layar',	'Jl Ruko Anyar surabaya timur',	'Jl Ruko Anyar surabaya timur',	'Surabaya',	'62352',	'Indonesia',	100,	'Jawa Timur',	1517,	'Jl Ruko Anyar surabaya timur',	'[]',	'Flat Shipping Rate',	'flat.flat',	'pembelian',	205.0820,	5,	0,	15.8920,	0,	'0',	1,	2,	'USD',	24.74800000,	'::1',	'::1',	'Mozilla/5.0 (Windows NT 6.3; rv:41.0) Gecko/20100101 Firefox/41.0',	'en-US,en;q=0.5',	'2015-10-14 00:00:00',	'0000-00-00 00:00:00'),
(975,	975,	'INV-2013-00',	975,	'Your Store',	'http://localhost/tooko/',	1,	1,	'Aufa',	'Mutawakkil',	'aufamutawakkil@gmail.com',	'085732419681',	'0',	'[]',	'Aufa',	'Mutawakkil',	'IPaymu',	'Jl Ruko Anyar surabaya timur',	'Jl Ruko Anyar surabaya timur',	'Surabaya',	'62352',	'Indonesia',	100,	'',	0,	'[]',	'[]',	'Cash On Delivery',	'cod',	'Aufa',	'Mutawakkil',	'Selo Layar',	'Jl Ruko Anyar surabaya timur',	'Jl Ruko Anyar surabaya timur',	'Surabaya',	'62352',	'Indonesia',	100,	'Jawa Timur',	1517,	'Jl Ruko Anyar surabaya timur',	'[]',	'Flat Shipping Rate',	'flat.flat',	'pembelian',	147.1520,	5,	0,	73.9710,	0,	'0',	1,	2,	'USD',	90.70300000,	'::1',	'::1',	'Mozilla/5.0 (Windows NT 6.3; rv:41.0) Gecko/20100101 Firefox/41.0',	'en-US,en;q=0.5',	'2015-08-17 00:00:00',	'0000-00-00 00:00:00'),
(976,	976,	'INV-2013-00',	976,	'Your Store',	'http://localhost/tooko/',	1,	1,	'Aufa',	'Mutawakkil',	'aufamutawakkil@gmail.com',	'085732419681',	'0',	'[]',	'Aufa',	'Mutawakkil',	'IPaymu',	'Jl Ruko Anyar surabaya timur',	'Jl Ruko Anyar surabaya timur',	'Surabaya',	'62352',	'Indonesia',	100,	'',	0,	'[]',	'[]',	'Cash On Delivery',	'cod',	'Aufa',	'Mutawakkil',	'Selo Layar',	'Jl Ruko Anyar surabaya timur',	'Jl Ruko Anyar surabaya timur',	'Surabaya',	'62352',	'Indonesia',	100,	'Jawa Timur',	1517,	'Jl Ruko Anyar surabaya timur',	'[]',	'Flat Shipping Rate',	'flat.flat',	'pembelian',	200.8440,	5,	0,	14.8290,	0,	'0',	1,	2,	'USD',	75.77700000,	'::1',	'::1',	'Mozilla/5.0 (Windows NT 6.3; rv:41.0) Gecko/20100101 Firefox/41.0',	'en-US,en;q=0.5',	'2015-08-16 00:00:00',	'0000-00-00 00:00:00'),
(977,	977,	'INV-2013-00',	977,	'Your Store',	'http://localhost/tooko/',	1,	1,	'Aufa',	'Mutawakkil',	'aufamutawakkil@gmail.com',	'085732419681',	'0',	'[]',	'Aufa',	'Mutawakkil',	'IPaymu',	'Jl Ruko Anyar surabaya timur',	'Jl Ruko Anyar surabaya timur',	'Surabaya',	'62352',	'Indonesia',	100,	'',	0,	'[]',	'[]',	'Cash On Delivery',	'cod',	'Aufa',	'Mutawakkil',	'Selo Layar',	'Jl Ruko Anyar surabaya timur',	'Jl Ruko Anyar surabaya timur',	'Surabaya',	'62352',	'Indonesia',	100,	'Jawa Timur',	1517,	'Jl Ruko Anyar surabaya timur',	'[]',	'Flat Shipping Rate',	'flat.flat',	'pembelian',	840.9890,	5,	0,	1.8920,	0,	'0',	1,	2,	'USD',	54.17700000,	'::1',	'::1',	'Mozilla/5.0 (Windows NT 6.3; rv:41.0) Gecko/20100101 Firefox/41.0',	'en-US,en;q=0.5',	'2015-04-20 00:00:00',	'0000-00-00 00:00:00'),
(978,	978,	'INV-2013-00',	978,	'Your Store',	'http://localhost/tooko/',	1,	1,	'Aufa',	'Mutawakkil',	'aufamutawakkil@gmail.com',	'085732419681',	'0',	'[]',	'Aufa',	'Mutawakkil',	'IPaymu',	'Jl Ruko Anyar surabaya timur',	'Jl Ruko Anyar surabaya timur',	'Surabaya',	'62352',	'Indonesia',	100,	'',	0,	'[]',	'[]',	'Cash On Delivery',	'cod',	'Aufa',	'Mutawakkil',	'Selo Layar',	'Jl Ruko Anyar surabaya timur',	'Jl Ruko Anyar surabaya timur',	'Surabaya',	'62352',	'Indonesia',	100,	'Jawa Timur',	1517,	'Jl Ruko Anyar surabaya timur',	'[]',	'Flat Shipping Rate',	'flat.flat',	'pembelian',	646.9020,	5,	0,	49.5020,	0,	'0',	1,	2,	'USD',	46.82700000,	'::1',	'::1',	'Mozilla/5.0 (Windows NT 6.3; rv:41.0) Gecko/20100101 Firefox/41.0',	'en-US,en;q=0.5',	'2015-09-02 00:00:00',	'0000-00-00 00:00:00'),
(979,	979,	'INV-2013-00',	979,	'Your Store',	'http://localhost/tooko/',	1,	1,	'Aufa',	'Mutawakkil',	'aufamutawakkil@gmail.com',	'085732419681',	'0',	'[]',	'Aufa',	'Mutawakkil',	'IPaymu',	'Jl Ruko Anyar surabaya timur',	'Jl Ruko Anyar surabaya timur',	'Surabaya',	'62352',	'Indonesia',	100,	'',	0,	'[]',	'[]',	'Cash On Delivery',	'cod',	'Aufa',	'Mutawakkil',	'Selo Layar',	'Jl Ruko Anyar surabaya timur',	'Jl Ruko Anyar surabaya timur',	'Surabaya',	'62352',	'Indonesia',	100,	'Jawa Timur',	1517,	'Jl Ruko Anyar surabaya timur',	'[]',	'Flat Shipping Rate',	'flat.flat',	'pembelian',	413.5310,	5,	0,	36.9550,	0,	'0',	1,	2,	'USD',	16.30600000,	'::1',	'::1',	'Mozilla/5.0 (Windows NT 6.3; rv:41.0) Gecko/20100101 Firefox/41.0',	'en-US,en;q=0.5',	'2015-05-28 00:00:00',	'0000-00-00 00:00:00'),
(980,	980,	'INV-2013-00',	980,	'Your Store',	'http://localhost/tooko/',	1,	1,	'Aufa',	'Mutawakkil',	'aufamutawakkil@gmail.com',	'085732419681',	'0',	'[]',	'Aufa',	'Mutawakkil',	'IPaymu',	'Jl Ruko Anyar surabaya timur',	'Jl Ruko Anyar surabaya timur',	'Surabaya',	'62352',	'Indonesia',	100,	'',	0,	'[]',	'[]',	'Cash On Delivery',	'cod',	'Aufa',	'Mutawakkil',	'Selo Layar',	'Jl Ruko Anyar surabaya timur',	'Jl Ruko Anyar surabaya timur',	'Surabaya',	'62352',	'Indonesia',	100,	'Jawa Timur',	1517,	'Jl Ruko Anyar surabaya timur',	'[]',	'Flat Shipping Rate',	'flat.flat',	'pembelian',	105.2800,	5,	0,	69.6500,	0,	'0',	1,	2,	'USD',	28.09200000,	'::1',	'::1',	'Mozilla/5.0 (Windows NT 6.3; rv:41.0) Gecko/20100101 Firefox/41.0',	'en-US,en;q=0.5',	'2015-09-13 00:00:00',	'0000-00-00 00:00:00'),
(981,	981,	'INV-2013-00',	981,	'Your Store',	'http://localhost/tooko/',	1,	1,	'Aufa',	'Mutawakkil',	'aufamutawakkil@gmail.com',	'085732419681',	'0',	'[]',	'Aufa',	'Mutawakkil',	'IPaymu',	'Jl Ruko Anyar surabaya timur',	'Jl Ruko Anyar surabaya timur',	'Surabaya',	'62352',	'Indonesia',	100,	'',	0,	'[]',	'[]',	'Cash On Delivery',	'cod',	'Aufa',	'Mutawakkil',	'Selo Layar',	'Jl Ruko Anyar surabaya timur',	'Jl Ruko Anyar surabaya timur',	'Surabaya',	'62352',	'Indonesia',	100,	'Jawa Timur',	1517,	'Jl Ruko Anyar surabaya timur',	'[]',	'Flat Shipping Rate',	'flat.flat',	'pembelian',	322.7520,	5,	0,	47.2770,	0,	'0',	1,	2,	'USD',	35.87700000,	'::1',	'::1',	'Mozilla/5.0 (Windows NT 6.3; rv:41.0) Gecko/20100101 Firefox/41.0',	'en-US,en;q=0.5',	'2015-03-25 00:00:00',	'0000-00-00 00:00:00'),
(982,	982,	'INV-2013-00',	982,	'Your Store',	'http://localhost/tooko/',	1,	1,	'Aufa',	'Mutawakkil',	'aufamutawakkil@gmail.com',	'085732419681',	'0',	'[]',	'Aufa',	'Mutawakkil',	'IPaymu',	'Jl Ruko Anyar surabaya timur',	'Jl Ruko Anyar surabaya timur',	'Surabaya',	'62352',	'Indonesia',	100,	'',	0,	'[]',	'[]',	'Cash On Delivery',	'cod',	'Aufa',	'Mutawakkil',	'Selo Layar',	'Jl Ruko Anyar surabaya timur',	'Jl Ruko Anyar surabaya timur',	'Surabaya',	'62352',	'Indonesia',	100,	'Jawa Timur',	1517,	'Jl Ruko Anyar surabaya timur',	'[]',	'Flat Shipping Rate',	'flat.flat',	'pembelian',	963.0270,	5,	0,	17.2460,	0,	'0',	1,	2,	'USD',	70.43700000,	'::1',	'::1',	'Mozilla/5.0 (Windows NT 6.3; rv:41.0) Gecko/20100101 Firefox/41.0',	'en-US,en;q=0.5',	'2015-07-20 00:00:00',	'0000-00-00 00:00:00'),
(983,	983,	'INV-2013-00',	983,	'Your Store',	'http://localhost/tooko/',	1,	1,	'Aufa',	'Mutawakkil',	'aufamutawakkil@gmail.com',	'085732419681',	'0',	'[]',	'Aufa',	'Mutawakkil',	'IPaymu',	'Jl Ruko Anyar surabaya timur',	'Jl Ruko Anyar surabaya timur',	'Surabaya',	'62352',	'Indonesia',	100,	'',	0,	'[]',	'[]',	'Cash On Delivery',	'cod',	'Aufa',	'Mutawakkil',	'Selo Layar',	'Jl Ruko Anyar surabaya timur',	'Jl Ruko Anyar surabaya timur',	'Surabaya',	'62352',	'Indonesia',	100,	'Jawa Timur',	1517,	'Jl Ruko Anyar surabaya timur',	'[]',	'Flat Shipping Rate',	'flat.flat',	'pembelian',	631.6970,	5,	0,	21.6100,	0,	'0',	1,	2,	'USD',	69.34200000,	'::1',	'::1',	'Mozilla/5.0 (Windows NT 6.3; rv:41.0) Gecko/20100101 Firefox/41.0',	'en-US,en;q=0.5',	'2015-05-14 00:00:00',	'0000-00-00 00:00:00'),
(984,	984,	'INV-2013-00',	984,	'Your Store',	'http://localhost/tooko/',	1,	1,	'Aufa',	'Mutawakkil',	'aufamutawakkil@gmail.com',	'085732419681',	'0',	'[]',	'Aufa',	'Mutawakkil',	'IPaymu',	'Jl Ruko Anyar surabaya timur',	'Jl Ruko Anyar surabaya timur',	'Surabaya',	'62352',	'Indonesia',	100,	'',	0,	'[]',	'[]',	'Cash On Delivery',	'cod',	'Aufa',	'Mutawakkil',	'Selo Layar',	'Jl Ruko Anyar surabaya timur',	'Jl Ruko Anyar surabaya timur',	'Surabaya',	'62352',	'Indonesia',	100,	'Jawa Timur',	1517,	'Jl Ruko Anyar surabaya timur',	'[]',	'Flat Shipping Rate',	'flat.flat',	'pembelian',	362.3870,	5,	0,	54.0580,	0,	'0',	1,	2,	'USD',	50.41900000,	'::1',	'::1',	'Mozilla/5.0 (Windows NT 6.3; rv:41.0) Gecko/20100101 Firefox/41.0',	'en-US,en;q=0.5',	'2015-09-04 00:00:00',	'0000-00-00 00:00:00'),
(985,	985,	'INV-2013-00',	985,	'Your Store',	'http://localhost/tooko/',	1,	1,	'Aufa',	'Mutawakkil',	'aufamutawakkil@gmail.com',	'085732419681',	'0',	'[]',	'Aufa',	'Mutawakkil',	'IPaymu',	'Jl Ruko Anyar surabaya timur',	'Jl Ruko Anyar surabaya timur',	'Surabaya',	'62352',	'Indonesia',	100,	'',	0,	'[]',	'[]',	'Cash On Delivery',	'cod',	'Aufa',	'Mutawakkil',	'Selo Layar',	'Jl Ruko Anyar surabaya timur',	'Jl Ruko Anyar surabaya timur',	'Surabaya',	'62352',	'Indonesia',	100,	'Jawa Timur',	1517,	'Jl Ruko Anyar surabaya timur',	'[]',	'Flat Shipping Rate',	'flat.flat',	'pembelian',	691.7860,	5,	0,	51.0660,	0,	'0',	1,	2,	'USD',	20.52500000,	'::1',	'::1',	'Mozilla/5.0 (Windows NT 6.3; rv:41.0) Gecko/20100101 Firefox/41.0',	'en-US,en;q=0.5',	'2015-04-09 00:00:00',	'0000-00-00 00:00:00'),
(986,	986,	'INV-2013-00',	986,	'Your Store',	'http://localhost/tooko/',	1,	1,	'Aufa',	'Mutawakkil',	'aufamutawakkil@gmail.com',	'085732419681',	'0',	'[]',	'Aufa',	'Mutawakkil',	'IPaymu',	'Jl Ruko Anyar surabaya timur',	'Jl Ruko Anyar surabaya timur',	'Surabaya',	'62352',	'Indonesia',	100,	'',	0,	'[]',	'[]',	'Cash On Delivery',	'cod',	'Aufa',	'Mutawakkil',	'Selo Layar',	'Jl Ruko Anyar surabaya timur',	'Jl Ruko Anyar surabaya timur',	'Surabaya',	'62352',	'Indonesia',	100,	'Jawa Timur',	1517,	'Jl Ruko Anyar surabaya timur',	'[]',	'Flat Shipping Rate',	'flat.flat',	'pembelian',	906.9990,	5,	0,	60.2370,	0,	'0',	1,	2,	'USD',	81.01800000,	'::1',	'::1',	'Mozilla/5.0 (Windows NT 6.3; rv:41.0) Gecko/20100101 Firefox/41.0',	'en-US,en;q=0.5',	'2015-09-10 00:00:00',	'0000-00-00 00:00:00'),
(988,	988,	'INV-2013-00',	988,	'Your Store',	'http://localhost/tooko/',	1,	1,	'Aufa',	'Mutawakkil',	'aufamutawakkil@gmail.com',	'085732419681',	'0',	'[]',	'Aufa',	'Mutawakkil',	'IPaymu',	'Jl Ruko Anyar surabaya timur',	'Jl Ruko Anyar surabaya timur',	'Surabaya',	'62352',	'Indonesia',	100,	'',	0,	'[]',	'[]',	'Cash On Delivery',	'cod',	'Aufa',	'Mutawakkil',	'Selo Layar',	'Jl Ruko Anyar surabaya timur',	'Jl Ruko Anyar surabaya timur',	'Surabaya',	'62352',	'Indonesia',	100,	'Jawa Timur',	1517,	'Jl Ruko Anyar surabaya timur',	'[]',	'Flat Shipping Rate',	'flat.flat',	'pembelian',	183.9100,	5,	0,	95.2210,	0,	'0',	1,	2,	'USD',	14.58900000,	'::1',	'::1',	'Mozilla/5.0 (Windows NT 6.3; rv:41.0) Gecko/20100101 Firefox/41.0',	'en-US,en;q=0.5',	'2015-03-27 00:00:00',	'0000-00-00 00:00:00'),
(991,	991,	'INV-2013-00',	991,	'Your Store',	'http://localhost/tooko/',	1,	1,	'Aufa',	'Mutawakkil',	'aufamutawakkil@gmail.com',	'085732419681',	'0',	'[]',	'Aufa',	'Mutawakkil',	'IPaymu',	'Jl Ruko Anyar surabaya timur',	'Jl Ruko Anyar surabaya timur',	'Surabaya',	'62352',	'Indonesia',	100,	'',	0,	'[]',	'[]',	'Cash On Delivery',	'cod',	'Aufa',	'Mutawakkil',	'Selo Layar',	'Jl Ruko Anyar surabaya timur',	'Jl Ruko Anyar surabaya timur',	'Surabaya',	'62352',	'Indonesia',	100,	'Jawa Timur',	1517,	'Jl Ruko Anyar surabaya timur',	'[]',	'Flat Shipping Rate',	'flat.flat',	'pembelian',	541.9240,	5,	0,	28.7240,	0,	'0',	1,	2,	'USD',	72.70300000,	'::1',	'::1',	'Mozilla/5.0 (Windows NT 6.3; rv:41.0) Gecko/20100101 Firefox/41.0',	'en-US,en;q=0.5',	'2015-04-08 00:00:00',	'0000-00-00 00:00:00'),
(992,	992,	'INV-2013-00',	992,	'Your Store',	'http://localhost/tooko/',	1,	1,	'Aufa',	'Mutawakkil',	'aufamutawakkil@gmail.com',	'085732419681',	'0',	'[]',	'Aufa',	'Mutawakkil',	'IPaymu',	'Jl Ruko Anyar surabaya timur',	'Jl Ruko Anyar surabaya timur',	'Surabaya',	'62352',	'Indonesia',	100,	'',	0,	'[]',	'[]',	'Cash On Delivery',	'cod',	'Aufa',	'Mutawakkil',	'Selo Layar',	'Jl Ruko Anyar surabaya timur',	'Jl Ruko Anyar surabaya timur',	'Surabaya',	'62352',	'Indonesia',	100,	'Jawa Timur',	1517,	'Jl Ruko Anyar surabaya timur',	'[]',	'Flat Shipping Rate',	'flat.flat',	'pembelian',	908.1810,	5,	0,	32.3950,	0,	'0',	1,	2,	'USD',	67.54900000,	'::1',	'::1',	'Mozilla/5.0 (Windows NT 6.3; rv:41.0) Gecko/20100101 Firefox/41.0',	'en-US,en;q=0.5',	'2015-06-07 00:00:00',	'0000-00-00 00:00:00'),
(993,	993,	'INV-2013-00',	993,	'Your Store',	'http://localhost/tooko/',	1,	1,	'Aufa',	'Mutawakkil',	'aufamutawakkil@gmail.com',	'085732419681',	'0',	'[]',	'Aufa',	'Mutawakkil',	'IPaymu',	'Jl Ruko Anyar surabaya timur',	'Jl Ruko Anyar surabaya timur',	'Surabaya',	'62352',	'Indonesia',	100,	'',	0,	'[]',	'[]',	'Cash On Delivery',	'cod',	'Aufa',	'Mutawakkil',	'Selo Layar',	'Jl Ruko Anyar surabaya timur',	'Jl Ruko Anyar surabaya timur',	'Surabaya',	'62352',	'Indonesia',	100,	'Jawa Timur',	1517,	'Jl Ruko Anyar surabaya timur',	'[]',	'Flat Shipping Rate',	'flat.flat',	'pembelian',	606.3280,	5,	0,	89.4900,	0,	'0',	1,	2,	'USD',	57.30400000,	'::1',	'::1',	'Mozilla/5.0 (Windows NT 6.3; rv:41.0) Gecko/20100101 Firefox/41.0',	'en-US,en;q=0.5',	'2015-06-07 00:00:00',	'0000-00-00 00:00:00'),
(994,	994,	'INV-2013-00',	994,	'Your Store',	'http://localhost/tooko/',	1,	1,	'Aufa',	'Mutawakkil',	'aufamutawakkil@gmail.com',	'085732419681',	'0',	'[]',	'Aufa',	'Mutawakkil',	'IPaymu',	'Jl Ruko Anyar surabaya timur',	'Jl Ruko Anyar surabaya timur',	'Surabaya',	'62352',	'Indonesia',	100,	'',	0,	'[]',	'[]',	'Cash On Delivery',	'cod',	'Aufa',	'Mutawakkil',	'Selo Layar',	'Jl Ruko Anyar surabaya timur',	'Jl Ruko Anyar surabaya timur',	'Surabaya',	'62352',	'Indonesia',	100,	'Jawa Timur',	1517,	'Jl Ruko Anyar surabaya timur',	'[]',	'Flat Shipping Rate',	'flat.flat',	'pembelian',	232.9750,	5,	0,	73.9060,	0,	'0',	1,	2,	'USD',	75.08500000,	'::1',	'::1',	'Mozilla/5.0 (Windows NT 6.3; rv:41.0) Gecko/20100101 Firefox/41.0',	'en-US,en;q=0.5',	'2015-06-22 00:00:00',	'0000-00-00 00:00:00'),
(995,	995,	'INV-2013-00',	995,	'Your Store',	'http://localhost/tooko/',	1,	1,	'Aufa',	'Mutawakkil',	'aufamutawakkil@gmail.com',	'085732419681',	'0',	'[]',	'Aufa',	'Mutawakkil',	'IPaymu',	'Jl Ruko Anyar surabaya timur',	'Jl Ruko Anyar surabaya timur',	'Surabaya',	'62352',	'Indonesia',	100,	'',	0,	'[]',	'[]',	'Cash On Delivery',	'cod',	'Aufa',	'Mutawakkil',	'Selo Layar',	'Jl Ruko Anyar surabaya timur',	'Jl Ruko Anyar surabaya timur',	'Surabaya',	'62352',	'Indonesia',	100,	'Jawa Timur',	1517,	'Jl Ruko Anyar surabaya timur',	'[]',	'Flat Shipping Rate',	'flat.flat',	'pembelian',	671.2820,	5,	0,	95.8730,	0,	'0',	1,	2,	'USD',	22.53100000,	'::1',	'::1',	'Mozilla/5.0 (Windows NT 6.3; rv:41.0) Gecko/20100101 Firefox/41.0',	'en-US,en;q=0.5',	'2015-08-02 00:00:00',	'0000-00-00 00:00:00'),
(996,	996,	'INV-2013-00',	996,	'Your Store',	'http://localhost/tooko/',	1,	1,	'Aufa',	'Mutawakkil',	'aufamutawakkil@gmail.com',	'085732419681',	'0',	'[]',	'Aufa',	'Mutawakkil',	'IPaymu',	'Jl Ruko Anyar surabaya timur',	'Jl Ruko Anyar surabaya timur',	'Surabaya',	'62352',	'Indonesia',	100,	'',	0,	'[]',	'[]',	'Cash On Delivery',	'cod',	'Aufa',	'Mutawakkil',	'Selo Layar',	'Jl Ruko Anyar surabaya timur',	'Jl Ruko Anyar surabaya timur',	'Surabaya',	'62352',	'Indonesia',	100,	'Jawa Timur',	1517,	'Jl Ruko Anyar surabaya timur',	'[]',	'Flat Shipping Rate',	'flat.flat',	'pembelian',	844.7650,	5,	0,	41.4750,	0,	'0',	1,	2,	'USD',	20.05100000,	'::1',	'::1',	'Mozilla/5.0 (Windows NT 6.3; rv:41.0) Gecko/20100101 Firefox/41.0',	'en-US,en;q=0.5',	'2015-03-24 00:00:00',	'0000-00-00 00:00:00'),
(997,	997,	'INV-2013-00',	997,	'Your Store',	'http://localhost/tooko/',	1,	1,	'Aufa',	'Mutawakkil',	'aufamutawakkil@gmail.com',	'085732419681',	'0',	'[]',	'Aufa',	'Mutawakkil',	'IPaymu',	'Jl Ruko Anyar surabaya timur',	'Jl Ruko Anyar surabaya timur',	'Surabaya',	'62352',	'Indonesia',	100,	'',	0,	'[]',	'[]',	'Cash On Delivery',	'cod',	'Aufa',	'Mutawakkil',	'Selo Layar',	'Jl Ruko Anyar surabaya timur',	'Jl Ruko Anyar surabaya timur',	'Surabaya',	'62352',	'Indonesia',	100,	'Jawa Timur',	1517,	'Jl Ruko Anyar surabaya timur',	'[]',	'Flat Shipping Rate',	'flat.flat',	'pembelian',	979.0630,	5,	0,	69.6100,	0,	'0',	1,	2,	'USD',	12.17000000,	'::1',	'::1',	'Mozilla/5.0 (Windows NT 6.3; rv:41.0) Gecko/20100101 Firefox/41.0',	'en-US,en;q=0.5',	'2015-09-21 00:00:00',	'0000-00-00 00:00:00'),
(999,	999,	'INV-2013-00',	999,	'Your Store',	'http://localhost/tooko/',	1,	1,	'Aufa',	'Mutawakkil',	'aufamutawakkil@gmail.com',	'085732419681',	'0',	'[]',	'Aufa',	'Mutawakkil',	'IPaymu',	'Jl Ruko Anyar surabaya timur',	'Jl Ruko Anyar surabaya timur',	'Surabaya',	'62352',	'Indonesia',	100,	'',	0,	'[]',	'[]',	'Cash On Delivery',	'cod',	'Aufa',	'Mutawakkil',	'Selo Layar',	'Jl Ruko Anyar surabaya timur',	'Jl Ruko Anyar surabaya timur',	'Surabaya',	'62352',	'Indonesia',	100,	'Jawa Timur',	1517,	'Jl Ruko Anyar surabaya timur',	'[]',	'Flat Shipping Rate',	'flat.flat',	'pembelian',	719.5510,	5,	0,	96.9620,	0,	'0',	1,	2,	'USD',	4.54500000,	'::1',	'::1',	'Mozilla/5.0 (Windows NT 6.3; rv:41.0) Gecko/20100101 Firefox/41.0',	'en-US,en;q=0.5',	'2015-05-13 00:00:00',	'0000-00-00 00:00:00'),
(1000,	1000,	'INV-2013-00',	1000,	'Your Store',	'http://localhost/tooko/',	1,	1,	'Aufa',	'Mutawakkil',	'aufamutawakkil@gmail.com',	'085732419681',	'0',	'[]',	'Aufa',	'Mutawakkil',	'IPaymu',	'Jl Ruko Anyar surabaya timur',	'Jl Ruko Anyar surabaya timur',	'Surabaya',	'62352',	'Indonesia',	100,	'',	0,	'[]',	'[]',	'Cash On Delivery',	'cod',	'Aufa',	'Mutawakkil',	'Selo Layar',	'Jl Ruko Anyar surabaya timur',	'Jl Ruko Anyar surabaya timur',	'Surabaya',	'62352',	'Indonesia',	100,	'Jawa Timur',	1517,	'Jl Ruko Anyar surabaya timur',	'[]',	'Flat Shipping Rate',	'flat.flat',	'pembelian',	837.0240,	5,	0,	17.7330,	0,	'0',	1,	2,	'USD',	93.63400000,	'::1',	'::1',	'Mozilla/5.0 (Windows NT 6.3; rv:41.0) Gecko/20100101 Firefox/41.0',	'en-US,en;q=0.5',	'2015-10-10 00:00:00',	'0000-00-00 00:00:00'),
(1002,	0,	'INV-2013-00',	0,	'Your Store',	'http://localhost/tooko/',	0,	1,	'Anwar',	'Mifta',	'anwarmifta@gmail.com',	'085732419681',	'',	'[]',	'Anwar',	'Mifta',	'',	'Jl. Mangukusumo No 5 Surabaya Selatan',	'',	'surabaya',	'32623',	'Indonesia',	100,	'Jawa Timur',	1517,	'',	'[]',	'Cash On Delivery',	'cod',	'Anwar',	'Mifta',	'',	'Jl. Mangukusumo No 5 Surabaya Selatan',	'',	'surabaya',	'32623',	'Indonesia',	100,	'Jawa Timur',	1517,	'',	'[]',	'Flat Shipping Rate',	'flat.flat',	'ini adalaha pengurmnin',	7000005.0000,	0,	0,	0.0000,	0,	'',	1,	3,	'IDR',	1.00000000,	'::1',	'',	'Mozilla/5.0 (Windows NT 6.3) AppleWebKit/537.36 (KHTML, like Gecko) Chrome/46.0.2490.80 Safari/537.36',	'en-US,en;q=0.8',	'2015-11-05 06:27:43',	'2015-11-05 06:27:43'),
(1003,	1001,	'INV-2013-00',	0,	'Your Store',	'http://localhost/tooko/',	0,	1,	'Anwar',	'Mifta',	'anwarmifta@gmail.com',	'085732419681',	'',	'[]',	'Anwar',	'Mifta',	'',	'Jl. Mangukusumo No 5 Surabaya Selatan',	'',	'surabaya',	'32623',	'Indonesia',	100,	'Jawa Timur',	1517,	'',	'[]',	'Cash On Delivery',	'cod',	'Anwar',	'Mifta',	'',	'Jl. Mangukusumo No 5 Surabaya Selatan',	'',	'surabaya',	'32623',	'Indonesia',	100,	'Jawa Timur',	1517,	'',	'[]',	'Flat Shipping Rate',	'flat.flat',	'ini adalaha pengurmnin',	7025000.0000,	5,	0,	0.0000,	0,	'',	1,	3,	'IDR',	1.00000000,	'::1',	'',	'Mozilla/5.0 (Windows NT 6.3) AppleWebKit/537.36 (KHTML, like Gecko) Chrome/46.0.2490.80 Safari/537.36',	'en-US,en;q=0.8',	'2015-11-05 06:29:04',	'2015-11-05 06:32:30'),
(1006,	1004,	'INV-2013-00',	0,	'Lazada',	'http://localhost/tooko/',	1,	1,	'Aufa ',	'Mutawakkil',	'aufamutawakkil@gmail.com',	'085732419681',	'',	'',	'Aufa ',	'Mutawakkil',	'',	'Jl Ruko Anyar surabaya timur',	'',	'Surabaya',	'62352',	'Indonesia',	100,	'Jawa Timur',	1517,	'',	'[]',	'Cash On Delivery',	'cod',	'Aufa ',	'Mutawakkil',	'',	'Jl Ruko Anyar surabaya timur',	'',	'Surabaya',	'62352',	'Indonesia',	100,	'Jawa Timur',	1517,	'',	'[]',	'Flat Shipping Rate',	'flat.flat',	'',	525000.0000,	1,	0,	0.0000,	0,	'',	1,	3,	'IDR',	1.00000000,	'::1',	'',	'Mozilla/5.0 (Windows NT 6.3) AppleWebKit/537.36 (KHTML, like Gecko) Chrome/46.0.2490.80 Safari/537.36',	'en-US,en;q=0.8',	'2015-11-05 21:37:32',	'2015-11-05 21:37:33'),
(1007,	0,	'INV-2013-00',	0,	'Lazada',	'http://localhost/tooko/',	1,	1,	'Aufa ',	'Mutawakkil',	'aufamutawakkil@gmail.com',	'085732419681',	'',	'',	'Aufa ',	'Mutawakkil',	'',	'Jl Ruko Anyar surabaya timur',	'',	'Surabaya',	'62352',	'Indonesia',	100,	'Jawa Timur',	1517,	'',	'[]',	'Cash On Delivery',	'cod',	'Aufa ',	'Mutawakkil',	'',	'Jl Ruko Anyar surabaya timur',	'',	'Surabaya',	'62352',	'Indonesia',	100,	'Jawa Timur',	1517,	'',	'[]',	'Flat Shipping Rate',	'flat.flat',	'',	525000.0000,	15,	0,	0.0000,	0,	'',	1,	3,	'IDR',	1.00000000,	'::1',	'',	'Mozilla/5.0 (Windows NT 6.3) AppleWebKit/537.36 (KHTML, like Gecko) Chrome/46.0.2490.80 Safari/537.36',	'en-US,en;q=0.8',	'2015-11-06 03:43:10',	'2015-11-14 23:02:01'),
(1008,	0,	'INV-2013-00',	0,	'Lazada',	'http://localhost/tooko/',	1,	1,	'Aufa ',	'Mutawakkil',	'aufamutawakkil@gmail.com',	'085732419681',	'',	'',	'Aufa ',	'Mutawakkil',	'',	'Jl Ruko Anyar surabaya timur',	'',	'Surabaya',	'62352',	'Indonesia',	100,	'Jawa Timur',	1517,	'',	'[]',	'Cash On Delivery',	'cod',	'Aufa ',	'Mutawakkil',	'',	'Jl Ruko Anyar surabaya timur',	'',	'Surabaya',	'62352',	'Indonesia',	100,	'Jawa Timur',	1517,	'',	'[]',	'Flat Shipping Rate',	'flat.flat',	'',	525000.0000,	0,	0,	0.0000,	0,	'',	1,	3,	'IDR',	1.00000000,	'::1',	'',	'Mozilla/5.0 (Windows NT 6.3) AppleWebKit/537.36 (KHTML, like Gecko) Chrome/46.0.2490.80 Safari/537.36',	'en-US,en;q=0.8',	'2015-11-06 03:49:03',	'2015-11-06 03:49:03'),
(1009,	0,	'INV-2013-00',	0,	'Lazada',	'http://localhost/tooko/',	1,	1,	'Aufa ',	'Mutawakkil',	'aufamutawakkil@gmail.com',	'085732419681',	'',	'',	'Aufa ',	'Mutawakkil',	'',	'Jl Ruko Anyar surabaya timur',	'',	'Surabaya',	'62352',	'Indonesia',	100,	'Jawa Timur',	1517,	'',	'[]',	'Cash On Delivery',	'cod',	'Aufa ',	'Mutawakkil',	'',	'Jl Ruko Anyar surabaya timur',	'',	'Surabaya',	'62352',	'Indonesia',	100,	'Jawa Timur',	1517,	'',	'[]',	'Flat Shipping Rate',	'flat.flat',	'',	475000.0000,	1,	0,	0.0000,	0,	'',	1,	3,	'IDR',	1.00000000,	'::1',	'',	'Mozilla/5.0 (Windows NT 6.3) AppleWebKit/537.36 (KHTML, like Gecko) Chrome/46.0.2490.80 Safari/537.36',	'en-US,en;q=0.8',	'2015-11-06 03:51:02',	'2015-11-06 03:51:03'),
(1012,	0,	'INV-2013-00',	0,	'Toys Kingdom',	'http://localhost/tooko/',	2,	1,	'Mifta',	'Anwar',	'mifta@gmail.com',	'085732419876',	'',	'',	'Mifta',	'Anwar',	'antoce.co',	'Perumahan HH gang 2 Surabaya selatan',	'',	'Surabaya',	'8765',	'Indonesia',	100,	'Jawa Timur',	1517,	'',	'[]',	'Cash On Delivery',	'cod',	'Mifta',	'Anwar',	'antoce.co',	'Perumahan HH gang 2 Surabaya selatan',	'',	'Surabaya',	'8765',	'Indonesia',	100,	'Jawa Timur',	1517,	'',	'[]',	'Flat Shipping Rate',	'flat.flat',	'',	415000.0000,	3,	0,	0.0000,	0,	'',	2,	3,	'IDR',	1.00000000,	'::1',	'',	'Mozilla/5.0 (Windows NT 6.3) AppleWebKit/537.36 (KHTML, like Gecko) Chrome/46.0.2490.86 Safari/537.36',	'en-US,en;q=0.8',	'2015-11-15 09:07:31',	'2015-11-15 09:08:17'),
(1013,	0,	'INV-2013-00',	0,	'Toys Kingdom',	'http://localhost/tooko/',	1,	1,	'Aufa ',	'Mutawakkil',	'aufamutawakkil@gmail.com',	'085732419681',	'',	'[]',	'Aufa ',	'Mutawakkil',	'',	'Jl Ruko Anyar surabaya timur',	'',	'Surabaya',	'62352',	'Indonesia',	100,	'Jawa Timur',	1517,	'',	'[]',	'Cash On Delivery',	'cod',	'Aufa ',	'Mutawakkil',	'',	'Jl Ruko Anyar surabaya timur',	'',	'Surabaya',	'62352',	'Indonesia',	100,	'Jawa Timur',	1517,	'',	'[]',	'Flat Shipping Rate',	'flat.flat',	'',	112000.0000,	0,	0,	0.0000,	0,	'',	2,	3,	'IDR',	1.00000000,	'::1',	'',	'Mozilla/5.0 (Windows NT 6.3) AppleWebKit/537.36 (KHTML, like Gecko) Chrome/46.0.2490.86 Safari/537.36',	'en-US,en;q=0.8',	'2015-12-02 21:44:40',	'2015-12-02 21:44:40');

DROP TABLE IF EXISTS `tk_order_custom_field`;
CREATE TABLE `tk_order_custom_field` (
  `order_custom_field_id` int(11) NOT NULL AUTO_INCREMENT,
  `order_id` int(11) NOT NULL,
  `custom_field_id` int(11) NOT NULL,
  `custom_field_value_id` int(11) NOT NULL,
  `name` varchar(255) NOT NULL,
  `value` text NOT NULL,
  `type` varchar(32) NOT NULL,
  `location` varchar(16) NOT NULL,
  PRIMARY KEY (`order_custom_field_id`)
) ENGINE=MyISAM DEFAULT CHARSET=utf8;


DROP TABLE IF EXISTS `tk_order_history`;
CREATE TABLE `tk_order_history` (
  `order_history_id` int(11) NOT NULL AUTO_INCREMENT,
  `order_id` int(11) NOT NULL,
  `order_status_id` int(11) NOT NULL,
  `notify` tinyint(1) NOT NULL DEFAULT '0',
  `comment` text NOT NULL,
  `date_added` datetime NOT NULL,
  PRIMARY KEY (`order_history_id`)
) ENGINE=MyISAM DEFAULT CHARSET=utf8;

INSERT INTO `tk_order_history` (`order_history_id`, `order_id`, `order_status_id`, `notify`, `comment`, `date_added`) VALUES
(1,	1,	1,	0,	'',	'2015-10-23 09:09:04'),
(2,	1,	15,	1,	'Pembelian Anda akankami proses, dan barang akan sampai pada 3 hari kedepan, Terimakasih',	'2015-10-23 09:11:57'),
(3,	1,	5,	1,	'barang anda telah selesai kami kirim',	'2015-10-23 09:13:01'),
(6,	1003,	1,	0,	'',	'2015-11-05 06:29:15'),
(7,	1003,	3,	0,	'',	'2015-11-05 06:31:52'),
(8,	1003,	5,	0,	'',	'2015-11-05 06:32:30'),
(11,	1006,	1,	0,	'',	'2015-11-05 21:37:33'),
(12,	1007,	1,	0,	'',	'2015-11-06 03:43:12'),
(13,	1009,	1,	0,	'',	'2015-11-06 03:51:03'),
(24,	1012,	3,	1,	'Barang Anda sudah kami kirim. Terimakasih :)',	'2015-11-15 09:08:17'),
(23,	1012,	1,	0,	'',	'2015-11-15 09:07:37'),
(22,	1007,	15,	1,	'Barang sedang dalam tahap Pengepakan',	'2015-11-14 23:02:01'),
(31,	1014,	1,	0,	'',	'2016-02-18 06:13:32');

DROP TABLE IF EXISTS `tk_order_option`;
CREATE TABLE `tk_order_option` (
  `order_option_id` int(11) NOT NULL AUTO_INCREMENT,
  `order_id` int(11) NOT NULL,
  `order_product_id` int(11) NOT NULL,
  `product_option_id` int(11) NOT NULL,
  `product_option_value_id` int(11) NOT NULL DEFAULT '0',
  `name` varchar(255) NOT NULL,
  `value` text NOT NULL,
  `type` varchar(32) NOT NULL,
  PRIMARY KEY (`order_option_id`)
) ENGINE=MyISAM DEFAULT CHARSET=utf8;

INSERT INTO `tk_order_option` (`order_option_id`, `order_id`, `order_product_id`, `product_option_id`, `product_option_value_id`, `name`, `value`, `type`) VALUES
(2,	1007,	1008,	227,	21,	'Color',	'Biru Dongker',	'select'),
(3,	1008,	1009,	229,	23,	'Color',	'Blue',	'select'),
(4,	1009,	1010,	229,	23,	'Color',	'Blue',	'select');

DROP TABLE IF EXISTS `tk_order_product`;
CREATE TABLE `tk_order_product` (
  `order_product_id` int(11) NOT NULL AUTO_INCREMENT,
  `order_id` int(11) NOT NULL,
  `product_id` int(11) NOT NULL,
  `name` varchar(255) NOT NULL,
  `model` varchar(64) NOT NULL,
  `quantity` int(4) NOT NULL,
  `price` decimal(15,4) NOT NULL DEFAULT '0.0000',
  `total` decimal(15,4) NOT NULL DEFAULT '0.0000',
  `tax` decimal(15,4) NOT NULL DEFAULT '0.0000',
  `reward` int(8) NOT NULL,
  PRIMARY KEY (`order_product_id`)
) ENGINE=MyISAM DEFAULT CHARSET=utf8;

INSERT INTO `tk_order_product` (`order_product_id`, `order_id`, `product_id`, `name`, `model`, `quantity`, `price`, `total`, `tax`, `reward`) VALUES
(1,	1,	40,	'iPhone',	'product 11',	1,	101.0000,	101.0000,	0.0000,	0),
(2,	2,	48,	'laoreet ut rhoncus aliquet pulvinar sed nisl nunc rhoncus dui vel sem',	'lectus suspendisse potenti in eleifend',	19,	457.2930,	311.9730,	281.6410,	0),
(3,	3,	34,	'mauris enim leo rhoncus sed vestibulum sit amet cursus id turpis',	'in porttitor pede justo eu',	16,	375.3510,	198.8180,	349.8040,	0),
(4,	4,	39,	'quis turpis eget elit sodales scelerisque mauris sit amet eros suspendisse accumsan',	'eleifend luctus ultricies eu nibh',	15,	238.5760,	240.4600,	125.6310,	0),
(5,	5,	45,	'tempus vivamus in felis eu sapien cursus vestibulum proin eu mi nulla ac enim',	'sit amet nunc viverra dapibus',	8,	356.7380,	354.5840,	392.1470,	0),
(6,	6,	50,	'primis in faucibus orci luctus et ultrices posuere cubilia curae mauris viverra diam vitae',	'condimentum id luctus nec molestie',	13,	486.7310,	303.2390,	289.5860,	0),
(7,	7,	48,	'lectus in est risus auctor sed tristique in tempus sit amet sem fusce',	'aenean fermentum donec ut mauris',	16,	234.3500,	241.3080,	165.9460,	0),
(8,	8,	34,	'ante ipsum primis in faucibus orci luctus et ultrices posuere cubilia curae',	'elementum nullam varius nulla facilisi',	17,	158.8550,	148.2250,	329.8240,	0),
(9,	9,	37,	'in sapien iaculis congue vivamus metus arcu adipiscing molestie hendrerit at vulputate vitae nisl',	'enim in tempor turpis nec',	6,	276.3840,	166.7770,	413.2610,	0),
(10,	10,	34,	'maecenas rhoncus aliquam lacus morbi quis tortor id nulla ultrices aliquet maecenas',	'nisl aenean lectus pellentesque eget',	3,	479.0890,	130.7150,	400.4430,	0),
(11,	11,	41,	'dictumst etiam faucibus cursus urna ut tellus nulla ut erat id mauris vulputate',	'elementum in hac habitasse platea',	19,	254.4980,	142.1560,	247.0830,	0),
(12,	12,	43,	'sit amet erat nulla tempus vivamus in felis eu sapien cursus vestibulum',	'hac habitasse platea dictumst maecenas',	8,	307.1450,	322.2080,	394.8440,	0),
(13,	13,	29,	'ridiculus mus etiam vel augue vestibulum rutrum rutrum neque aenean auctor gravida',	'vel nulla eget eros elementum',	15,	416.9460,	306.0000,	168.9940,	0),
(14,	14,	50,	'morbi odio odio elementum eu interdum eu tincidunt in leo',	'turpis a pede posuere nonummy',	7,	367.7400,	283.7490,	251.2710,	0),
(15,	15,	36,	'nunc nisl duis bibendum felis sed interdum venenatis turpis enim blandit mi in porttitor',	'velit donec diam neque vestibulum',	3,	374.9940,	400.8220,	238.9110,	0),
(16,	16,	44,	'erat fermentum justo nec condimentum neque sapien placerat ante nulla',	'in eleifend quam a odio',	14,	143.6900,	127.1820,	309.7490,	0),
(17,	17,	47,	'in libero ut massa volutpat convallis morbi odio odio elementum eu interdum eu tincidunt in',	'elit ac nulla sed vel',	15,	494.1400,	223.9480,	238.0990,	0),
(18,	18,	32,	'nullam porttitor lacus at turpis donec posuere metus vitae ipsum aliquam non mauris',	'primis in faucibus orci luctus',	8,	335.5440,	346.9900,	473.4500,	0),
(19,	19,	44,	'in faucibus orci luctus et ultrices posuere cubilia curae mauris',	'ut mauris eget massa tempor',	14,	226.2170,	297.2500,	487.2430,	0),
(20,	20,	34,	'eget eleifend luctus ultricies eu nibh quisque id justo sit amet sapien dignissim vestibulum vestibulum',	'ut nulla sed accumsan felis',	10,	460.6360,	113.0330,	108.3860,	0),
(21,	21,	46,	'primis in faucibus orci luctus et ultrices posuere cubilia curae mauris viverra',	'non pretium quis lectus suspendisse',	17,	361.0370,	460.1300,	419.1900,	0),
(22,	22,	47,	'non pretium quis lectus suspendisse potenti in eleifend quam a odio',	'mattis egestas metus aenean fermentum',	15,	300.8630,	253.3200,	111.6940,	0),
(23,	23,	49,	'ridiculus mus vivamus vestibulum sagittis sapien cum sociis natoque penatibus et magnis',	'orci nullam molestie nibh in',	6,	297.9370,	102.4470,	339.9090,	0),
(24,	24,	47,	'tempus sit amet sem fusce consequat nulla nisl nunc nisl duis bibendum felis sed interdum',	'dictumst aliquam augue quam sollicitudin',	16,	276.3680,	300.1770,	381.3140,	0),
(25,	25,	28,	'volutpat erat quisque erat eros viverra eget congue eget semper rutrum nulla nunc purus phasellus',	'mauris lacinia sapien quis libero',	10,	306.4550,	293.5460,	256.6200,	0),
(26,	26,	44,	'augue a suscipit nulla elit ac nulla sed vel enim sit amet nunc',	'ut ultrices vel augue vestibulum',	19,	219.8190,	354.1890,	367.9480,	0),
(27,	27,	30,	'curae nulla dapibus dolor vel est donec odio justo sollicitudin ut suscipit a',	'aliquam quis turpis eget elit',	15,	141.6070,	402.2400,	342.5990,	0),
(28,	28,	30,	'mi integer ac neque duis bibendum morbi non quam nec dui luctus rutrum nulla',	'cursus id turpis integer aliquet',	12,	167.0420,	423.2410,	378.4250,	0),
(29,	29,	49,	'imperdiet sapien urna pretium nisl ut volutpat sapien arcu sed augue aliquam erat volutpat',	'placerat praesent blandit nam nulla',	9,	465.7580,	399.0690,	463.1350,	0),
(30,	30,	28,	'vel ipsum praesent blandit lacinia erat vestibulum sed magna at nunc commodo placerat',	'faucibus orci luctus et ultrices',	4,	227.0160,	422.4450,	275.3390,	0),
(31,	31,	37,	'non velit donec diam neque vestibulum eget vulputate ut ultrices vel augue',	'consequat morbi a ipsum integer',	5,	157.1750,	241.1500,	400.6330,	0),
(32,	32,	33,	'justo nec condimentum neque sapien placerat ante nulla justo aliquam quis turpis eget elit sodales',	'mus etiam vel augue vestibulum',	16,	465.3230,	159.0280,	116.2160,	0),
(33,	33,	43,	'est lacinia nisi venenatis tristique fusce congue diam id ornare',	'suspendisse potenti cras in purus',	7,	113.3390,	477.7030,	394.8670,	0),
(34,	34,	39,	'duis faucibus accumsan odio curabitur convallis duis consequat dui nec',	'erat id mauris vulputate elementum',	8,	338.1680,	138.3620,	391.5120,	0),
(35,	35,	45,	'pharetra magna ac consequat metus sapien ut nunc vestibulum ante ipsum',	'ante ipsum primis in faucibus',	11,	304.5980,	273.5160,	446.0650,	0),
(36,	36,	46,	'nisi at nibh in hac habitasse platea dictumst aliquam augue quam',	'vel sem sed sagittis nam',	7,	386.7690,	402.7080,	283.3530,	0),
(37,	37,	33,	'aliquam lacus morbi quis tortor id nulla ultrices aliquet maecenas leo odio',	'viverra diam vitae quam suspendisse',	9,	204.0010,	105.2670,	147.8890,	0),
(38,	38,	35,	'nec nisi volutpat eleifend donec ut dolor morbi vel lectus in quam fringilla rhoncus',	'erat quisque erat eros viverra',	14,	123.9380,	137.5150,	144.7200,	0),
(39,	39,	47,	'et magnis dis parturient montes nascetur ridiculus mus vivamus vestibulum sagittis sapien',	'vel accumsan tellus nisi eu',	8,	212.5470,	491.2670,	297.2100,	0),
(40,	40,	41,	'mattis odio donec vitae nisi nam ultrices libero non mattis pulvinar nulla pede ullamcorper',	'eros viverra eget congue eget',	3,	425.9070,	269.8950,	175.0930,	0),
(41,	41,	48,	'venenatis non sodales sed tincidunt eu felis fusce posuere felis sed lacus morbi sem',	'sit amet eleifend pede libero',	12,	237.5990,	331.6610,	306.6680,	0),
(42,	42,	34,	'semper porta volutpat quam pede lobortis ligula sit amet eleifend pede',	'integer pede justo lacinia eget',	16,	192.1820,	184.0470,	383.8580,	0),
(43,	43,	38,	'risus dapibus augue vel accumsan tellus nisi eu orci mauris lacinia sapien quis',	'fusce congue diam id ornare',	14,	412.0960,	207.0150,	318.6310,	0),
(44,	44,	44,	'a ipsum integer a nibh in quis justo maecenas rhoncus aliquam lacus morbi quis',	'tempus semper est quam pharetra',	17,	369.1510,	368.4550,	368.6980,	0),
(45,	45,	31,	'diam cras pellentesque volutpat dui maecenas tristique est et tempus semper est quam pharetra magna',	'lacinia aenean sit amet justo',	3,	391.3730,	458.8260,	313.4020,	0),
(46,	46,	39,	'proin risus praesent lectus vestibulum quam sapien varius ut blandit',	'massa volutpat convallis morbi odio',	13,	361.7310,	284.6570,	277.6910,	0),
(47,	47,	47,	'ac nibh fusce lacus purus aliquet at feugiat non pretium quis lectus suspendisse',	'platea dictumst morbi vestibulum velit',	20,	380.1900,	178.8510,	473.8370,	0),
(48,	48,	42,	'quis turpis eget elit sodales scelerisque mauris sit amet eros suspendisse accumsan tortor',	'justo in blandit ultrices enim',	5,	126.2470,	445.4850,	169.9970,	0),
(49,	49,	47,	'donec odio justo sollicitudin ut suscipit a feugiat et eros',	'ut dolor morbi vel lectus',	4,	496.8570,	111.2430,	394.6140,	0),
(50,	50,	32,	'risus semper porta volutpat quam pede lobortis ligula sit amet eleifend pede libero',	'aenean lectus pellentesque eget nunc',	14,	328.1400,	464.9630,	379.4620,	0),
(51,	51,	36,	'sit amet eleifend pede libero quis orci nullam molestie nibh in lectus',	'purus phasellus in felis donec',	13,	148.4570,	100.6200,	345.7590,	0),
(52,	52,	42,	'sit amet turpis elementum ligula vehicula consequat morbi a ipsum',	'rutrum at lorem integer tincidunt',	18,	293.5340,	268.1470,	435.7370,	0),
(53,	53,	46,	'lacinia aenean sit amet justo morbi ut odio cras mi pede malesuada in',	'odio elementum eu interdum eu',	1,	106.7000,	349.6650,	376.3770,	0),
(54,	54,	44,	'tristique fusce congue diam id ornare imperdiet sapien urna pretium nisl ut volutpat sapien arcu',	'massa donec dapibus duis at',	14,	161.3400,	130.4150,	482.4070,	0),
(55,	55,	50,	'elementum pellentesque quisque porta volutpat erat quisque erat eros viverra',	'orci luctus et ultrices posuere',	2,	302.4330,	255.9340,	202.8650,	0),
(56,	56,	49,	'etiam justo etiam pretium iaculis justo in hac habitasse platea',	'amet nulla quisque arcu libero',	3,	434.0470,	475.9480,	153.3370,	0),
(57,	57,	38,	'porttitor lacus at turpis donec posuere metus vitae ipsum aliquam non mauris morbi non',	'a feugiat et eros vestibulum',	11,	342.8510,	309.7510,	437.0710,	0),
(58,	58,	32,	'nulla elit ac nulla sed vel enim sit amet nunc viverra dapibus',	'ac consequat metus sapien ut',	14,	104.5030,	460.7410,	257.0860,	0),
(59,	59,	31,	'quam pharetra magna ac consequat metus sapien ut nunc vestibulum ante ipsum primis',	'morbi non lectus aliquam sit',	6,	378.8870,	358.4220,	349.4830,	0),
(60,	60,	36,	'sit amet cursus id turpis integer aliquet massa id lobortis convallis',	'blandit non interdum in ante',	4,	332.1440,	438.6180,	321.2270,	0),
(61,	61,	47,	'amet nulla quisque arcu libero rutrum ac lobortis vel dapibus at diam nam',	'sit amet erat nulla tempus',	13,	285.5860,	464.0130,	412.5930,	0),
(62,	62,	32,	'duis consequat dui nec nisi volutpat eleifend donec ut dolor morbi vel lectus in',	'mattis odio donec vitae nisi',	7,	386.6700,	323.4250,	467.6920,	0),
(63,	63,	40,	'ac nibh fusce lacus purus aliquet at feugiat non pretium quis',	'at diam nam tristique tortor',	6,	217.4830,	285.7610,	414.3190,	0),
(64,	64,	29,	'vestibulum sagittis sapien cum sociis natoque penatibus et magnis dis',	'duis at velit eu est',	1,	264.2110,	425.7010,	143.6850,	0),
(65,	65,	36,	'erat quisque erat eros viverra eget congue eget semper rutrum nulla nunc',	'vulputate ut ultrices vel augue',	4,	439.4990,	498.9860,	198.7610,	0),
(66,	66,	35,	'ut dolor morbi vel lectus in quam fringilla rhoncus mauris',	'etiam vel augue vestibulum rutrum',	9,	424.1610,	336.1490,	485.1690,	0),
(67,	67,	42,	'curabitur convallis duis consequat dui nec nisi volutpat eleifend donec ut dolor morbi',	'vel ipsum praesent blandit lacinia',	17,	342.6490,	438.3440,	403.9650,	0),
(68,	68,	32,	'in ante vestibulum ante ipsum primis in faucibus orci luctus et ultrices posuere cubilia curae',	'pellentesque eget nunc donec quis',	14,	128.1760,	461.0340,	115.7970,	0),
(69,	69,	34,	'tortor risus dapibus augue vel accumsan tellus nisi eu orci',	'nisi eu orci mauris lacinia',	9,	345.3380,	140.3210,	223.9480,	0),
(70,	70,	35,	'potenti nullam porttitor lacus at turpis donec posuere metus vitae ipsum aliquam non mauris',	'auctor sed tristique in tempus',	3,	293.9850,	176.1360,	299.0070,	0),
(71,	71,	37,	'tincidunt nulla mollis molestie lorem quisque ut erat curabitur gravida nisi at nibh in',	'maecenas ut massa quis augue',	20,	424.4020,	268.1430,	167.8710,	0),
(72,	72,	40,	'leo pellentesque ultrices mattis odio donec vitae nisi nam ultrices libero non mattis pulvinar nulla',	'congue elementum in hac habitasse',	12,	354.9150,	391.8540,	406.0710,	0),
(73,	73,	29,	'eros elementum pellentesque quisque porta volutpat erat quisque erat eros viverra eget congue',	'ac neque duis bibendum morbi',	2,	441.8040,	130.6370,	336.9950,	0),
(74,	74,	44,	'libero quis orci nullam molestie nibh in lectus pellentesque at nulla suspendisse potenti cras',	'risus auctor sed tristique in',	20,	462.2470,	227.1380,	217.8400,	0),
(75,	75,	33,	'odio porttitor id consequat in consequat ut nulla sed accumsan felis ut',	'curae duis faucibus accumsan odio',	13,	118.5700,	257.4070,	136.2700,	0),
(76,	76,	49,	'aliquet at feugiat non pretium quis lectus suspendisse potenti in',	'morbi quis tortor id nulla',	16,	256.5770,	360.6530,	259.3820,	0),
(77,	77,	47,	'velit eu est congue elementum in hac habitasse platea dictumst morbi vestibulum',	'ut nulla sed accumsan felis',	13,	242.9960,	129.2800,	100.3480,	0),
(78,	78,	38,	'feugiat non pretium quis lectus suspendisse potenti in eleifend quam a odio in hac habitasse',	'ut rhoncus aliquet pulvinar sed',	20,	194.9480,	308.2850,	409.1640,	0),
(79,	79,	45,	'id justo sit amet sapien dignissim vestibulum vestibulum ante ipsum primis',	'pellentesque eget nunc donec quis',	20,	466.5310,	219.8280,	362.1020,	0),
(80,	80,	28,	'viverra diam vitae quam suspendisse potenti nullam porttitor lacus at turpis',	'ligula in lacus curabitur at',	20,	351.4300,	147.3890,	321.8820,	0),
(81,	81,	42,	'tincidunt in leo maecenas pulvinar lobortis est phasellus sit amet erat nulla tempus vivamus',	'sed lacus morbi sem mauris',	17,	285.3090,	259.3420,	258.1030,	0),
(82,	82,	28,	'tortor quis turpis sed ante vivamus tortor duis mattis egestas',	'turpis donec posuere metus vitae',	8,	294.3510,	342.1240,	281.7340,	0),
(83,	83,	30,	'hendrerit at vulputate vitae nisl aenean lectus pellentesque eget nunc donec',	'diam cras pellentesque volutpat dui',	5,	129.9630,	178.9110,	457.3400,	0),
(84,	84,	39,	'at feugiat non pretium quis lectus suspendisse potenti in eleifend quam a odio',	'lorem integer tincidunt ante vel',	17,	422.3170,	310.8640,	377.4260,	0),
(85,	85,	49,	'commodo placerat praesent blandit nam nulla integer pede justo lacinia eget tincidunt',	'eu magna vulputate luctus cum',	17,	113.8600,	252.9290,	369.5840,	0),
(86,	86,	41,	'sagittis sapien cum sociis natoque penatibus et magnis dis parturient montes nascetur ridiculus mus',	'faucibus cursus urna ut tellus',	6,	395.9120,	243.3460,	227.5780,	0),
(87,	87,	50,	'dui luctus rutrum nulla tellus in sagittis dui vel nisl duis',	'felis donec semper sapien a',	5,	117.1700,	426.9230,	244.8880,	0),
(88,	88,	45,	'odio curabitur convallis duis consequat dui nec nisi volutpat eleifend donec',	'posuere metus vitae ipsum aliquam',	5,	400.3340,	165.8320,	265.9620,	0),
(89,	89,	36,	'non velit nec nisi vulputate nonummy maecenas tincidunt lacus at velit',	'libero nullam sit amet turpis',	6,	385.5050,	220.3380,	256.0750,	0),
(90,	90,	37,	'adipiscing elit proin risus praesent lectus vestibulum quam sapien varius ut',	'posuere cubilia curae duis faucibus',	7,	107.3140,	140.2270,	242.7020,	0),
(91,	91,	50,	'vestibulum quam sapien varius ut blandit non interdum in ante',	'dapibus nulla suscipit ligula in',	10,	321.9470,	119.3480,	446.2390,	0),
(92,	92,	29,	'erat vestibulum sed magna at nunc commodo placerat praesent blandit nam nulla integer pede',	'lectus pellentesque at nulla suspendisse',	19,	282.4360,	268.1530,	100.7020,	0),
(93,	93,	37,	'ut nulla sed accumsan felis ut at dolor quis odio consequat varius integer',	'dui vel nisl duis ac',	4,	101.2000,	305.6950,	462.7630,	0),
(94,	94,	41,	'metus aenean fermentum donec ut mauris eget massa tempor convallis nulla',	'quisque porta volutpat erat quisque',	12,	227.7250,	383.9310,	320.9340,	0),
(95,	95,	35,	'mauris non ligula pellentesque ultrices phasellus id sapien in sapien iaculis congue vivamus metus',	'lorem vitae mattis nibh ligula',	10,	298.0010,	106.5380,	373.9630,	0),
(96,	96,	43,	'platea dictumst morbi vestibulum velit id pretium iaculis diam erat fermentum justo nec condimentum',	'erat nulla tempus vivamus in',	1,	272.5010,	486.0440,	442.3650,	0),
(97,	97,	49,	'pellentesque viverra pede ac diam cras pellentesque volutpat dui maecenas tristique',	'lectus suspendisse potenti in eleifend',	1,	477.3400,	118.3410,	483.2550,	0),
(98,	98,	45,	'diam erat fermentum justo nec condimentum neque sapien placerat ante nulla justo aliquam quis turpis',	'sit amet turpis elementum ligula',	20,	298.8270,	499.0150,	402.9480,	0),
(99,	99,	34,	'in hac habitasse platea dictumst etiam faucibus cursus urna ut tellus nulla',	'molestie nibh in lectus pellentesque',	7,	137.8330,	203.1970,	252.6590,	0),
(100,	100,	47,	'nibh quisque id justo sit amet sapien dignissim vestibulum vestibulum ante ipsum primis in',	'in blandit ultrices enim lorem',	8,	254.9120,	459.5480,	204.7480,	0),
(101,	101,	44,	'erat volutpat in congue etiam justo etiam pretium iaculis justo in',	'dictumst maecenas ut massa quis',	3,	452.4390,	220.3320,	384.4940,	0),
(102,	102,	28,	'non mauris morbi non lectus aliquam sit amet diam in',	'nam tristique tortor eu pede',	1,	401.8090,	406.2030,	188.2240,	0),
(103,	103,	37,	'ac est lacinia nisi venenatis tristique fusce congue diam id',	'orci eget orci vehicula condimentum',	16,	128.6720,	264.9170,	162.4420,	0),
(104,	104,	30,	'ante vestibulum ante ipsum primis in faucibus orci luctus et ultrices posuere',	'leo rhoncus sed vestibulum sit',	11,	302.2470,	224.8200,	423.7080,	0),
(105,	105,	33,	'non sodales sed tincidunt eu felis fusce posuere felis sed lacus morbi sem mauris',	'orci luctus et ultrices posuere',	14,	282.1780,	294.3950,	420.4530,	0),
(106,	106,	28,	'aliquet at feugiat non pretium quis lectus suspendisse potenti in eleifend quam a odio in',	'eget rutrum at lorem integer',	2,	408.1360,	493.8550,	103.3920,	0),
(107,	107,	31,	'suspendisse accumsan tortor quis turpis sed ante vivamus tortor duis',	'in imperdiet et commodo vulputate',	1,	432.8340,	496.2330,	175.8800,	0),
(108,	108,	39,	'nulla eget eros elementum pellentesque quisque porta volutpat erat quisque erat eros',	'nulla integer pede justo lacinia',	16,	448.3110,	128.1870,	268.6240,	0),
(109,	109,	31,	'ultricies eu nibh quisque id justo sit amet sapien dignissim vestibulum',	'integer non velit donec diam',	1,	141.6580,	461.4440,	362.7620,	0),
(110,	110,	45,	'vitae mattis nibh ligula nec sem duis aliquam convallis nunc proin at turpis',	'at turpis a pede posuere',	20,	116.5240,	206.7150,	318.6600,	0),
(111,	111,	48,	'odio elementum eu interdum eu tincidunt in leo maecenas pulvinar',	'eget vulputate ut ultrices vel',	8,	456.6810,	199.6750,	159.9060,	0),
(112,	112,	30,	'odio cras mi pede malesuada in imperdiet et commodo vulputate',	'eu mi nulla ac enim',	5,	142.8960,	350.3690,	130.3570,	0),
(113,	113,	46,	'ut suscipit a feugiat et eros vestibulum ac est lacinia nisi venenatis tristique fusce',	'proin leo odio porttitor id',	4,	108.2360,	145.6990,	168.1430,	0),
(114,	114,	42,	'nulla integer pede justo lacinia eget tincidunt eget tempus vel pede morbi porttitor lorem id',	'odio elementum eu interdum eu',	9,	178.8710,	476.4760,	364.4580,	0),
(115,	115,	37,	'pretium nisl ut volutpat sapien arcu sed augue aliquam erat volutpat',	'velit id pretium iaculis diam',	2,	475.5820,	199.6100,	406.5500,	0),
(116,	116,	48,	'in hac habitasse platea dictumst maecenas ut massa quis augue luctus tincidunt nulla mollis molestie',	'dui nec nisi volutpat eleifend',	5,	156.4240,	243.8590,	420.7660,	0),
(117,	117,	37,	'et commodo vulputate justo in blandit ultrices enim lorem ipsum dolor sit',	'quis turpis sed ante vivamus',	6,	425.4090,	248.7230,	369.9650,	0),
(118,	118,	46,	'faucibus orci luctus et ultrices posuere cubilia curae nulla dapibus',	'nonummy maecenas tincidunt lacus at',	18,	487.0210,	160.6570,	141.4600,	0),
(119,	119,	46,	'adipiscing lorem vitae mattis nibh ligula nec sem duis aliquam convallis nunc proin',	'sed justo pellentesque viverra pede',	3,	431.5460,	149.9430,	239.9430,	0),
(120,	120,	34,	'vestibulum ante ipsum primis in faucibus orci luctus et ultrices posuere cubilia curae mauris',	'nunc commodo placerat praesent blandit',	4,	199.7600,	412.6750,	471.9340,	0),
(121,	121,	29,	'sed vel enim sit amet nunc viverra dapibus nulla suscipit ligula in',	'lorem ipsum dolor sit amet',	18,	152.6060,	264.4840,	293.5950,	0),
(122,	122,	35,	'ridiculus mus vivamus vestibulum sagittis sapien cum sociis natoque penatibus',	'sollicitudin mi sit amet lobortis',	14,	242.4750,	175.1560,	369.4630,	0),
(123,	123,	30,	'pede morbi porttitor lorem id ligula suspendisse ornare consequat lectus in est',	'sit amet consectetuer adipiscing elit',	7,	451.1500,	443.0870,	192.0600,	0),
(124,	124,	45,	'elementum ligula vehicula consequat morbi a ipsum integer a nibh in',	'erat eros viverra eget congue',	7,	192.8380,	149.5750,	387.0120,	0),
(125,	125,	34,	'vulputate vitae nisl aenean lectus pellentesque eget nunc donec quis orci eget orci vehicula',	'in felis eu sapien cursus',	19,	194.0570,	304.1140,	245.2920,	0),
(126,	126,	36,	'curabitur at ipsum ac tellus semper interdum mauris ullamcorper purus sit',	'leo maecenas pulvinar lobortis est',	19,	440.4450,	301.7670,	410.5380,	0),
(127,	127,	30,	'orci nullam molestie nibh in lectus pellentesque at nulla suspendisse potenti cras in',	'dapibus nulla suscipit ligula in',	8,	266.2350,	151.8040,	303.6500,	0),
(128,	128,	48,	'accumsan tellus nisi eu orci mauris lacinia sapien quis libero nullam',	'integer ac neque duis bibendum',	1,	445.1910,	234.0970,	153.3200,	0),
(129,	129,	47,	'praesent blandit lacinia erat vestibulum sed magna at nunc commodo placerat praesent',	'montes nascetur ridiculus mus etiam',	10,	330.7960,	183.6240,	471.0110,	0),
(130,	130,	37,	'nullam varius nulla facilisi cras non velit nec nisi vulputate',	'orci eget orci vehicula condimentum',	12,	140.7060,	331.1500,	167.7710,	0),
(131,	131,	38,	'massa donec dapibus duis at velit eu est congue elementum in hac habitasse',	'turpis eget elit sodales scelerisque',	3,	295.5680,	251.5690,	231.6890,	0),
(132,	132,	28,	'urna pretium nisl ut volutpat sapien arcu sed augue aliquam erat volutpat in congue etiam',	'consectetuer adipiscing elit proin interdum',	1,	201.9210,	226.9170,	190.1250,	0),
(133,	133,	49,	'felis fusce posuere felis sed lacus morbi sem mauris laoreet ut rhoncus aliquet pulvinar sed',	'aliquam lacus morbi quis tortor',	16,	440.9980,	414.9970,	368.8590,	0),
(134,	134,	42,	'libero nam dui proin leo odio porttitor id consequat in consequat ut',	'ut tellus nulla ut erat',	14,	220.6990,	401.4400,	243.3290,	0),
(135,	135,	42,	'justo aliquam quis turpis eget elit sodales scelerisque mauris sit',	'molestie lorem quisque ut erat',	1,	184.9580,	329.6000,	250.3780,	0),
(136,	136,	30,	'non sodales sed tincidunt eu felis fusce posuere felis sed',	'lectus suspendisse potenti in eleifend',	8,	208.6050,	341.3330,	162.2770,	0),
(137,	137,	41,	'vulputate vitae nisl aenean lectus pellentesque eget nunc donec quis orci eget',	'ac enim in tempor turpis',	2,	346.1500,	353.0000,	140.2960,	0),
(138,	138,	33,	'dis parturient montes nascetur ridiculus mus etiam vel augue vestibulum rutrum rutrum neque',	'viverra dapibus nulla suscipit ligula',	20,	286.4370,	340.4610,	278.9660,	0),
(139,	139,	44,	'quisque erat eros viverra eget congue eget semper rutrum nulla nunc',	'cursus vestibulum proin eu mi',	2,	286.8900,	259.5400,	456.5290,	0),
(140,	140,	32,	'ligula vehicula consequat morbi a ipsum integer a nibh in quis',	'enim sit amet nunc viverra',	18,	138.8750,	112.5900,	368.8390,	0),
(141,	141,	50,	'erat quisque erat eros viverra eget congue eget semper rutrum',	'quis turpis sed ante vivamus',	5,	284.7340,	229.2890,	271.4460,	0),
(142,	142,	37,	'sapien cum sociis natoque penatibus et magnis dis parturient montes nascetur ridiculus mus etiam vel',	'cubilia curae donec pharetra magna',	18,	373.7770,	139.3420,	347.4000,	0),
(143,	143,	31,	'sodales scelerisque mauris sit amet eros suspendisse accumsan tortor quis turpis sed',	'suspendisse potenti nullam porttitor lacus',	16,	403.2390,	373.4760,	352.0980,	0),
(144,	144,	46,	'justo etiam pretium iaculis justo in hac habitasse platea dictumst etiam faucibus cursus',	'ut odio cras mi pede',	5,	209.9920,	234.3550,	437.3430,	0),
(145,	145,	29,	'orci mauris lacinia sapien quis libero nullam sit amet turpis elementum',	'vivamus vestibulum sagittis sapien cum',	18,	177.1950,	377.3520,	317.7120,	0),
(146,	146,	50,	'non mauris morbi non lectus aliquam sit amet diam in magna bibendum imperdiet nullam orci',	'eros vestibulum ac est lacinia',	11,	441.0230,	440.0990,	383.0850,	0),
(147,	147,	45,	'non lectus aliquam sit amet diam in magna bibendum imperdiet nullam orci pede venenatis',	'vestibulum rutrum rutrum neque aenean',	4,	200.5660,	300.3580,	412.0020,	0),
(148,	148,	46,	'vestibulum velit id pretium iaculis diam erat fermentum justo nec condimentum neque sapien placerat ante',	'faucibus orci luctus et ultrices',	11,	328.0570,	313.1930,	260.4100,	0),
(149,	149,	41,	'fusce congue diam id ornare imperdiet sapien urna pretium nisl ut volutpat sapien arcu',	'pretium iaculis diam erat fermentum',	7,	117.8720,	266.9660,	449.9960,	0),
(150,	150,	36,	'ut at dolor quis odio consequat varius integer ac leo pellentesque ultrices',	'vestibulum aliquet ultrices erat tortor',	20,	308.0830,	106.6620,	266.9490,	0),
(151,	151,	43,	'venenatis non sodales sed tincidunt eu felis fusce posuere felis sed',	'aliquam non mauris morbi non',	19,	100.0600,	475.5180,	122.2340,	0),
(152,	152,	46,	'dictumst etiam faucibus cursus urna ut tellus nulla ut erat id mauris',	'ligula suspendisse ornare consequat lectus',	19,	180.2040,	127.1410,	375.6630,	0),
(153,	153,	34,	'amet turpis elementum ligula vehicula consequat morbi a ipsum integer a nibh in quis',	'mauris laoreet ut rhoncus aliquet',	8,	437.0850,	214.7450,	392.3810,	0),
(154,	154,	46,	'rhoncus aliquam lacus morbi quis tortor id nulla ultrices aliquet maecenas',	'amet turpis elementum ligula vehicula',	1,	102.3730,	431.2120,	246.9470,	0),
(155,	155,	44,	'mollis molestie lorem quisque ut erat curabitur gravida nisi at nibh in hac habitasse platea',	'neque sapien placerat ante nulla',	7,	307.7750,	146.1340,	197.3820,	0),
(156,	156,	36,	'a feugiat et eros vestibulum ac est lacinia nisi venenatis',	'ut mauris eget massa tempor',	11,	102.8300,	353.1430,	423.5350,	0),
(157,	157,	30,	'sapien non mi integer ac neque duis bibendum morbi non quam nec dui luctus rutrum',	'nunc rhoncus dui vel sem',	11,	278.6880,	169.3570,	148.4420,	0),
(158,	158,	39,	'morbi ut odio cras mi pede malesuada in imperdiet et commodo vulputate',	'velit donec diam neque vestibulum',	11,	152.1740,	420.3390,	419.2240,	0),
(159,	159,	50,	'non interdum in ante vestibulum ante ipsum primis in faucibus orci luctus et ultrices',	'in sagittis dui vel nisl',	19,	300.7660,	265.4770,	198.1030,	0),
(160,	160,	38,	'placerat ante nulla justo aliquam quis turpis eget elit sodales scelerisque',	'vestibulum ante ipsum primis in',	13,	241.5880,	131.3840,	163.4410,	0),
(161,	161,	33,	'amet eros suspendisse accumsan tortor quis turpis sed ante vivamus tortor duis',	'suspendisse potenti nullam porttitor lacus',	4,	279.0730,	280.3900,	185.0830,	0),
(162,	162,	32,	'nulla ultrices aliquet maecenas leo odio condimentum id luctus nec molestie',	'faucibus accumsan odio curabitur convallis',	17,	159.7620,	427.6930,	397.5450,	0),
(163,	163,	36,	'quis justo maecenas rhoncus aliquam lacus morbi quis tortor id nulla',	'cras pellentesque volutpat dui maecenas',	2,	330.5380,	419.3950,	169.5700,	0),
(164,	164,	37,	'morbi quis tortor id nulla ultrices aliquet maecenas leo odio condimentum id luctus nec molestie',	'volutpat eleifend donec ut dolor',	2,	293.6420,	347.5510,	237.6690,	0),
(165,	165,	30,	'tincidunt ante vel ipsum praesent blandit lacinia erat vestibulum sed magna at nunc',	'quam a odio in hac',	5,	391.0410,	132.1530,	140.0050,	0),
(166,	166,	29,	'non mi integer ac neque duis bibendum morbi non quam nec dui luctus rutrum',	'proin leo odio porttitor id',	17,	237.4020,	144.0180,	203.3950,	0),
(167,	167,	29,	'rutrum rutrum neque aenean auctor gravida sem praesent id massa',	'nec nisi vulputate nonummy maecenas',	7,	389.5580,	211.3720,	452.5260,	0),
(168,	168,	32,	'eleifend luctus ultricies eu nibh quisque id justo sit amet sapien dignissim vestibulum',	'nullam varius nulla facilisi cras',	19,	237.3050,	358.5640,	463.3600,	0),
(169,	169,	38,	'dapibus duis at velit eu est congue elementum in hac habitasse platea dictumst',	'sed magna at nunc commodo',	8,	492.0330,	496.2990,	196.9040,	0),
(170,	170,	28,	'praesent lectus vestibulum quam sapien varius ut blandit non interdum in ante',	'nisi venenatis tristique fusce congue',	10,	206.7350,	186.1490,	489.7070,	0),
(171,	171,	49,	'orci vehicula condimentum curabitur in libero ut massa volutpat convallis morbi',	'primis in faucibus orci luctus',	2,	204.1110,	290.5110,	243.3560,	0),
(172,	172,	30,	'tristique fusce congue diam id ornare imperdiet sapien urna pretium nisl ut volutpat sapien',	'nulla dapibus dolor vel est',	1,	233.6210,	110.8390,	271.4760,	0),
(173,	173,	40,	'curabitur convallis duis consequat dui nec nisi volutpat eleifend donec ut dolor morbi vel',	'ante ipsum primis in faucibus',	15,	341.1380,	375.5280,	123.8840,	0),
(174,	174,	30,	'eu est congue elementum in hac habitasse platea dictumst morbi',	'etiam vel augue vestibulum rutrum',	10,	319.5210,	406.9620,	257.1070,	0),
(175,	175,	30,	'volutpat erat quisque erat eros viverra eget congue eget semper',	'ligula pellentesque ultrices phasellus id',	4,	343.7420,	406.7040,	412.4220,	0),
(176,	176,	33,	'id lobortis convallis tortor risus dapibus augue vel accumsan tellus nisi',	'cursus vestibulum proin eu mi',	17,	310.0660,	264.4690,	439.3160,	0),
(177,	177,	41,	'fringilla rhoncus mauris enim leo rhoncus sed vestibulum sit amet cursus id turpis',	'enim blandit mi in porttitor',	18,	315.0630,	257.8300,	415.4860,	0),
(178,	178,	50,	'vestibulum sed magna at nunc commodo placerat praesent blandit nam nulla integer pede',	'aliquet at feugiat non pretium',	20,	498.7540,	286.2250,	342.9470,	0),
(179,	179,	36,	'donec quis orci eget orci vehicula condimentum curabitur in libero ut massa volutpat convallis morbi',	'diam id ornare imperdiet sapien',	3,	226.3060,	258.0890,	128.0500,	0),
(180,	180,	45,	'nascetur ridiculus mus etiam vel augue vestibulum rutrum rutrum neque',	'diam erat fermentum justo nec',	6,	450.9370,	135.5100,	424.9720,	0),
(181,	181,	30,	'et ultrices posuere cubilia curae mauris viverra diam vitae quam',	'diam cras pellentesque volutpat dui',	16,	270.1760,	466.0330,	321.8690,	0),
(182,	182,	34,	'amet consectetuer adipiscing elit proin interdum mauris non ligula pellentesque ultrices phasellus',	'ac leo pellentesque ultrices mattis',	9,	196.1110,	324.5320,	361.1830,	0),
(183,	183,	47,	'ipsum primis in faucibus orci luctus et ultrices posuere cubilia curae mauris viverra',	'curabitur at ipsum ac tellus',	13,	273.6650,	148.6080,	179.4330,	0),
(184,	184,	37,	'enim blandit mi in porttitor pede justo eu massa donec dapibus',	'convallis nunc proin at turpis',	19,	498.4030,	409.1250,	345.2050,	0),
(185,	185,	42,	'primis in faucibus orci luctus et ultrices posuere cubilia curae duis faucibus accumsan odio',	'faucibus orci luctus et ultrices',	2,	451.5620,	340.5930,	472.3890,	0),
(186,	186,	40,	'eu magna vulputate luctus cum sociis natoque penatibus et magnis dis parturient montes nascetur',	'sem mauris laoreet ut rhoncus',	4,	453.8330,	126.2870,	169.5440,	0),
(187,	187,	36,	'accumsan tellus nisi eu orci mauris lacinia sapien quis libero',	'est risus auctor sed tristique',	6,	108.1090,	296.0920,	482.3730,	0),
(188,	188,	41,	'et magnis dis parturient montes nascetur ridiculus mus etiam vel',	'felis sed interdum venenatis turpis',	5,	490.9770,	441.9300,	175.0460,	0),
(189,	189,	44,	'nunc viverra dapibus nulla suscipit ligula in lacus curabitur at ipsum ac',	'curabitur in libero ut massa',	19,	102.7350,	187.0320,	422.6070,	0),
(190,	190,	36,	'lectus pellentesque at nulla suspendisse potenti cras in purus eu magna vulputate luctus cum',	'quisque erat eros viverra eget',	8,	294.8320,	284.7860,	371.9730,	0),
(191,	191,	45,	'maecenas tincidunt lacus at velit vivamus vel nulla eget eros elementum pellentesque quisque',	'ut blandit non interdum in',	13,	450.6320,	453.2050,	120.4560,	0),
(192,	192,	31,	'non ligula pellentesque ultrices phasellus id sapien in sapien iaculis congue vivamus metus',	'diam in magna bibendum imperdiet',	12,	307.9100,	216.2370,	112.8990,	0),
(193,	193,	37,	'nulla elit ac nulla sed vel enim sit amet nunc viverra dapibus nulla',	'rhoncus mauris enim leo rhoncus',	16,	231.0130,	326.7750,	170.4250,	0),
(194,	194,	28,	'turpis enim blandit mi in porttitor pede justo eu massa donec',	'justo morbi ut odio cras',	13,	299.1010,	401.5930,	291.0330,	0),
(195,	195,	44,	'quam a odio in hac habitasse platea dictumst maecenas ut',	'nulla nisl nunc nisl duis',	9,	101.1990,	180.3290,	167.4110,	0),
(196,	196,	36,	'nulla suscipit ligula in lacus curabitur at ipsum ac tellus semper interdum',	'pharetra magna vestibulum aliquet ultrices',	12,	231.6820,	474.8260,	401.9770,	0),
(197,	197,	45,	'nisl nunc nisl duis bibendum felis sed interdum venenatis turpis enim blandit mi in porttitor',	'eu massa donec dapibus duis',	11,	349.4940,	156.5300,	393.1340,	0),
(198,	198,	41,	'mi pede malesuada in imperdiet et commodo vulputate justo in blandit',	'eget elit sodales scelerisque mauris',	6,	237.6340,	267.3310,	275.5600,	0),
(199,	199,	37,	'nam congue risus semper porta volutpat quam pede lobortis ligula sit amet eleifend',	'vestibulum sagittis sapien cum sociis',	18,	351.6770,	232.3650,	409.8960,	0),
(200,	200,	36,	'luctus ultricies eu nibh quisque id justo sit amet sapien dignissim vestibulum vestibulum ante',	'nascetur ridiculus mus vivamus vestibulum',	5,	313.6720,	329.0310,	369.7270,	0),
(201,	201,	44,	'cum sociis natoque penatibus et magnis dis parturient montes nascetur ridiculus mus',	'faucibus accumsan odio curabitur convallis',	4,	212.0980,	119.0350,	438.1250,	0),
(202,	202,	32,	'est quam pharetra magna ac consequat metus sapien ut nunc',	'laoreet ut rhoncus aliquet pulvinar',	11,	312.8900,	329.2670,	161.1890,	0),
(203,	203,	37,	'ac diam cras pellentesque volutpat dui maecenas tristique est et tempus semper',	'blandit ultrices enim lorem ipsum',	1,	207.2910,	245.8510,	353.0500,	0),
(204,	204,	44,	'metus arcu adipiscing molestie hendrerit at vulputate vitae nisl aenean lectus pellentesque eget nunc donec',	'laoreet ut rhoncus aliquet pulvinar',	11,	379.3220,	349.2590,	465.0700,	0),
(205,	205,	32,	'dictumst etiam faucibus cursus urna ut tellus nulla ut erat id',	'nulla facilisi cras non velit',	7,	194.2650,	488.9740,	149.5040,	0),
(206,	206,	36,	'eleifend luctus ultricies eu nibh quisque id justo sit amet sapien dignissim vestibulum vestibulum',	'aliquam sit amet diam in',	14,	219.0530,	227.5010,	208.3550,	0),
(207,	207,	43,	'sagittis dui vel nisl duis ac nibh fusce lacus purus aliquet at feugiat non',	'luctus ultricies eu nibh quisque',	12,	482.0850,	265.2910,	457.0740,	0),
(208,	208,	28,	'morbi ut odio cras mi pede malesuada in imperdiet et commodo vulputate justo',	'sem duis aliquam convallis nunc',	3,	428.1420,	322.5340,	284.9370,	0),
(209,	209,	35,	'vestibulum ante ipsum primis in faucibus orci luctus et ultrices posuere cubilia curae mauris',	'neque sapien placerat ante nulla',	5,	420.0660,	232.6050,	105.0250,	0),
(210,	210,	39,	'augue a suscipit nulla elit ac nulla sed vel enim sit amet nunc viverra',	'in hac habitasse platea dictumst',	4,	206.8210,	284.7100,	116.7110,	0),
(211,	211,	38,	'vehicula consequat morbi a ipsum integer a nibh in quis justo maecenas rhoncus',	'turpis adipiscing lorem vitae mattis',	3,	466.8570,	408.4270,	234.2020,	0),
(212,	212,	44,	'sed interdum venenatis turpis enim blandit mi in porttitor pede justo',	'sapien quis libero nullam sit',	12,	206.7090,	182.7810,	270.4860,	0),
(213,	213,	46,	'porta volutpat erat quisque erat eros viverra eget congue eget',	'hac habitasse platea dictumst maecenas',	14,	139.8920,	126.3380,	259.6050,	0),
(214,	214,	48,	'nec nisi volutpat eleifend donec ut dolor morbi vel lectus in quam fringilla rhoncus',	'amet nunc viverra dapibus nulla',	11,	124.6300,	243.0060,	481.9180,	0),
(215,	215,	38,	'odio in hac habitasse platea dictumst maecenas ut massa quis augue luctus tincidunt nulla mollis',	'nulla integer pede justo lacinia',	6,	494.1710,	345.1040,	362.0920,	0),
(216,	216,	48,	'diam vitae quam suspendisse potenti nullam porttitor lacus at turpis donec posuere metus vitae ipsum',	'volutpat in congue etiam justo',	17,	387.8320,	193.0850,	281.5070,	0),
(217,	217,	41,	'venenatis turpis enim blandit mi in porttitor pede justo eu massa donec dapibus duis at',	'cubilia curae mauris viverra diam',	7,	273.2740,	422.0560,	390.8050,	0),
(218,	218,	36,	'hac habitasse platea dictumst morbi vestibulum velit id pretium iaculis diam',	'feugiat non pretium quis lectus',	7,	204.1620,	106.7050,	493.5720,	0),
(219,	219,	44,	'cum sociis natoque penatibus et magnis dis parturient montes nascetur ridiculus mus',	'in magna bibendum imperdiet nullam',	12,	131.5310,	154.3220,	201.5920,	0),
(220,	220,	46,	'eu sapien cursus vestibulum proin eu mi nulla ac enim in tempor turpis',	'nibh fusce lacus purus aliquet',	4,	361.9650,	357.6060,	417.9900,	0),
(221,	221,	41,	'nunc proin at turpis a pede posuere nonummy integer non',	'mauris viverra diam vitae quam',	17,	479.9760,	348.8220,	166.3020,	0),
(222,	222,	38,	'in felis donec semper sapien a libero nam dui proin leo odio',	'dui proin leo odio porttitor',	4,	279.4960,	246.3600,	406.3040,	0),
(223,	223,	49,	'lorem vitae mattis nibh ligula nec sem duis aliquam convallis nunc proin at',	'suspendisse potenti in eleifend quam',	2,	232.9400,	491.5690,	223.6000,	0),
(224,	224,	34,	'rhoncus mauris enim leo rhoncus sed vestibulum sit amet cursus id turpis integer',	'donec quis orci eget orci',	7,	301.4920,	239.9650,	113.4950,	0),
(225,	225,	43,	'libero ut massa volutpat convallis morbi odio odio elementum eu interdum eu tincidunt in',	'consequat nulla nisl nunc nisl',	5,	266.8530,	368.5110,	333.4120,	0),
(226,	226,	45,	'amet eleifend pede libero quis orci nullam molestie nibh in lectus',	'ac leo pellentesque ultrices mattis',	3,	465.2390,	245.3550,	448.0350,	0),
(227,	227,	32,	'urna pretium nisl ut volutpat sapien arcu sed augue aliquam erat volutpat in congue',	'libero non mattis pulvinar nulla',	4,	176.7790,	186.2810,	192.7230,	0),
(228,	228,	34,	'quisque arcu libero rutrum ac lobortis vel dapibus at diam nam tristique tortor eu',	'leo maecenas pulvinar lobortis est',	14,	144.6510,	268.3720,	258.7400,	0),
(229,	229,	30,	'congue eget semper rutrum nulla nunc purus phasellus in felis donec semper',	'ac enim in tempor turpis',	5,	406.7960,	467.7800,	193.7380,	0),
(230,	230,	31,	'cum sociis natoque penatibus et magnis dis parturient montes nascetur ridiculus mus vivamus vestibulum sagittis',	'urna ut tellus nulla ut',	7,	418.8370,	103.9880,	371.8460,	0),
(231,	231,	41,	'ac lobortis vel dapibus at diam nam tristique tortor eu pede',	'ornare imperdiet sapien urna pretium',	7,	353.2360,	316.2080,	132.7370,	0),
(232,	232,	48,	'neque vestibulum eget vulputate ut ultrices vel augue vestibulum ante',	'scelerisque quam turpis adipiscing lorem',	13,	178.0940,	405.3750,	422.4520,	0),
(233,	233,	49,	'et magnis dis parturient montes nascetur ridiculus mus vivamus vestibulum',	'eleifend quam a odio in',	20,	132.7430,	469.2350,	419.6660,	0),
(234,	234,	29,	'in consequat ut nulla sed accumsan felis ut at dolor quis odio consequat varius integer',	'interdum eu tincidunt in leo',	18,	243.9560,	469.8490,	346.3490,	0),
(235,	235,	35,	'justo etiam pretium iaculis justo in hac habitasse platea dictumst etiam faucibus cursus urna',	'morbi odio odio elementum eu',	8,	204.6580,	413.5190,	297.3710,	0),
(236,	236,	47,	'bibendum felis sed interdum venenatis turpis enim blandit mi in porttitor',	'justo sollicitudin ut suscipit a',	15,	470.3060,	125.5690,	233.5170,	0),
(237,	237,	32,	'orci nullam molestie nibh in lectus pellentesque at nulla suspendisse',	'maecenas tincidunt lacus at velit',	6,	456.5210,	407.4860,	335.0930,	0),
(238,	238,	49,	'etiam justo etiam pretium iaculis justo in hac habitasse platea dictumst etiam faucibus',	'ac leo pellentesque ultrices mattis',	3,	361.4140,	106.5940,	469.4770,	0),
(239,	239,	32,	'curabitur at ipsum ac tellus semper interdum mauris ullamcorper purus sit amet nulla quisque',	'non pretium quis lectus suspendisse',	15,	332.3130,	220.6070,	306.0160,	0),
(240,	240,	32,	'euismod scelerisque quam turpis adipiscing lorem vitae mattis nibh ligula',	'duis ac nibh fusce lacus',	12,	398.7180,	135.0490,	210.2190,	0),
(241,	241,	35,	'lorem quisque ut erat curabitur gravida nisi at nibh in hac',	'sem mauris laoreet ut rhoncus',	18,	362.5960,	127.0730,	369.3980,	0),
(242,	242,	47,	'mauris sit amet eros suspendisse accumsan tortor quis turpis sed ante vivamus tortor duis',	'consequat varius integer ac leo',	1,	438.7430,	285.2940,	306.4630,	0),
(243,	243,	35,	'accumsan odio curabitur convallis duis consequat dui nec nisi volutpat eleifend donec',	'ultrices phasellus id sapien in',	9,	148.7780,	369.4930,	213.7780,	0),
(244,	244,	46,	'vel enim sit amet nunc viverra dapibus nulla suscipit ligula in lacus curabitur',	'viverra dapibus nulla suscipit ligula',	15,	129.3100,	431.2850,	437.9690,	0),
(245,	245,	36,	'penatibus et magnis dis parturient montes nascetur ridiculus mus vivamus vestibulum sagittis sapien',	'morbi non lectus aliquam sit',	4,	271.5180,	238.2010,	191.2410,	0),
(246,	246,	39,	'erat quisque erat eros viverra eget congue eget semper rutrum',	'quisque porta volutpat erat quisque',	4,	488.3300,	381.4610,	424.5730,	0),
(247,	247,	48,	'scelerisque mauris sit amet eros suspendisse accumsan tortor quis turpis sed ante vivamus tortor duis',	'dapibus at diam nam tristique',	19,	319.3760,	417.1620,	214.0680,	0),
(248,	248,	28,	'curabitur convallis duis consequat dui nec nisi volutpat eleifend donec ut dolor',	'pede libero quis orci nullam',	2,	133.9710,	293.6420,	178.7080,	0),
(249,	249,	33,	'sit amet sem fusce consequat nulla nisl nunc nisl duis bibendum',	'tortor quis turpis sed ante',	9,	248.3780,	299.3520,	409.0480,	0),
(250,	250,	34,	'a ipsum integer a nibh in quis justo maecenas rhoncus',	'nulla pede ullamcorper augue a',	3,	356.7490,	220.7840,	350.5330,	0),
(251,	251,	48,	'in leo maecenas pulvinar lobortis est phasellus sit amet erat nulla tempus',	'ultrices libero non mattis pulvinar',	2,	305.8440,	380.7430,	420.6240,	0),
(252,	252,	44,	'urna pretium nisl ut volutpat sapien arcu sed augue aliquam erat volutpat in congue',	'pretium nisl ut volutpat sapien',	12,	457.1760,	204.8620,	192.7560,	0),
(253,	253,	38,	'velit donec diam neque vestibulum eget vulputate ut ultrices vel augue vestibulum ante',	'dolor quis odio consequat varius',	13,	291.0890,	203.9330,	383.6320,	0),
(254,	254,	37,	'ligula nec sem duis aliquam convallis nunc proin at turpis a pede posuere nonummy',	'cubilia curae duis faucibus accumsan',	12,	445.8600,	111.9480,	312.8340,	0),
(255,	255,	36,	'ipsum primis in faucibus orci luctus et ultrices posuere cubilia curae',	'sit amet consectetuer adipiscing elit',	3,	275.0420,	458.8670,	183.0540,	0),
(256,	256,	39,	'donec odio justo sollicitudin ut suscipit a feugiat et eros',	'sem praesent id massa id',	11,	189.1010,	339.5680,	475.3360,	0),
(257,	257,	38,	'etiam vel augue vestibulum rutrum rutrum neque aenean auctor gravida sem praesent id',	'amet erat nulla tempus vivamus',	17,	128.9890,	273.7640,	400.2320,	0),
(258,	258,	36,	'aliquam convallis nunc proin at turpis a pede posuere nonummy',	'quam nec dui luctus rutrum',	18,	234.6640,	369.4380,	174.2640,	0),
(259,	259,	37,	'sapien varius ut blandit non interdum in ante vestibulum ante ipsum primis',	'justo in blandit ultrices enim',	13,	280.8230,	351.7430,	326.3200,	0),
(260,	260,	31,	'interdum in ante vestibulum ante ipsum primis in faucibus orci luctus et ultrices posuere',	'ipsum primis in faucibus orci',	7,	340.2740,	225.1870,	101.1430,	0),
(261,	261,	35,	'tempus sit amet sem fusce consequat nulla nisl nunc nisl duis bibendum felis',	'morbi quis tortor id nulla',	14,	464.7050,	416.6130,	427.8340,	0),
(262,	262,	46,	'justo aliquam quis turpis eget elit sodales scelerisque mauris sit amet',	'dolor sit amet consectetuer adipiscing',	1,	367.5090,	343.5340,	426.3160,	0),
(263,	263,	45,	'natoque penatibus et magnis dis parturient montes nascetur ridiculus mus etiam vel augue vestibulum',	'congue elementum in hac habitasse',	12,	140.2180,	466.3570,	275.1340,	0),
(264,	264,	49,	'non velit nec nisi vulputate nonummy maecenas tincidunt lacus at velit',	'lacinia erat vestibulum sed magna',	14,	280.9510,	305.2940,	231.5040,	0),
(265,	265,	34,	'tincidunt ante vel ipsum praesent blandit lacinia erat vestibulum sed magna at nunc commodo',	'eros suspendisse accumsan tortor quis',	7,	222.6370,	368.1030,	377.9700,	0),
(266,	266,	40,	'ipsum ac tellus semper interdum mauris ullamcorper purus sit amet nulla quisque arcu libero rutrum',	'cum sociis natoque penatibus et',	18,	182.9210,	257.6250,	463.4680,	0),
(267,	267,	33,	'id pretium iaculis diam erat fermentum justo nec condimentum neque sapien',	'natoque penatibus et magnis dis',	8,	379.9590,	172.5840,	124.8470,	0),
(268,	268,	43,	'nonummy integer non velit donec diam neque vestibulum eget vulputate ut',	'luctus nec molestie sed justo',	15,	109.8270,	497.7070,	288.0780,	0),
(269,	269,	28,	'sem duis aliquam convallis nunc proin at turpis a pede posuere nonummy integer non',	'platea dictumst aliquam augue quam',	20,	203.2510,	407.6890,	311.9030,	0),
(270,	270,	46,	'sem duis aliquam convallis nunc proin at turpis a pede posuere nonummy integer',	'volutpat in congue etiam justo',	9,	258.1240,	221.2690,	132.4010,	0),
(271,	271,	49,	'in leo maecenas pulvinar lobortis est phasellus sit amet erat nulla tempus vivamus in',	'in quis justo maecenas rhoncus',	6,	463.9620,	201.3100,	418.0840,	0),
(272,	272,	32,	'sit amet consectetuer adipiscing elit proin interdum mauris non ligula pellentesque ultrices phasellus id sapien',	'volutpat dui maecenas tristique est',	5,	173.9260,	473.7160,	455.2190,	0),
(273,	273,	42,	'sed accumsan felis ut at dolor quis odio consequat varius integer',	'proin leo odio porttitor id',	16,	373.0080,	467.7190,	304.1470,	0),
(274,	274,	32,	'vestibulum sagittis sapien cum sociis natoque penatibus et magnis dis parturient',	'ipsum dolor sit amet consectetuer',	8,	301.5070,	236.6210,	384.4560,	0),
(275,	275,	43,	'mauris lacinia sapien quis libero nullam sit amet turpis elementum ligula vehicula consequat morbi a',	'justo maecenas rhoncus aliquam lacus',	17,	294.8510,	341.9900,	431.2020,	0),
(276,	276,	28,	'diam erat fermentum justo nec condimentum neque sapien placerat ante nulla justo',	'blandit lacinia erat vestibulum sed',	8,	203.4940,	312.3170,	318.6380,	0),
(277,	277,	48,	'in felis eu sapien cursus vestibulum proin eu mi nulla ac enim in tempor',	'non lectus aliquam sit amet',	16,	403.6740,	297.6470,	485.3960,	0),
(278,	278,	48,	'non ligula pellentesque ultrices phasellus id sapien in sapien iaculis congue vivamus metus arcu',	'odio cras mi pede malesuada',	4,	197.0020,	103.4570,	355.6300,	0),
(279,	279,	46,	'proin interdum mauris non ligula pellentesque ultrices phasellus id sapien in sapien',	'posuere nonummy integer non velit',	9,	382.4410,	259.6730,	359.1330,	0),
(280,	280,	37,	'vestibulum aliquet ultrices erat tortor sollicitudin mi sit amet lobortis sapien sapien',	'cras pellentesque volutpat dui maecenas',	9,	265.4730,	258.0240,	457.1820,	0),
(281,	281,	49,	'viverra eget congue eget semper rutrum nulla nunc purus phasellus in felis donec',	'in faucibus orci luctus et',	16,	396.8120,	242.7980,	246.9960,	0),
(282,	282,	37,	'ultrices posuere cubilia curae donec pharetra magna vestibulum aliquet ultrices',	'hac habitasse platea dictumst etiam',	5,	163.3670,	432.2470,	332.1560,	0),
(283,	283,	37,	'vivamus tortor duis mattis egestas metus aenean fermentum donec ut mauris eget massa tempor convallis',	'aenean sit amet justo morbi',	20,	432.5380,	429.1770,	348.8980,	0),
(284,	284,	31,	'nulla suspendisse potenti cras in purus eu magna vulputate luctus',	'consequat morbi a ipsum integer',	20,	385.7280,	122.1380,	461.8590,	0),
(285,	285,	49,	'mi in porttitor pede justo eu massa donec dapibus duis',	'pharetra magna vestibulum aliquet ultrices',	1,	468.6560,	398.9380,	470.3050,	0),
(286,	286,	36,	'ipsum primis in faucibus orci luctus et ultrices posuere cubilia curae duis faucibus accumsan',	'bibendum morbi non quam nec',	9,	379.2070,	251.4070,	170.7350,	0),
(287,	287,	39,	'justo nec condimentum neque sapien placerat ante nulla justo aliquam quis turpis eget elit',	'id consequat in consequat ut',	12,	499.5500,	491.0760,	107.3690,	0),
(288,	288,	46,	'sapien cum sociis natoque penatibus et magnis dis parturient montes nascetur ridiculus mus etiam',	'amet lobortis sapien sapien non',	18,	188.6900,	330.8730,	483.7940,	0),
(289,	289,	50,	'magna bibendum imperdiet nullam orci pede venenatis non sodales sed tincidunt',	'nec nisi volutpat eleifend donec',	5,	267.5930,	409.1580,	214.3190,	0),
(290,	290,	43,	'nulla suspendisse potenti cras in purus eu magna vulputate luctus cum sociis natoque penatibus et',	'dolor quis odio consequat varius',	1,	173.9560,	193.0680,	296.9820,	0),
(291,	291,	34,	'sapien a libero nam dui proin leo odio porttitor id consequat in',	'pulvinar sed nisl nunc rhoncus',	8,	167.5970,	247.5220,	181.1730,	0),
(292,	292,	47,	'bibendum felis sed interdum venenatis turpis enim blandit mi in porttitor pede justo eu massa',	'magna vestibulum aliquet ultrices erat',	14,	183.1770,	390.4360,	100.6220,	0),
(293,	293,	48,	'nisl nunc rhoncus dui vel sem sed sagittis nam congue risus semper porta volutpat quam',	'dis parturient montes nascetur ridiculus',	9,	467.6400,	382.7220,	456.1690,	0),
(294,	294,	49,	'mattis odio donec vitae nisi nam ultrices libero non mattis pulvinar nulla pede ullamcorper',	'mauris non ligula pellentesque ultrices',	11,	231.0720,	193.1080,	197.5890,	0),
(295,	295,	32,	'non velit nec nisi vulputate nonummy maecenas tincidunt lacus at velit vivamus',	'morbi odio odio elementum eu',	8,	303.3710,	271.5570,	454.5030,	0),
(296,	296,	47,	'consectetuer adipiscing elit proin risus praesent lectus vestibulum quam sapien varius',	'amet eleifend pede libero quis',	13,	265.5440,	253.5100,	245.1790,	0),
(297,	297,	48,	'sit amet diam in magna bibendum imperdiet nullam orci pede venenatis non sodales',	'nunc proin at turpis a',	18,	221.5440,	470.8480,	436.1890,	0),
(298,	298,	31,	'pharetra magna ac consequat metus sapien ut nunc vestibulum ante ipsum primis',	'massa id nisl venenatis lacinia',	12,	458.9220,	263.7220,	386.8690,	0),
(299,	299,	34,	'in quam fringilla rhoncus mauris enim leo rhoncus sed vestibulum sit amet cursus',	'ut massa quis augue luctus',	2,	449.0860,	149.5550,	128.6430,	0),
(300,	300,	36,	'suspendisse ornare consequat lectus in est risus auctor sed tristique in',	'mauris viverra diam vitae quam',	2,	194.9140,	136.0310,	457.5160,	0),
(301,	301,	29,	'aliquet pulvinar sed nisl nunc rhoncus dui vel sem sed sagittis nam',	'blandit nam nulla integer pede',	6,	253.6260,	413.5770,	489.0820,	0),
(302,	302,	39,	'morbi odio odio elementum eu interdum eu tincidunt in leo maecenas pulvinar',	'mauris lacinia sapien quis libero',	12,	246.2410,	141.5440,	289.3150,	0),
(303,	303,	42,	'id mauris vulputate elementum nullam varius nulla facilisi cras non',	'quis justo maecenas rhoncus aliquam',	15,	131.6660,	126.0830,	184.4030,	0),
(304,	304,	44,	'fusce congue diam id ornare imperdiet sapien urna pretium nisl ut volutpat sapien arcu sed',	'quis turpis sed ante vivamus',	10,	121.7880,	431.8550,	453.3280,	0),
(305,	305,	40,	'habitasse platea dictumst etiam faucibus cursus urna ut tellus nulla ut erat id mauris vulputate',	'phasellus id sapien in sapien',	16,	492.2800,	274.1120,	302.8040,	0),
(306,	306,	36,	'natoque penatibus et magnis dis parturient montes nascetur ridiculus mus',	'non quam nec dui luctus',	6,	486.5910,	243.8080,	178.7630,	0),
(307,	307,	50,	'nisi nam ultrices libero non mattis pulvinar nulla pede ullamcorper augue a suscipit nulla elit',	'quam suspendisse potenti nullam porttitor',	9,	403.4710,	397.7260,	253.4020,	0),
(308,	308,	48,	'sodales scelerisque mauris sit amet eros suspendisse accumsan tortor quis turpis sed ante vivamus tortor',	'nisl duis ac nibh fusce',	6,	190.3460,	343.6710,	451.3930,	0),
(309,	309,	35,	'mi pede malesuada in imperdiet et commodo vulputate justo in blandit ultrices enim lorem',	'faucibus orci luctus et ultrices',	11,	238.8830,	139.9500,	352.7230,	0),
(310,	310,	39,	'aenean lectus pellentesque eget nunc donec quis orci eget orci',	'ut at dolor quis odio',	13,	332.4650,	280.5560,	356.0670,	0),
(311,	311,	50,	'orci vehicula condimentum curabitur in libero ut massa volutpat convallis morbi odio odio',	'praesent blandit lacinia erat vestibulum',	1,	210.4440,	160.0240,	471.4350,	0),
(312,	312,	46,	'nunc viverra dapibus nulla suscipit ligula in lacus curabitur at ipsum ac tellus semper interdum',	'vestibulum ante ipsum primis in',	2,	477.6980,	238.8640,	214.7500,	0),
(313,	313,	48,	'ipsum primis in faucibus orci luctus et ultrices posuere cubilia curae mauris',	'faucibus orci luctus et ultrices',	11,	255.7620,	300.6910,	322.3230,	0),
(314,	314,	41,	'cras non velit nec nisi vulputate nonummy maecenas tincidunt lacus at velit vivamus vel',	'integer a nibh in quis',	16,	395.9910,	244.0120,	207.4580,	0),
(315,	315,	48,	'nisl nunc rhoncus dui vel sem sed sagittis nam congue risus semper porta volutpat quam',	'at dolor quis odio consequat',	10,	333.2520,	365.7410,	258.9720,	0),
(316,	316,	45,	'id justo sit amet sapien dignissim vestibulum vestibulum ante ipsum primis in faucibus',	'odio condimentum id luctus nec',	18,	199.9030,	447.1810,	291.8070,	0),
(317,	317,	42,	'integer ac neque duis bibendum morbi non quam nec dui luctus rutrum',	'blandit lacinia erat vestibulum sed',	11,	288.9820,	267.9040,	167.2930,	0),
(318,	318,	40,	'congue etiam justo etiam pretium iaculis justo in hac habitasse platea',	'eget eleifend luctus ultricies eu',	18,	175.5790,	371.9050,	466.6280,	0),
(319,	319,	37,	'elementum pellentesque quisque porta volutpat erat quisque erat eros viverra eget congue eget semper rutrum',	'quis justo maecenas rhoncus aliquam',	2,	334.8020,	485.9170,	140.1570,	0),
(320,	320,	49,	'augue aliquam erat volutpat in congue etiam justo etiam pretium',	'ante ipsum primis in faucibus',	4,	161.9470,	395.1530,	348.8160,	0),
(321,	321,	47,	'sem fusce consequat nulla nisl nunc nisl duis bibendum felis sed interdum venenatis turpis',	'nulla tempus vivamus in felis',	20,	174.5090,	495.7230,	246.9900,	0),
(322,	322,	48,	'praesent lectus vestibulum quam sapien varius ut blandit non interdum in ante vestibulum ante ipsum',	'quis augue luctus tincidunt nulla',	15,	265.5400,	414.1490,	212.5480,	0),
(323,	323,	50,	'fusce posuere felis sed lacus morbi sem mauris laoreet ut',	'vestibulum ante ipsum primis in',	12,	324.3990,	386.6020,	488.8260,	0),
(324,	324,	39,	'quam fringilla rhoncus mauris enim leo rhoncus sed vestibulum sit amet cursus id turpis',	'metus vitae ipsum aliquam non',	7,	327.9840,	451.3910,	289.0480,	0),
(325,	325,	31,	'ac nulla sed vel enim sit amet nunc viverra dapibus nulla',	'sapien in sapien iaculis congue',	5,	476.1930,	444.7360,	294.4060,	0),
(326,	326,	37,	'sem praesent id massa id nisl venenatis lacinia aenean sit amet justo morbi ut odio',	'felis sed lacus morbi sem',	3,	464.7970,	270.6150,	303.1330,	0),
(327,	327,	46,	'sed magna at nunc commodo placerat praesent blandit nam nulla integer',	'non quam nec dui luctus',	4,	489.7360,	280.6210,	301.7540,	0),
(328,	328,	42,	'convallis morbi odio odio elementum eu interdum eu tincidunt in leo maecenas',	'amet eros suspendisse accumsan tortor',	8,	233.3320,	424.2990,	482.8510,	0),
(329,	329,	32,	'consectetuer adipiscing elit proin risus praesent lectus vestibulum quam sapien varius ut blandit',	'nulla nunc purus phasellus in',	2,	338.7950,	172.9030,	390.5640,	0),
(330,	330,	40,	'sapien arcu sed augue aliquam erat volutpat in congue etiam justo etiam',	'in hac habitasse platea dictumst',	10,	460.3230,	328.5200,	106.8310,	0),
(331,	331,	41,	'viverra diam vitae quam suspendisse potenti nullam porttitor lacus at turpis donec posuere',	'mus vivamus vestibulum sagittis sapien',	7,	188.5090,	408.9540,	333.6660,	0),
(332,	332,	43,	'lobortis est phasellus sit amet erat nulla tempus vivamus in felis',	'vel augue vestibulum ante ipsum',	8,	480.7640,	370.6210,	155.1190,	0),
(333,	333,	41,	'pede ullamcorper augue a suscipit nulla elit ac nulla sed vel enim sit amet nunc',	'maecenas ut massa quis augue',	11,	123.4760,	329.9600,	397.6260,	0),
(334,	334,	38,	'dui maecenas tristique est et tempus semper est quam pharetra magna',	'a libero nam dui proin',	11,	141.5160,	288.4540,	396.0480,	0),
(335,	335,	34,	'nulla pede ullamcorper augue a suscipit nulla elit ac nulla sed vel',	'eget rutrum at lorem integer',	13,	234.6770,	469.5390,	147.5940,	0),
(336,	336,	38,	'primis in faucibus orci luctus et ultrices posuere cubilia curae nulla dapibus dolor',	'sed vel enim sit amet',	2,	218.1610,	171.8800,	185.3970,	0),
(337,	337,	44,	'primis in faucibus orci luctus et ultrices posuere cubilia curae nulla',	'lacinia nisi venenatis tristique fusce',	18,	472.9620,	407.9530,	104.5770,	0),
(338,	338,	40,	'pede morbi porttitor lorem id ligula suspendisse ornare consequat lectus in est risus auctor',	'id ligula suspendisse ornare consequat',	5,	342.4580,	255.0460,	137.5960,	0),
(339,	339,	47,	'consequat ut nulla sed accumsan felis ut at dolor quis odio',	'eget orci vehicula condimentum curabitur',	17,	278.5170,	131.1700,	203.5650,	0),
(340,	340,	35,	'in sapien iaculis congue vivamus metus arcu adipiscing molestie hendrerit at vulputate',	'praesent blandit lacinia erat vestibulum',	14,	425.4170,	257.6170,	216.7340,	0),
(341,	341,	43,	'sapien sapien non mi integer ac neque duis bibendum morbi non quam nec dui luctus',	'felis donec semper sapien a',	8,	231.1560,	229.4490,	307.8400,	0),
(342,	342,	50,	'hac habitasse platea dictumst maecenas ut massa quis augue luctus tincidunt nulla mollis molestie lorem',	'at velit vivamus vel nulla',	7,	472.8960,	404.6560,	417.7050,	0),
(343,	343,	38,	'nulla pede ullamcorper augue a suscipit nulla elit ac nulla',	'sed interdum venenatis turpis enim',	8,	480.2390,	131.6360,	132.5230,	0),
(344,	344,	34,	'integer pede justo lacinia eget tincidunt eget tempus vel pede',	'ridiculus mus vivamus vestibulum sagittis',	16,	311.9200,	314.4360,	316.4600,	0),
(345,	345,	30,	'metus vitae ipsum aliquam non mauris morbi non lectus aliquam sit amet diam in',	'id sapien in sapien iaculis',	13,	190.1970,	475.3650,	121.1620,	0),
(346,	346,	35,	'nulla suscipit ligula in lacus curabitur at ipsum ac tellus',	'nascetur ridiculus mus vivamus vestibulum',	1,	449.9860,	490.1880,	113.5280,	0),
(347,	347,	39,	'nulla elit ac nulla sed vel enim sit amet nunc viverra dapibus nulla suscipit ligula',	'vestibulum sagittis sapien cum sociis',	19,	142.9480,	498.2600,	214.7160,	0),
(348,	348,	47,	'mi nulla ac enim in tempor turpis nec euismod scelerisque quam',	'habitasse platea dictumst morbi vestibulum',	10,	310.3170,	135.9670,	334.3750,	0),
(349,	349,	31,	'turpis adipiscing lorem vitae mattis nibh ligula nec sem duis aliquam convallis nunc proin',	'cras pellentesque volutpat dui maecenas',	14,	173.2850,	263.8860,	448.5480,	0),
(350,	350,	45,	'ullamcorper purus sit amet nulla quisque arcu libero rutrum ac lobortis',	'nunc proin at turpis a',	9,	468.2430,	324.1810,	362.7670,	0),
(351,	351,	33,	'tortor risus dapibus augue vel accumsan tellus nisi eu orci mauris lacinia sapien quis',	'faucibus orci luctus et ultrices',	6,	453.0390,	259.3020,	386.6200,	0),
(352,	352,	43,	'odio condimentum id luctus nec molestie sed justo pellentesque viverra pede ac',	'justo in hac habitasse platea',	6,	380.6910,	263.8220,	205.1680,	0),
(353,	353,	38,	'vestibulum aliquet ultrices erat tortor sollicitudin mi sit amet lobortis sapien sapien',	'rutrum nulla nunc purus phasellus',	20,	180.2710,	315.5980,	473.3410,	0),
(354,	354,	29,	'sollicitudin vitae consectetuer eget rutrum at lorem integer tincidunt ante vel ipsum',	'nullam molestie nibh in lectus',	8,	172.4850,	439.9170,	269.7240,	0),
(355,	355,	43,	'nulla sed accumsan felis ut at dolor quis odio consequat varius integer ac',	'velit vivamus vel nulla eget',	14,	142.5560,	141.8230,	317.6770,	0),
(356,	356,	45,	'tristique est et tempus semper est quam pharetra magna ac consequat metus sapien',	'integer ac leo pellentesque ultrices',	8,	407.9090,	216.4660,	189.4880,	0),
(357,	357,	37,	'sit amet diam in magna bibendum imperdiet nullam orci pede venenatis non sodales',	'sed justo pellentesque viverra pede',	12,	362.6800,	215.5670,	435.9100,	0),
(358,	358,	44,	'sit amet eleifend pede libero quis orci nullam molestie nibh in',	'at diam nam tristique tortor',	10,	377.5310,	287.3840,	122.6980,	0),
(359,	359,	46,	'justo sollicitudin ut suscipit a feugiat et eros vestibulum ac est lacinia nisi',	'aliquam non mauris morbi non',	14,	339.6350,	180.0940,	242.4530,	0),
(360,	360,	39,	'ante ipsum primis in faucibus orci luctus et ultrices posuere cubilia',	'ac tellus semper interdum mauris',	20,	497.1630,	470.8920,	121.9080,	0),
(361,	361,	47,	'metus aenean fermentum donec ut mauris eget massa tempor convallis nulla neque libero convallis eget',	'in sagittis dui vel nisl',	7,	240.0020,	196.7480,	101.4800,	0),
(362,	362,	40,	'cubilia curae mauris viverra diam vitae quam suspendisse potenti nullam porttitor lacus at turpis donec',	'blandit non interdum in ante',	3,	252.3880,	351.8600,	216.2140,	0),
(363,	363,	45,	'aliquet ultrices erat tortor sollicitudin mi sit amet lobortis sapien sapien non',	'tincidunt eget tempus vel pede',	9,	481.7780,	385.3030,	349.6520,	0),
(364,	364,	32,	'vulputate justo in blandit ultrices enim lorem ipsum dolor sit',	'viverra diam vitae quam suspendisse',	15,	254.1270,	111.6740,	370.3620,	0),
(365,	365,	47,	'sit amet nunc viverra dapibus nulla suscipit ligula in lacus curabitur',	'at diam nam tristique tortor',	7,	308.2190,	116.3830,	481.8780,	0),
(366,	366,	37,	'at velit eu est congue elementum in hac habitasse platea',	'in lacus curabitur at ipsum',	3,	168.4470,	155.5430,	351.0530,	0),
(367,	367,	43,	'proin risus praesent lectus vestibulum quam sapien varius ut blandit non interdum in',	'leo rhoncus sed vestibulum sit',	14,	250.4950,	196.7310,	261.8210,	0),
(368,	368,	40,	'luctus cum sociis natoque penatibus et magnis dis parturient montes nascetur ridiculus',	'porttitor lorem id ligula suspendisse',	10,	211.6880,	373.6080,	363.1150,	0),
(369,	369,	41,	'curabitur convallis duis consequat dui nec nisi volutpat eleifend donec ut dolor morbi vel',	'erat fermentum justo nec condimentum',	11,	207.3310,	210.0450,	289.7610,	0),
(370,	370,	31,	'vivamus in felis eu sapien cursus vestibulum proin eu mi nulla ac enim in',	'vitae quam suspendisse potenti nullam',	9,	372.7810,	355.4070,	323.1820,	0),
(371,	371,	38,	'suscipit nulla elit ac nulla sed vel enim sit amet',	'ipsum primis in faucibus orci',	5,	361.6540,	463.7170,	395.7480,	0),
(372,	372,	30,	'et ultrices posuere cubilia curae duis faucibus accumsan odio curabitur convallis duis consequat dui nec',	'ornare consequat lectus in est',	14,	297.2540,	458.4340,	201.1350,	0),
(373,	373,	41,	'pharetra magna ac consequat metus sapien ut nunc vestibulum ante ipsum primis in faucibus orci',	'platea dictumst morbi vestibulum velit',	1,	143.6210,	235.7620,	125.2970,	0),
(374,	374,	37,	'consequat lectus in est risus auctor sed tristique in tempus sit amet sem fusce consequat',	'id lobortis convallis tortor risus',	15,	264.6370,	151.5580,	417.4730,	0),
(375,	375,	44,	'ac diam cras pellentesque volutpat dui maecenas tristique est et tempus semper est quam',	'luctus cum sociis natoque penatibus',	10,	401.1540,	171.0550,	355.5020,	0),
(376,	376,	44,	'id justo sit amet sapien dignissim vestibulum vestibulum ante ipsum primis in faucibus orci',	'dis parturient montes nascetur ridiculus',	15,	410.7940,	319.7120,	482.8330,	0),
(377,	377,	47,	'primis in faucibus orci luctus et ultrices posuere cubilia curae donec pharetra',	'sociis natoque penatibus et magnis',	20,	389.0170,	419.4550,	311.3070,	0),
(378,	378,	41,	'in tempor turpis nec euismod scelerisque quam turpis adipiscing lorem',	'dis parturient montes nascetur ridiculus',	5,	442.6760,	334.4620,	252.5650,	0),
(379,	379,	32,	'erat curabitur gravida nisi at nibh in hac habitasse platea dictumst aliquam augue quam sollicitudin',	'diam in magna bibendum imperdiet',	10,	137.7400,	146.4510,	245.4940,	0),
(380,	380,	50,	'ante nulla justo aliquam quis turpis eget elit sodales scelerisque mauris sit amet eros',	'eleifend pede libero quis orci',	13,	352.6840,	302.5190,	179.9220,	0),
(381,	381,	30,	'dolor morbi vel lectus in quam fringilla rhoncus mauris enim',	'nam tristique tortor eu pede',	11,	273.4380,	194.0290,	353.7530,	0),
(382,	382,	39,	'maecenas pulvinar lobortis est phasellus sit amet erat nulla tempus vivamus in',	'vehicula consequat morbi a ipsum',	19,	185.3680,	245.4160,	112.2100,	0),
(383,	383,	38,	'turpis nec euismod scelerisque quam turpis adipiscing lorem vitae mattis nibh ligula nec sem',	'augue vestibulum rutrum rutrum neque',	8,	380.9130,	288.6580,	341.2610,	0),
(384,	384,	38,	'sapien sapien non mi integer ac neque duis bibendum morbi non quam nec dui',	'magna vestibulum aliquet ultrices erat',	11,	347.0780,	190.4790,	463.7010,	0),
(385,	385,	37,	'turpis integer aliquet massa id lobortis convallis tortor risus dapibus augue',	'tristique fusce congue diam id',	20,	466.5760,	435.0670,	489.2780,	0),
(386,	386,	49,	'in hac habitasse platea dictumst morbi vestibulum velit id pretium iaculis diam erat fermentum justo',	'faucibus orci luctus et ultrices',	4,	442.5940,	141.3980,	226.0180,	0),
(387,	387,	30,	'orci nullam molestie nibh in lectus pellentesque at nulla suspendisse potenti cras in purus',	'faucibus orci luctus et ultrices',	2,	296.9440,	315.7430,	410.4460,	0),
(388,	388,	46,	'nullam sit amet turpis elementum ligula vehicula consequat morbi a ipsum integer a',	'augue a suscipit nulla elit',	15,	406.2740,	405.6720,	252.2220,	0),
(389,	389,	48,	'sed vestibulum sit amet cursus id turpis integer aliquet massa',	'in faucibus orci luctus et',	20,	349.8720,	212.7040,	213.1050,	0),
(390,	390,	34,	'justo eu massa donec dapibus duis at velit eu est congue elementum in',	'ultrices mattis odio donec vitae',	2,	391.5380,	241.4030,	286.4770,	0),
(391,	391,	44,	'quis augue luctus tincidunt nulla mollis molestie lorem quisque ut erat curabitur gravida nisi',	'luctus et ultrices posuere cubilia',	8,	266.6830,	334.8740,	422.0370,	0),
(392,	392,	32,	'libero quis orci nullam molestie nibh in lectus pellentesque at nulla suspendisse potenti cras',	'quis turpis sed ante vivamus',	2,	162.0780,	106.5130,	108.4650,	0),
(393,	393,	31,	'tortor risus dapibus augue vel accumsan tellus nisi eu orci mauris lacinia sapien',	'auctor sed tristique in tempus',	20,	315.9580,	286.1730,	202.9200,	0),
(394,	394,	32,	'nulla mollis molestie lorem quisque ut erat curabitur gravida nisi at nibh in hac habitasse',	'id luctus nec molestie sed',	2,	331.3370,	398.0070,	478.9440,	0),
(395,	395,	36,	'amet sem fusce consequat nulla nisl nunc nisl duis bibendum felis sed interdum venenatis',	'in leo maecenas pulvinar lobortis',	16,	249.0120,	154.5660,	288.1370,	0),
(396,	396,	47,	'nibh ligula nec sem duis aliquam convallis nunc proin at turpis a pede posuere',	'porttitor lacus at turpis donec',	9,	378.1320,	425.7300,	300.5470,	0),
(397,	397,	50,	'eu orci mauris lacinia sapien quis libero nullam sit amet turpis elementum ligula vehicula consequat',	'pellentesque eget nunc donec quis',	11,	113.9180,	348.2470,	310.1150,	0),
(398,	398,	49,	'dapibus augue vel accumsan tellus nisi eu orci mauris lacinia sapien quis libero nullam',	'magna vestibulum aliquet ultrices erat',	3,	338.2370,	189.0220,	117.7010,	0),
(399,	399,	48,	'quam sollicitudin vitae consectetuer eget rutrum at lorem integer tincidunt ante vel ipsum',	'volutpat erat quisque erat eros',	6,	302.5990,	401.7800,	370.2900,	0),
(400,	400,	38,	'cras in purus eu magna vulputate luctus cum sociis natoque penatibus',	'id massa id nisl venenatis',	11,	441.9720,	214.4630,	277.3080,	0),
(401,	401,	33,	'nunc donec quis orci eget orci vehicula condimentum curabitur in libero ut massa',	'vivamus in felis eu sapien',	18,	468.5350,	444.2020,	439.0440,	0),
(402,	402,	28,	'non mauris morbi non lectus aliquam sit amet diam in',	'nulla neque libero convallis eget',	11,	175.9540,	205.6290,	467.7850,	0),
(403,	403,	37,	'praesent blandit nam nulla integer pede justo lacinia eget tincidunt eget tempus',	'vel lectus in quam fringilla',	19,	405.8710,	150.6410,	393.9940,	0),
(404,	404,	29,	'pretium nisl ut volutpat sapien arcu sed augue aliquam erat volutpat in congue etiam justo',	'nunc rhoncus dui vel sem',	2,	124.5130,	263.8030,	162.1560,	0),
(405,	405,	32,	'ornare consequat lectus in est risus auctor sed tristique in tempus sit amet sem',	'et eros vestibulum ac est',	18,	406.5540,	211.9180,	130.5380,	0),
(406,	406,	45,	'suspendisse potenti cras in purus eu magna vulputate luctus cum',	'nibh fusce lacus purus aliquet',	7,	349.7010,	121.5300,	346.9180,	0),
(407,	407,	37,	'nibh quisque id justo sit amet sapien dignissim vestibulum vestibulum ante ipsum primis in faucibus',	'tortor duis mattis egestas metus',	6,	178.4300,	335.3450,	304.5820,	0),
(408,	408,	31,	'donec vitae nisi nam ultrices libero non mattis pulvinar nulla pede ullamcorper augue a',	'dolor quis odio consequat varius',	14,	453.1900,	193.2660,	311.2610,	0),
(409,	409,	47,	'lacinia erat vestibulum sed magna at nunc commodo placerat praesent blandit nam nulla integer',	'sed tristique in tempus sit',	1,	334.6460,	149.2440,	205.9620,	0),
(410,	410,	33,	'in consequat ut nulla sed accumsan felis ut at dolor quis odio consequat varius integer',	'aenean sit amet justo morbi',	12,	405.8120,	166.3010,	283.2360,	0),
(411,	411,	35,	'metus aenean fermentum donec ut mauris eget massa tempor convallis nulla',	'sit amet lobortis sapien sapien',	20,	221.4430,	134.2910,	317.2510,	0),
(412,	412,	39,	'primis in faucibus orci luctus et ultrices posuere cubilia curae duis',	'aliquet pulvinar sed nisl nunc',	13,	333.7780,	139.4410,	225.4660,	0),
(413,	413,	41,	'ipsum integer a nibh in quis justo maecenas rhoncus aliquam lacus morbi',	'pede libero quis orci nullam',	14,	166.7720,	214.0430,	438.4020,	0),
(414,	414,	48,	'amet consectetuer adipiscing elit proin interdum mauris non ligula pellentesque ultrices',	'imperdiet sapien urna pretium nisl',	9,	319.3290,	445.8610,	157.7760,	0),
(415,	415,	31,	'nec dui luctus rutrum nulla tellus in sagittis dui vel nisl duis ac nibh',	'quis orci eget orci vehicula',	8,	143.0700,	121.5300,	293.9480,	0),
(416,	416,	46,	'posuere felis sed lacus morbi sem mauris laoreet ut rhoncus aliquet pulvinar sed nisl nunc',	'morbi ut odio cras mi',	20,	153.8480,	243.9260,	496.7630,	0),
(417,	417,	49,	'cras pellentesque volutpat dui maecenas tristique est et tempus semper est quam pharetra magna ac',	'vulputate vitae nisl aenean lectus',	17,	233.0100,	356.5570,	341.2930,	0),
(418,	418,	49,	'dui luctus rutrum nulla tellus in sagittis dui vel nisl duis ac nibh',	'donec posuere metus vitae ipsum',	10,	131.5070,	195.9780,	299.2620,	0),
(419,	419,	47,	'ipsum primis in faucibus orci luctus et ultrices posuere cubilia curae duis faucibus',	'natoque penatibus et magnis dis',	2,	156.7420,	136.7540,	130.8440,	0),
(420,	420,	28,	'aliquam sit amet diam in magna bibendum imperdiet nullam orci pede venenatis',	'orci luctus et ultrices posuere',	7,	222.0350,	212.9990,	466.2180,	0),
(421,	421,	28,	'augue luctus tincidunt nulla mollis molestie lorem quisque ut erat curabitur gravida nisi',	'enim lorem ipsum dolor sit',	11,	348.0050,	328.6640,	281.4220,	0),
(422,	422,	36,	'amet diam in magna bibendum imperdiet nullam orci pede venenatis non',	'eu magna vulputate luctus cum',	17,	300.2130,	347.2210,	129.0990,	0),
(423,	423,	47,	'facilisi cras non velit nec nisi vulputate nonummy maecenas tincidunt lacus at velit vivamus vel',	'primis in faucibus orci luctus',	9,	374.3440,	457.3630,	482.9880,	0),
(424,	424,	47,	'nonummy integer non velit donec diam neque vestibulum eget vulputate ut ultrices vel augue',	'consequat nulla nisl nunc nisl',	13,	169.0280,	227.5330,	491.0930,	0),
(425,	425,	38,	'nam nulla integer pede justo lacinia eget tincidunt eget tempus vel pede morbi porttitor',	'nibh quisque id justo sit',	18,	205.9850,	435.7890,	311.8100,	0),
(426,	426,	31,	'sem fusce consequat nulla nisl nunc nisl duis bibendum felis',	'ut massa quis augue luctus',	20,	424.3230,	431.4330,	291.5490,	0),
(427,	427,	49,	'nonummy maecenas tincidunt lacus at velit vivamus vel nulla eget eros elementum pellentesque quisque porta',	'amet cursus id turpis integer',	13,	128.2910,	155.9460,	252.1510,	0),
(428,	428,	36,	'justo in blandit ultrices enim lorem ipsum dolor sit amet consectetuer adipiscing elit',	'ipsum primis in faucibus orci',	8,	398.5130,	486.6920,	179.1990,	0),
(429,	429,	32,	'habitasse platea dictumst aliquam augue quam sollicitudin vitae consectetuer eget rutrum at lorem',	'tempus vel pede morbi porttitor',	11,	248.5850,	484.4230,	280.5760,	0),
(430,	430,	34,	'ut ultrices vel augue vestibulum ante ipsum primis in faucibus',	'faucibus accumsan odio curabitur convallis',	14,	378.1610,	359.2580,	110.3590,	0),
(431,	431,	33,	'elementum ligula vehicula consequat morbi a ipsum integer a nibh',	'pretium iaculis justo in hac',	6,	234.7210,	141.1620,	418.9620,	0),
(432,	432,	49,	'eu est congue elementum in hac habitasse platea dictumst morbi vestibulum velit id',	'eu mi nulla ac enim',	4,	240.1410,	343.3330,	491.6040,	0),
(433,	433,	40,	'orci luctus et ultrices posuere cubilia curae mauris viverra diam',	'ultrices mattis odio donec vitae',	11,	231.9910,	417.3940,	106.3980,	0),
(434,	434,	38,	'ut nunc vestibulum ante ipsum primis in faucibus orci luctus et ultrices posuere cubilia',	'proin risus praesent lectus vestibulum',	4,	266.5900,	135.5130,	218.0550,	0),
(435,	435,	33,	'pellentesque quisque porta volutpat erat quisque erat eros viverra eget congue eget semper',	'sem sed sagittis nam congue',	8,	335.9970,	264.0540,	464.0360,	0),
(436,	436,	28,	'convallis nunc proin at turpis a pede posuere nonummy integer non velit',	'nec nisi vulputate nonummy maecenas',	6,	345.8920,	170.6250,	299.3790,	0),
(437,	437,	45,	'urna pretium nisl ut volutpat sapien arcu sed augue aliquam erat volutpat',	'aenean fermentum donec ut mauris',	19,	116.0210,	236.3860,	402.3970,	0),
(438,	438,	28,	'velit donec diam neque vestibulum eget vulputate ut ultrices vel augue vestibulum',	'velit eu est congue elementum',	15,	318.2500,	488.2730,	473.3490,	0),
(439,	439,	45,	'parturient montes nascetur ridiculus mus etiam vel augue vestibulum rutrum',	'curae nulla dapibus dolor vel',	14,	323.0270,	482.1260,	171.8470,	0),
(440,	440,	44,	'natoque penatibus et magnis dis parturient montes nascetur ridiculus mus',	'vestibulum aliquet ultrices erat tortor',	20,	429.6770,	247.0740,	454.9890,	0),
(441,	441,	38,	'interdum eu tincidunt in leo maecenas pulvinar lobortis est phasellus sit amet erat nulla',	'eget vulputate ut ultrices vel',	10,	443.3240,	293.6430,	423.1850,	0),
(442,	442,	40,	'in eleifend quam a odio in hac habitasse platea dictumst maecenas ut massa quis',	'eget rutrum at lorem integer',	12,	389.0410,	438.2980,	284.2530,	0),
(443,	443,	32,	'potenti cras in purus eu magna vulputate luctus cum sociis natoque penatibus et',	'posuere cubilia curae mauris viverra',	3,	290.9990,	456.7720,	127.5580,	0),
(444,	444,	37,	'montes nascetur ridiculus mus etiam vel augue vestibulum rutrum rutrum neque aenean',	'nullam sit amet turpis elementum',	3,	230.3180,	256.7880,	452.5620,	0),
(445,	445,	45,	'quam turpis adipiscing lorem vitae mattis nibh ligula nec sem duis aliquam convallis nunc',	'fringilla rhoncus mauris enim leo',	11,	182.8500,	227.7610,	455.2190,	0),
(446,	446,	28,	'congue vivamus metus arcu adipiscing molestie hendrerit at vulputate vitae nisl aenean lectus pellentesque',	'ut nulla sed accumsan felis',	9,	278.0380,	438.5980,	161.4000,	0),
(447,	447,	35,	'ut dolor morbi vel lectus in quam fringilla rhoncus mauris enim leo rhoncus sed vestibulum',	'pretium iaculis justo in hac',	18,	316.6370,	411.7340,	295.2540,	0),
(448,	448,	37,	'rhoncus dui vel sem sed sagittis nam congue risus semper porta volutpat quam',	'primis in faucibus orci luctus',	16,	332.9790,	222.0190,	320.2120,	0),
(449,	449,	47,	'odio elementum eu interdum eu tincidunt in leo maecenas pulvinar lobortis',	'sit amet nulla quisque arcu',	13,	436.5560,	157.2650,	367.2100,	0),
(450,	450,	29,	'nulla ultrices aliquet maecenas leo odio condimentum id luctus nec molestie sed',	'orci luctus et ultrices posuere',	13,	287.1550,	116.7140,	227.6990,	0),
(451,	451,	35,	'ante nulla justo aliquam quis turpis eget elit sodales scelerisque mauris sit amet eros',	'mi nulla ac enim in',	1,	140.3060,	250.0480,	253.2570,	0),
(452,	452,	34,	'id mauris vulputate elementum nullam varius nulla facilisi cras non velit nec',	'eu magna vulputate luctus cum',	17,	174.3040,	248.6310,	496.4230,	0),
(453,	453,	47,	'elit sodales scelerisque mauris sit amet eros suspendisse accumsan tortor quis turpis',	'ac nibh fusce lacus purus',	9,	483.1940,	142.9850,	370.7190,	0),
(454,	454,	28,	'nascetur ridiculus mus vivamus vestibulum sagittis sapien cum sociis natoque penatibus et',	'in libero ut massa volutpat',	10,	479.6830,	299.0710,	414.2480,	0),
(455,	455,	47,	'erat quisque erat eros viverra eget congue eget semper rutrum nulla nunc purus phasellus in',	'ut massa volutpat convallis morbi',	11,	136.9390,	195.0020,	307.8860,	0),
(456,	456,	48,	'porta volutpat quam pede lobortis ligula sit amet eleifend pede libero',	'rutrum ac lobortis vel dapibus',	11,	482.2950,	444.8490,	293.3440,	0),
(457,	457,	31,	'velit eu est congue elementum in hac habitasse platea dictumst',	'in faucibus orci luctus et',	17,	188.4930,	338.1210,	458.9010,	0),
(458,	458,	40,	'maecenas tincidunt lacus at velit vivamus vel nulla eget eros',	'pellentesque volutpat dui maecenas tristique',	11,	349.1270,	349.7640,	155.7720,	0),
(459,	459,	32,	'justo in hac habitasse platea dictumst etiam faucibus cursus urna ut tellus nulla',	'aenean sit amet justo morbi',	9,	169.2250,	127.9310,	162.1210,	0),
(460,	460,	48,	'cum sociis natoque penatibus et magnis dis parturient montes nascetur ridiculus mus vivamus vestibulum',	'risus dapibus augue vel accumsan',	19,	190.3250,	322.0860,	258.5100,	0),
(461,	461,	35,	'morbi quis tortor id nulla ultrices aliquet maecenas leo odio condimentum id luctus nec',	'iaculis justo in hac habitasse',	17,	491.8360,	286.9980,	102.3260,	0),
(462,	462,	36,	'quis orci nullam molestie nibh in lectus pellentesque at nulla suspendisse potenti',	'odio donec vitae nisi nam',	15,	235.8570,	306.3070,	426.3820,	0),
(463,	463,	28,	'neque aenean auctor gravida sem praesent id massa id nisl',	'convallis tortor risus dapibus augue',	9,	301.1550,	299.2130,	232.6340,	0),
(464,	464,	46,	'maecenas leo odio condimentum id luctus nec molestie sed justo',	'ipsum primis in faucibus orci',	3,	189.4510,	463.8810,	250.7640,	0),
(465,	465,	47,	'semper interdum mauris ullamcorper purus sit amet nulla quisque arcu libero rutrum ac',	'faucibus orci luctus et ultrices',	16,	375.9320,	198.2770,	251.0020,	0),
(466,	466,	31,	'imperdiet nullam orci pede venenatis non sodales sed tincidunt eu felis fusce posuere',	'justo lacinia eget tincidunt eget',	3,	176.3300,	283.8240,	124.2090,	0),
(467,	467,	46,	'lectus in est risus auctor sed tristique in tempus sit amet',	'in felis eu sapien cursus',	2,	145.8600,	210.3260,	183.4860,	0),
(468,	468,	33,	'amet eleifend pede libero quis orci nullam molestie nibh in lectus pellentesque at nulla',	'nibh in lectus pellentesque at',	20,	480.1970,	263.3640,	220.6090,	0),
(469,	469,	42,	'nonummy integer non velit donec diam neque vestibulum eget vulputate ut ultrices vel augue vestibulum',	'ut volutpat sapien arcu sed',	17,	343.0910,	139.3430,	325.9960,	0),
(470,	470,	44,	'aliquam convallis nunc proin at turpis a pede posuere nonummy integer non',	'tristique est et tempus semper',	14,	104.5100,	477.6690,	173.6560,	0),
(471,	471,	28,	'lectus suspendisse potenti in eleifend quam a odio in hac habitasse platea',	'eros elementum pellentesque quisque porta',	1,	465.2280,	390.9250,	288.5490,	0),
(472,	472,	30,	'ante ipsum primis in faucibus orci luctus et ultrices posuere cubilia',	'faucibus orci luctus et ultrices',	7,	278.2020,	199.7110,	450.7810,	0),
(473,	473,	28,	'bibendum morbi non quam nec dui luctus rutrum nulla tellus in sagittis dui vel',	'duis bibendum morbi non quam',	2,	332.5870,	110.9300,	312.4390,	0),
(474,	474,	35,	'eu mi nulla ac enim in tempor turpis nec euismod scelerisque quam',	'quam sollicitudin vitae consectetuer eget',	10,	344.2210,	330.5910,	128.2850,	0),
(475,	475,	40,	'dolor morbi vel lectus in quam fringilla rhoncus mauris enim leo',	'tellus nulla ut erat id',	19,	487.9920,	148.9330,	315.8090,	0),
(476,	476,	30,	'odio condimentum id luctus nec molestie sed justo pellentesque viverra pede ac diam cras',	'risus auctor sed tristique in',	11,	304.4760,	334.7340,	499.2570,	0),
(477,	477,	38,	'proin risus praesent lectus vestibulum quam sapien varius ut blandit non interdum',	'montes nascetur ridiculus mus etiam',	12,	274.9350,	383.3130,	313.9830,	0),
(478,	478,	49,	'faucibus orci luctus et ultrices posuere cubilia curae donec pharetra magna vestibulum aliquet ultrices',	'vulputate luctus cum sociis natoque',	13,	471.7570,	367.3120,	428.5600,	0),
(479,	479,	33,	'erat fermentum justo nec condimentum neque sapien placerat ante nulla justo aliquam quis turpis',	'ipsum dolor sit amet consectetuer',	13,	229.3670,	295.3230,	314.8650,	0),
(480,	480,	37,	'odio cras mi pede malesuada in imperdiet et commodo vulputate justo in blandit',	'nulla facilisi cras non velit',	7,	213.6170,	268.7970,	314.6000,	0),
(481,	481,	41,	'rhoncus dui vel sem sed sagittis nam congue risus semper porta volutpat quam',	'in blandit ultrices enim lorem',	7,	222.5880,	210.6740,	337.4220,	0),
(482,	482,	33,	'ut erat curabitur gravida nisi at nibh in hac habitasse platea',	'at velit vivamus vel nulla',	1,	472.2120,	211.6130,	165.3200,	0),
(483,	483,	48,	'vestibulum sed magna at nunc commodo placerat praesent blandit nam',	'amet nulla quisque arcu libero',	17,	359.9900,	376.4460,	172.7220,	0),
(484,	484,	29,	'nibh quisque id justo sit amet sapien dignissim vestibulum vestibulum ante ipsum primis',	'vel sem sed sagittis nam',	8,	173.7780,	230.4800,	119.4710,	0),
(485,	485,	49,	'hac habitasse platea dictumst morbi vestibulum velit id pretium iaculis diam erat fermentum',	'placerat ante nulla justo aliquam',	1,	369.7870,	407.9200,	387.9970,	0),
(486,	486,	49,	'faucibus orci luctus et ultrices posuere cubilia curae duis faucibus',	'proin risus praesent lectus vestibulum',	13,	247.4430,	218.3560,	239.3800,	0),
(487,	487,	49,	'ac tellus semper interdum mauris ullamcorper purus sit amet nulla',	'pede ac diam cras pellentesque',	20,	362.4340,	444.4900,	483.3820,	0),
(488,	488,	31,	'potenti nullam porttitor lacus at turpis donec posuere metus vitae',	'rutrum ac lobortis vel dapibus',	1,	463.2510,	253.2900,	429.2610,	0),
(489,	489,	34,	'adipiscing lorem vitae mattis nibh ligula nec sem duis aliquam convallis nunc proin',	'commodo placerat praesent blandit nam',	19,	224.6450,	217.0440,	171.8810,	0),
(490,	490,	35,	'sit amet justo morbi ut odio cras mi pede malesuada in imperdiet et commodo vulputate',	'sit amet lobortis sapien sapien',	11,	264.6120,	358.6640,	453.7970,	0),
(491,	491,	44,	'massa volutpat convallis morbi odio odio elementum eu interdum eu',	'orci luctus et ultrices posuere',	7,	242.2740,	218.8420,	382.8070,	0),
(492,	492,	41,	'quisque arcu libero rutrum ac lobortis vel dapibus at diam',	'eget tempus vel pede morbi',	3,	482.2660,	433.6160,	173.0400,	0),
(493,	493,	41,	'sapien cum sociis natoque penatibus et magnis dis parturient montes nascetur',	'ultrices posuere cubilia curae nulla',	2,	403.5150,	103.5440,	108.4240,	0),
(494,	494,	32,	'metus aenean fermentum donec ut mauris eget massa tempor convallis nulla neque libero convallis eget',	'fermentum justo nec condimentum neque',	11,	342.6440,	105.2550,	436.3480,	0),
(495,	495,	46,	'vitae consectetuer eget rutrum at lorem integer tincidunt ante vel ipsum praesent blandit lacinia',	'accumsan felis ut at dolor',	1,	176.5330,	257.9810,	252.2750,	0),
(496,	496,	38,	'felis ut at dolor quis odio consequat varius integer ac',	'massa volutpat convallis morbi odio',	15,	195.1640,	216.8770,	259.4180,	0),
(497,	497,	37,	'adipiscing lorem vitae mattis nibh ligula nec sem duis aliquam convallis nunc proin at turpis',	'leo odio condimentum id luctus',	5,	213.9450,	330.9700,	491.5250,	0),
(498,	498,	36,	'iaculis congue vivamus metus arcu adipiscing molestie hendrerit at vulputate vitae nisl aenean lectus',	'interdum venenatis turpis enim blandit',	10,	226.2590,	305.0490,	143.3120,	0),
(499,	499,	46,	'lacinia aenean sit amet justo morbi ut odio cras mi pede malesuada in imperdiet et',	'quis augue luctus tincidunt nulla',	20,	247.4280,	325.9190,	326.7270,	0),
(500,	500,	50,	'in tempus sit amet sem fusce consequat nulla nisl nunc',	'eu massa donec dapibus duis',	11,	159.0740,	344.7820,	282.3990,	0),
(501,	501,	33,	'neque libero convallis eget eleifend luctus ultricies eu nibh quisque',	'odio in hac habitasse platea',	14,	426.7720,	431.1490,	357.0420,	0),
(502,	502,	45,	'duis consequat dui nec nisi volutpat eleifend donec ut dolor morbi vel lectus in',	'dui nec nisi volutpat eleifend',	11,	166.5760,	266.1140,	260.0000,	0),
(503,	503,	49,	'nulla ac enim in tempor turpis nec euismod scelerisque quam turpis adipiscing lorem',	'tempus vivamus in felis eu',	17,	374.9440,	413.3660,	112.3890,	0),
(504,	504,	48,	'morbi sem mauris laoreet ut rhoncus aliquet pulvinar sed nisl',	'feugiat non pretium quis lectus',	8,	162.0890,	365.1680,	319.2500,	0),
(505,	505,	28,	'pulvinar sed nisl nunc rhoncus dui vel sem sed sagittis',	'et ultrices posuere cubilia curae',	3,	120.2700,	495.8070,	267.4840,	0),
(506,	506,	44,	'donec diam neque vestibulum eget vulputate ut ultrices vel augue vestibulum',	'varius nulla facilisi cras non',	8,	163.7240,	393.3790,	394.0730,	0),
(507,	507,	40,	'est congue elementum in hac habitasse platea dictumst morbi vestibulum',	'sapien placerat ante nulla justo',	4,	425.5530,	368.7080,	446.7680,	0),
(508,	508,	37,	'rutrum at lorem integer tincidunt ante vel ipsum praesent blandit lacinia erat',	'enim sit amet nunc viverra',	1,	147.2300,	437.3950,	221.8370,	0),
(509,	509,	39,	'vestibulum ante ipsum primis in faucibus orci luctus et ultrices posuere',	'odio condimentum id luctus nec',	13,	232.6520,	125.7000,	340.5810,	0),
(510,	510,	44,	'odio condimentum id luctus nec molestie sed justo pellentesque viverra pede ac',	'orci pede venenatis non sodales',	4,	235.4410,	438.3710,	231.1930,	0),
(511,	511,	34,	'odio odio elementum eu interdum eu tincidunt in leo maecenas pulvinar lobortis est',	'platea dictumst aliquam augue quam',	19,	486.3130,	398.8500,	319.2330,	0),
(512,	512,	46,	'sapien non mi integer ac neque duis bibendum morbi non quam nec dui luctus rutrum',	'quis libero nullam sit amet',	7,	201.9960,	238.9450,	176.4490,	0),
(513,	513,	49,	'hac habitasse platea dictumst morbi vestibulum velit id pretium iaculis diam erat fermentum justo',	'et magnis dis parturient montes',	10,	232.7420,	101.5190,	362.1100,	0),
(514,	514,	49,	'dictumst maecenas ut massa quis augue luctus tincidunt nulla mollis molestie lorem quisque ut erat',	'in sagittis dui vel nisl',	9,	353.7270,	395.0180,	371.3890,	0),
(515,	515,	39,	'nulla ultrices aliquet maecenas leo odio condimentum id luctus nec molestie sed justo pellentesque',	'sapien arcu sed augue aliquam',	7,	292.0770,	134.3970,	275.8600,	0),
(516,	516,	50,	'amet eleifend pede libero quis orci nullam molestie nibh in lectus pellentesque at nulla',	'ultrices phasellus id sapien in',	9,	407.4310,	360.8530,	180.1910,	0),
(517,	517,	48,	'nec nisi volutpat eleifend donec ut dolor morbi vel lectus in quam fringilla',	'diam vitae quam suspendisse potenti',	4,	210.9360,	129.9900,	372.5230,	0),
(518,	518,	41,	'pretium iaculis diam erat fermentum justo nec condimentum neque sapien placerat ante nulla justo',	'convallis tortor risus dapibus augue',	3,	139.4700,	220.4410,	422.3810,	0),
(519,	519,	29,	'luctus ultricies eu nibh quisque id justo sit amet sapien dignissim vestibulum vestibulum',	'donec odio justo sollicitudin ut',	1,	484.9160,	141.5110,	259.7970,	0),
(520,	520,	49,	'cum sociis natoque penatibus et magnis dis parturient montes nascetur ridiculus mus',	'mi sit amet lobortis sapien',	15,	102.3680,	243.8260,	246.6990,	0),
(521,	521,	40,	'ante ipsum primis in faucibus orci luctus et ultrices posuere cubilia curae',	'dolor morbi vel lectus in',	18,	452.5710,	408.8100,	211.4210,	0),
(522,	522,	41,	'a feugiat et eros vestibulum ac est lacinia nisi venenatis',	'nam dui proin leo odio',	6,	256.4530,	133.0070,	299.6660,	0),
(523,	523,	50,	'ipsum dolor sit amet consectetuer adipiscing elit proin interdum mauris non ligula',	'laoreet ut rhoncus aliquet pulvinar',	9,	199.0580,	343.5120,	332.8280,	0),
(524,	524,	40,	'eleifend quam a odio in hac habitasse platea dictumst maecenas ut massa quis augue luctus',	'mattis odio donec vitae nisi',	16,	395.9290,	151.6980,	201.5310,	0),
(525,	525,	36,	'quisque arcu libero rutrum ac lobortis vel dapibus at diam nam tristique tortor eu pede',	'gravida nisi at nibh in',	16,	458.5660,	126.0580,	484.1820,	0),
(526,	526,	30,	'cubilia curae nulla dapibus dolor vel est donec odio justo sollicitudin ut',	'praesent lectus vestibulum quam sapien',	6,	107.5430,	363.4880,	133.9330,	0),
(527,	527,	33,	'rhoncus mauris enim leo rhoncus sed vestibulum sit amet cursus id',	'ac nibh fusce lacus purus',	7,	379.1510,	369.1800,	408.7250,	0),
(528,	528,	33,	'platea dictumst aliquam augue quam sollicitudin vitae consectetuer eget rutrum at lorem integer tincidunt',	'et commodo vulputate justo in',	11,	373.7690,	105.4020,	147.5950,	0),
(529,	529,	31,	'in hac habitasse platea dictumst maecenas ut massa quis augue luctus',	'tempor convallis nulla neque libero',	16,	283.5570,	131.9020,	367.2310,	0),
(530,	530,	33,	'non mauris morbi non lectus aliquam sit amet diam in',	'aenean fermentum donec ut mauris',	15,	415.4260,	252.2100,	429.9720,	0),
(531,	531,	39,	'in hac habitasse platea dictumst etiam faucibus cursus urna ut tellus nulla ut erat id',	'nunc commodo placerat praesent blandit',	10,	221.2430,	328.6260,	387.8310,	0),
(532,	532,	28,	'non mattis pulvinar nulla pede ullamcorper augue a suscipit nulla elit ac nulla',	'justo sollicitudin ut suscipit a',	15,	487.7630,	353.1910,	185.1350,	0),
(533,	533,	33,	'nam dui proin leo odio porttitor id consequat in consequat ut nulla sed',	'nec molestie sed justo pellentesque',	1,	114.2550,	386.7600,	198.8020,	0),
(534,	534,	30,	'sapien ut nunc vestibulum ante ipsum primis in faucibus orci',	'duis ac nibh fusce lacus',	10,	301.4420,	476.7980,	411.1690,	0),
(535,	535,	36,	'aenean lectus pellentesque eget nunc donec quis orci eget orci vehicula',	'vestibulum velit id pretium iaculis',	13,	376.7990,	206.0600,	336.0640,	0),
(536,	536,	40,	'laoreet ut rhoncus aliquet pulvinar sed nisl nunc rhoncus dui vel sem',	'orci luctus et ultrices posuere',	2,	432.1970,	173.5910,	136.5650,	0),
(537,	537,	29,	'quam turpis adipiscing lorem vitae mattis nibh ligula nec sem duis aliquam convallis nunc proin',	'eget tempus vel pede morbi',	18,	219.9620,	374.5330,	460.7170,	0),
(538,	538,	43,	'dui nec nisi volutpat eleifend donec ut dolor morbi vel lectus in',	'adipiscing lorem vitae mattis nibh',	15,	329.5580,	462.5290,	396.8760,	0),
(539,	539,	32,	'nisl ut volutpat sapien arcu sed augue aliquam erat volutpat in congue etiam justo etiam',	'lobortis sapien sapien non mi',	9,	362.5990,	422.1840,	458.2710,	0),
(540,	540,	47,	'nisi at nibh in hac habitasse platea dictumst aliquam augue quam sollicitudin vitae consectetuer eget',	'ante vivamus tortor duis mattis',	18,	433.2410,	167.7450,	161.4310,	0),
(541,	541,	44,	'enim leo rhoncus sed vestibulum sit amet cursus id turpis integer aliquet massa',	'in purus eu magna vulputate',	1,	248.0140,	120.3210,	114.3800,	0),
(542,	542,	35,	'orci luctus et ultrices posuere cubilia curae duis faucibus accumsan',	'nunc viverra dapibus nulla suscipit',	16,	299.4420,	259.1320,	190.8360,	0),
(543,	543,	49,	'egestas metus aenean fermentum donec ut mauris eget massa tempor convallis nulla neque libero convallis',	'mattis egestas metus aenean fermentum',	19,	166.6220,	139.0680,	290.4560,	0),
(544,	544,	41,	'ligula pellentesque ultrices phasellus id sapien in sapien iaculis congue vivamus metus arcu',	'duis aliquam convallis nunc proin',	6,	114.1630,	209.9400,	108.3800,	0),
(545,	545,	40,	'aliquet pulvinar sed nisl nunc rhoncus dui vel sem sed sagittis nam congue',	'vestibulum sit amet cursus id',	12,	368.7050,	318.4150,	431.8550,	0),
(546,	546,	33,	'etiam pretium iaculis justo in hac habitasse platea dictumst etiam faucibus cursus urna ut',	'nulla ut erat id mauris',	20,	346.6490,	467.9390,	114.2960,	0),
(547,	547,	49,	'nisl duis bibendum felis sed interdum venenatis turpis enim blandit mi in porttitor pede justo',	'sit amet eleifend pede libero',	1,	223.3290,	252.5160,	127.6500,	0),
(548,	548,	34,	'orci luctus et ultrices posuere cubilia curae donec pharetra magna',	'etiam faucibus cursus urna ut',	10,	146.4370,	153.2290,	445.5710,	0),
(549,	549,	28,	'dictumst aliquam augue quam sollicitudin vitae consectetuer eget rutrum at',	'augue vel accumsan tellus nisi',	8,	450.9740,	238.7000,	200.6060,	0),
(550,	550,	46,	'aliquet ultrices erat tortor sollicitudin mi sit amet lobortis sapien sapien',	'lacinia sapien quis libero nullam',	11,	169.4470,	372.0230,	284.9260,	0),
(551,	551,	47,	'in est risus auctor sed tristique in tempus sit amet sem',	'erat vestibulum sed magna at',	13,	252.4260,	300.9830,	185.2680,	0),
(552,	552,	40,	'amet nunc viverra dapibus nulla suscipit ligula in lacus curabitur at ipsum ac',	'justo maecenas rhoncus aliquam lacus',	15,	204.5660,	347.1110,	183.4460,	0),
(553,	553,	33,	'rutrum nulla tellus in sagittis dui vel nisl duis ac nibh fusce lacus purus',	'vestibulum vestibulum ante ipsum primis',	5,	170.6340,	113.1780,	308.8620,	0),
(554,	554,	35,	'pede libero quis orci nullam molestie nibh in lectus pellentesque at nulla suspendisse potenti cras',	'et ultrices posuere cubilia curae',	15,	205.7360,	334.4580,	492.1860,	0),
(555,	555,	39,	'quis justo maecenas rhoncus aliquam lacus morbi quis tortor id nulla',	'quam a odio in hac',	16,	455.4620,	407.8760,	455.2010,	0),
(556,	556,	39,	'elit sodales scelerisque mauris sit amet eros suspendisse accumsan tortor quis turpis sed ante vivamus',	'odio porttitor id consequat in',	11,	288.7520,	288.3820,	278.8010,	0),
(557,	557,	37,	'ante vel ipsum praesent blandit lacinia erat vestibulum sed magna at nunc',	'nibh in lectus pellentesque at',	2,	359.9970,	378.0700,	307.0590,	0),
(558,	558,	29,	'donec quis orci eget orci vehicula condimentum curabitur in libero ut massa volutpat convallis morbi',	'sed accumsan felis ut at',	17,	368.7450,	192.2490,	432.6460,	0),
(559,	559,	31,	'nisi vulputate nonummy maecenas tincidunt lacus at velit vivamus vel nulla eget eros elementum',	'duis faucibus accumsan odio curabitur',	19,	114.9490,	138.2290,	139.4940,	0),
(560,	560,	28,	'cum sociis natoque penatibus et magnis dis parturient montes nascetur ridiculus mus etiam',	'posuere cubilia curae donec pharetra',	7,	181.3630,	227.8410,	284.7550,	0),
(561,	561,	31,	'nullam orci pede venenatis non sodales sed tincidunt eu felis',	'platea dictumst maecenas ut massa',	6,	225.0980,	270.5230,	286.2620,	0),
(562,	562,	34,	'diam neque vestibulum eget vulputate ut ultrices vel augue vestibulum ante',	'vivamus metus arcu adipiscing molestie',	10,	373.7900,	481.2130,	409.3050,	0),
(563,	563,	33,	'tortor sollicitudin mi sit amet lobortis sapien sapien non mi integer',	'tortor sollicitudin mi sit amet',	20,	386.0010,	480.2070,	389.6600,	0),
(564,	564,	37,	'in hac habitasse platea dictumst etiam faucibus cursus urna ut tellus nulla',	'euismod scelerisque quam turpis adipiscing',	6,	451.6680,	179.9710,	152.4820,	0),
(565,	565,	29,	'purus aliquet at feugiat non pretium quis lectus suspendisse potenti in eleifend',	'integer tincidunt ante vel ipsum',	2,	344.7870,	306.1090,	338.6460,	0),
(566,	566,	46,	'ut nunc vestibulum ante ipsum primis in faucibus orci luctus et ultrices posuere cubilia',	'lectus suspendisse potenti in eleifend',	5,	293.2600,	198.7970,	317.7600,	0),
(567,	567,	48,	'sapien arcu sed augue aliquam erat volutpat in congue etiam',	'ullamcorper purus sit amet nulla',	8,	332.2200,	106.2630,	306.3510,	0),
(568,	568,	35,	'sapien cum sociis natoque penatibus et magnis dis parturient montes nascetur ridiculus mus etiam vel',	'venenatis non sodales sed tincidunt',	13,	362.7350,	227.1390,	430.1980,	0),
(569,	569,	32,	'cras in purus eu magna vulputate luctus cum sociis natoque',	'sem sed sagittis nam congue',	9,	270.1420,	466.7220,	244.5340,	0),
(570,	570,	36,	'lectus aliquam sit amet diam in magna bibendum imperdiet nullam orci pede venenatis non sodales',	'at velit vivamus vel nulla',	12,	339.1040,	299.2500,	388.9740,	0),
(571,	571,	45,	'pellentesque at nulla suspendisse potenti cras in purus eu magna',	'ut blandit non interdum in',	7,	487.2940,	258.2560,	136.8720,	0),
(572,	572,	28,	'vel nisl duis ac nibh fusce lacus purus aliquet at feugiat non pretium quis lectus',	'sem mauris laoreet ut rhoncus',	7,	279.8320,	240.4890,	499.2220,	0),
(573,	573,	34,	'nulla nunc purus phasellus in felis donec semper sapien a libero nam dui',	'rutrum rutrum neque aenean auctor',	15,	352.2390,	210.8310,	331.4150,	0),
(574,	574,	47,	'massa quis augue luctus tincidunt nulla mollis molestie lorem quisque ut erat curabitur gravida nisi',	'vestibulum ac est lacinia nisi',	1,	316.4770,	286.2530,	258.3530,	0),
(575,	575,	42,	'enim blandit mi in porttitor pede justo eu massa donec dapibus duis at velit',	'tortor duis mattis egestas metus',	3,	444.8910,	453.1000,	343.6790,	0),
(576,	576,	39,	'quam sapien varius ut blandit non interdum in ante vestibulum ante ipsum primis in faucibus',	'risus dapibus augue vel accumsan',	14,	362.8110,	103.0230,	391.6460,	0),
(577,	577,	48,	'maecenas leo odio condimentum id luctus nec molestie sed justo pellentesque viverra pede ac diam',	'platea dictumst etiam faucibus cursus',	17,	200.7670,	251.3580,	475.3670,	0),
(578,	578,	32,	'ipsum dolor sit amet consectetuer adipiscing elit proin risus praesent',	'donec ut mauris eget massa',	3,	251.3980,	374.3460,	287.5000,	0),
(579,	579,	42,	'posuere cubilia curae mauris viverra diam vitae quam suspendisse potenti nullam porttitor lacus',	'pede justo eu massa donec',	12,	175.9240,	253.3480,	443.2460,	0),
(580,	580,	38,	'nulla tellus in sagittis dui vel nisl duis ac nibh fusce lacus purus aliquet at',	'ante nulla justo aliquam quis',	3,	222.3830,	296.5810,	336.5000,	0),
(581,	581,	32,	'mi integer ac neque duis bibendum morbi non quam nec',	'elementum ligula vehicula consequat morbi',	6,	233.8730,	466.5930,	150.6380,	0),
(582,	582,	40,	'sit amet nunc viverra dapibus nulla suscipit ligula in lacus curabitur',	'nam congue risus semper porta',	18,	372.0260,	479.7190,	196.7950,	0),
(583,	583,	32,	'non mauris morbi non lectus aliquam sit amet diam in magna',	'est risus auctor sed tristique',	18,	449.8110,	423.7400,	321.5130,	0),
(584,	584,	41,	'integer ac leo pellentesque ultrices mattis odio donec vitae nisi nam ultrices libero non mattis',	'interdum mauris non ligula pellentesque',	7,	105.5290,	453.4850,	348.8270,	0),
(585,	585,	28,	'eget elit sodales scelerisque mauris sit amet eros suspendisse accumsan',	'eleifend pede libero quis orci',	8,	117.5840,	116.9300,	429.6720,	0),
(586,	586,	49,	'eget eros elementum pellentesque quisque porta volutpat erat quisque erat eros viverra',	'non quam nec dui luctus',	4,	475.8320,	239.5870,	374.6060,	0),
(587,	587,	49,	'blandit lacinia erat vestibulum sed magna at nunc commodo placerat praesent blandit nam nulla',	'nullam molestie nibh in lectus',	19,	178.4670,	432.9620,	255.1580,	0),
(588,	588,	34,	'maecenas leo odio condimentum id luctus nec molestie sed justo pellentesque',	'non lectus aliquam sit amet',	20,	354.8220,	393.1110,	178.6020,	0),
(589,	589,	42,	'consectetuer adipiscing elit proin risus praesent lectus vestibulum quam sapien varius ut',	'nullam orci pede venenatis non',	1,	145.6870,	389.9170,	306.2280,	0),
(590,	590,	48,	'dolor vel est donec odio justo sollicitudin ut suscipit a feugiat et eros',	'amet lobortis sapien sapien non',	14,	480.6440,	443.6420,	191.0120,	0),
(591,	591,	34,	'ipsum dolor sit amet consectetuer adipiscing elit proin interdum mauris non',	'ut suscipit a feugiat et',	20,	140.7590,	195.3620,	433.9170,	0),
(592,	592,	46,	'felis donec semper sapien a libero nam dui proin leo',	'vel est donec odio justo',	18,	248.7910,	433.2310,	316.1410,	0),
(593,	593,	48,	'justo lacinia eget tincidunt eget tempus vel pede morbi porttitor lorem id ligula suspendisse',	'at velit eu est congue',	5,	424.9640,	303.2400,	484.7300,	0),
(594,	594,	45,	'diam neque vestibulum eget vulputate ut ultrices vel augue vestibulum ante ipsum primis',	'imperdiet sapien urna pretium nisl',	11,	145.9820,	144.4730,	106.9680,	0),
(595,	595,	35,	'ultrices libero non mattis pulvinar nulla pede ullamcorper augue a suscipit nulla',	'dui nec nisi volutpat eleifend',	19,	416.0500,	212.5550,	261.0220,	0),
(596,	596,	40,	'consequat lectus in est risus auctor sed tristique in tempus sit amet sem fusce',	'semper rutrum nulla nunc purus',	13,	340.3920,	129.4450,	411.0310,	0),
(597,	597,	40,	'eu magna vulputate luctus cum sociis natoque penatibus et magnis dis parturient montes nascetur ridiculus',	'augue a suscipit nulla elit',	10,	147.8900,	291.3140,	447.7490,	0),
(598,	598,	32,	'venenatis non sodales sed tincidunt eu felis fusce posuere felis sed',	'pellentesque volutpat dui maecenas tristique',	19,	456.7030,	216.6300,	392.3220,	0),
(599,	599,	34,	'integer a nibh in quis justo maecenas rhoncus aliquam lacus morbi quis',	'tristique fusce congue diam id',	19,	330.4330,	144.6840,	268.6540,	0),
(600,	600,	44,	'suspendisse potenti cras in purus eu magna vulputate luctus cum sociis natoque penatibus et magnis',	'morbi vel lectus in quam',	18,	499.7440,	127.4790,	137.4360,	0),
(601,	601,	38,	'odio curabitur convallis duis consequat dui nec nisi volutpat eleifend donec ut',	'faucibus orci luctus et ultrices',	18,	256.4450,	361.3680,	261.0490,	0),
(602,	602,	30,	'turpis adipiscing lorem vitae mattis nibh ligula nec sem duis aliquam convallis nunc proin at',	'ut blandit non interdum in',	19,	443.6860,	495.1610,	187.5870,	0),
(603,	603,	39,	'pellentesque at nulla suspendisse potenti cras in purus eu magna vulputate luctus cum',	'elementum in hac habitasse platea',	4,	420.0710,	340.8850,	197.8640,	0),
(604,	604,	40,	'in tempus sit amet sem fusce consequat nulla nisl nunc nisl duis bibendum felis sed',	'tincidunt eget tempus vel pede',	15,	218.3020,	351.1640,	468.5420,	0),
(605,	605,	37,	'hac habitasse platea dictumst etiam faucibus cursus urna ut tellus nulla',	'ligula suspendisse ornare consequat lectus',	4,	479.6550,	291.7710,	498.6350,	0),
(606,	606,	32,	'viverra pede ac diam cras pellentesque volutpat dui maecenas tristique est et tempus semper',	'pellentesque eget nunc donec quis',	18,	167.5330,	192.0450,	207.0860,	0),
(607,	607,	49,	'nullam orci pede venenatis non sodales sed tincidunt eu felis fusce posuere felis sed',	'nulla neque libero convallis eget',	18,	226.5950,	384.8160,	158.6550,	0),
(608,	608,	43,	'nonummy maecenas tincidunt lacus at velit vivamus vel nulla eget',	'convallis tortor risus dapibus augue',	2,	247.0110,	319.4380,	483.5020,	0),
(609,	609,	28,	'purus aliquet at feugiat non pretium quis lectus suspendisse potenti in eleifend',	'volutpat eleifend donec ut dolor',	19,	455.4750,	369.1370,	273.3170,	0),
(610,	610,	28,	'pulvinar nulla pede ullamcorper augue a suscipit nulla elit ac',	'elit proin risus praesent lectus',	2,	261.9560,	104.6370,	212.6190,	0),
(611,	611,	45,	'hac habitasse platea dictumst maecenas ut massa quis augue luctus',	'eget eros elementum pellentesque quisque',	20,	417.4440,	455.7590,	141.5290,	0),
(612,	612,	33,	'et magnis dis parturient montes nascetur ridiculus mus vivamus vestibulum sagittis sapien cum sociis natoque',	'curae mauris viverra diam vitae',	18,	333.5290,	248.0300,	101.6380,	0),
(613,	613,	37,	'vestibulum aliquet ultrices erat tortor sollicitudin mi sit amet lobortis sapien sapien',	'vulputate elementum nullam varius nulla',	9,	434.5570,	150.2280,	421.2940,	0),
(614,	614,	50,	'in purus eu magna vulputate luctus cum sociis natoque penatibus et magnis dis',	'rutrum nulla tellus in sagittis',	6,	416.3850,	156.3330,	154.9060,	0),
(615,	615,	34,	'amet eleifend pede libero quis orci nullam molestie nibh in',	'cubilia curae nulla dapibus dolor',	18,	259.3100,	248.6460,	164.2630,	0),
(616,	616,	41,	'ipsum aliquam non mauris morbi non lectus aliquam sit amet diam in magna bibendum',	'nulla eget eros elementum pellentesque',	13,	492.0370,	328.7320,	397.4560,	0),
(617,	617,	45,	'sodales scelerisque mauris sit amet eros suspendisse accumsan tortor quis turpis sed ante vivamus tortor',	'pede libero quis orci nullam',	15,	396.7110,	369.2330,	493.5410,	0),
(618,	618,	30,	'suscipit nulla elit ac nulla sed vel enim sit amet',	'curae nulla dapibus dolor vel',	8,	260.4590,	268.8390,	401.3960,	0),
(619,	619,	48,	'consequat lectus in est risus auctor sed tristique in tempus',	'convallis tortor risus dapibus augue',	3,	354.7860,	131.6620,	275.9780,	0),
(620,	620,	38,	'sit amet eleifend pede libero quis orci nullam molestie nibh in',	'arcu sed augue aliquam erat',	15,	109.6990,	114.1230,	418.8000,	0),
(621,	621,	37,	'dolor morbi vel lectus in quam fringilla rhoncus mauris enim leo',	'est donec odio justo sollicitudin',	19,	410.3350,	130.1380,	313.1230,	0),
(622,	622,	35,	'at lorem integer tincidunt ante vel ipsum praesent blandit lacinia erat vestibulum sed',	'nulla integer pede justo lacinia',	19,	459.4330,	289.5640,	165.3060,	0),
(623,	623,	37,	'sed sagittis nam congue risus semper porta volutpat quam pede lobortis ligula sit amet',	'gravida nisi at nibh in',	2,	256.6650,	136.8490,	386.4360,	0),
(624,	624,	46,	'augue vestibulum ante ipsum primis in faucibus orci luctus et ultrices posuere',	'amet sapien dignissim vestibulum vestibulum',	4,	174.9640,	266.9310,	135.2880,	0),
(625,	625,	39,	'donec posuere metus vitae ipsum aliquam non mauris morbi non lectus aliquam sit amet',	'iaculis justo in hac habitasse',	15,	422.2020,	292.0950,	209.2720,	0),
(626,	626,	43,	'placerat praesent blandit nam nulla integer pede justo lacinia eget tincidunt eget',	'dictumst morbi vestibulum velit id',	5,	296.3800,	417.0560,	219.5860,	0),
(627,	627,	43,	'orci nullam molestie nibh in lectus pellentesque at nulla suspendisse potenti',	'praesent blandit nam nulla integer',	17,	324.0240,	381.5920,	305.7790,	0),
(628,	628,	39,	'at nunc commodo placerat praesent blandit nam nulla integer pede justo',	'sagittis nam congue risus semper',	8,	270.0900,	474.8770,	254.2830,	0),
(629,	629,	46,	'aliquet pulvinar sed nisl nunc rhoncus dui vel sem sed sagittis nam',	'ipsum primis in faucibus orci',	7,	394.4880,	226.3440,	454.4770,	0),
(630,	630,	44,	'integer ac leo pellentesque ultrices mattis odio donec vitae nisi nam ultrices libero non mattis',	'consequat dui nec nisi volutpat',	13,	435.7220,	197.7040,	183.1500,	0),
(631,	631,	48,	'faucibus orci luctus et ultrices posuere cubilia curae mauris viverra diam vitae quam suspendisse',	'sapien placerat ante nulla justo',	7,	386.4500,	367.9850,	133.2960,	0),
(632,	632,	32,	'ultrices posuere cubilia curae donec pharetra magna vestibulum aliquet ultrices erat tortor sollicitudin mi',	'sapien arcu sed augue aliquam',	11,	428.6120,	238.2640,	441.3240,	0),
(633,	633,	34,	'vulputate luctus cum sociis natoque penatibus et magnis dis parturient',	'pretium quis lectus suspendisse potenti',	3,	198.2600,	360.9620,	120.5300,	0),
(634,	634,	31,	'et commodo vulputate justo in blandit ultrices enim lorem ipsum dolor sit amet consectetuer adipiscing',	'orci luctus et ultrices posuere',	20,	301.5690,	368.4980,	280.0330,	0),
(635,	635,	42,	'quam pharetra magna ac consequat metus sapien ut nunc vestibulum ante ipsum primis',	'vestibulum velit id pretium iaculis',	8,	120.1180,	487.8430,	282.5320,	0),
(636,	636,	28,	'sed nisl nunc rhoncus dui vel sem sed sagittis nam',	'quam suspendisse potenti nullam porttitor',	16,	452.5560,	283.8200,	335.7440,	0),
(637,	637,	36,	'faucibus accumsan odio curabitur convallis duis consequat dui nec nisi volutpat eleifend',	'turpis nec euismod scelerisque quam',	9,	146.6910,	144.9140,	317.0140,	0),
(638,	638,	45,	'lorem ipsum dolor sit amet consectetuer adipiscing elit proin risus praesent lectus vestibulum quam sapien',	'volutpat erat quisque erat eros',	12,	382.2020,	198.7210,	286.2710,	0),
(639,	639,	47,	'leo pellentesque ultrices mattis odio donec vitae nisi nam ultrices',	'ultrices phasellus id sapien in',	18,	148.9970,	234.7380,	174.0940,	0),
(640,	640,	40,	'lacinia eget tincidunt eget tempus vel pede morbi porttitor lorem id',	'molestie nibh in lectus pellentesque',	11,	410.1910,	295.3470,	120.8010,	0),
(641,	641,	31,	'libero nullam sit amet turpis elementum ligula vehicula consequat morbi a',	'justo aliquam quis turpis eget',	12,	488.1540,	420.5440,	196.7270,	0),
(642,	642,	44,	'porttitor pede justo eu massa donec dapibus duis at velit eu',	'vivamus in felis eu sapien',	8,	194.7720,	454.7770,	419.1820,	0),
(643,	643,	41,	'vivamus vel nulla eget eros elementum pellentesque quisque porta volutpat erat',	'ligula suspendisse ornare consequat lectus',	20,	235.7930,	320.9870,	259.1210,	0),
(644,	644,	46,	'nascetur ridiculus mus etiam vel augue vestibulum rutrum rutrum neque',	'eleifend donec ut dolor morbi',	10,	154.2480,	431.9450,	302.1120,	0),
(645,	645,	40,	'leo odio porttitor id consequat in consequat ut nulla sed',	'volutpat convallis morbi odio odio',	15,	448.5100,	221.6520,	335.0110,	0),
(646,	646,	30,	'enim in tempor turpis nec euismod scelerisque quam turpis adipiscing',	'quisque erat eros viverra eget',	9,	297.4230,	473.4830,	445.1770,	0),
(647,	647,	34,	'nunc viverra dapibus nulla suscipit ligula in lacus curabitur at ipsum ac tellus semper interdum',	'eget elit sodales scelerisque mauris',	3,	267.3840,	392.6800,	161.1940,	0),
(648,	648,	50,	'sem mauris laoreet ut rhoncus aliquet pulvinar sed nisl nunc rhoncus dui vel sem',	'in faucibus orci luctus et',	14,	364.3020,	244.7770,	490.1580,	0),
(649,	649,	45,	'leo odio porttitor id consequat in consequat ut nulla sed accumsan',	'eget tempus vel pede morbi',	2,	256.5320,	392.0270,	317.9750,	0),
(650,	650,	40,	'amet eros suspendisse accumsan tortor quis turpis sed ante vivamus tortor duis mattis egestas metus',	'suspendisse potenti nullam porttitor lacus',	5,	231.2800,	475.2810,	247.0850,	0),
(651,	651,	37,	'leo odio condimentum id luctus nec molestie sed justo pellentesque viverra pede ac',	'sapien iaculis congue vivamus metus',	6,	488.3230,	462.5690,	459.4230,	0),
(652,	652,	30,	'sed lacus morbi sem mauris laoreet ut rhoncus aliquet pulvinar sed nisl nunc rhoncus',	'morbi porttitor lorem id ligula',	8,	304.1150,	375.8460,	190.8140,	0),
(653,	653,	39,	'posuere nonummy integer non velit donec diam neque vestibulum eget vulputate ut',	'nec condimentum neque sapien placerat',	18,	322.5270,	266.9280,	228.2330,	0),
(654,	654,	29,	'sed tristique in tempus sit amet sem fusce consequat nulla nisl nunc nisl duis',	'maecenas pulvinar lobortis est phasellus',	12,	211.8990,	353.4510,	334.4720,	0),
(655,	655,	47,	'hac habitasse platea dictumst morbi vestibulum velit id pretium iaculis diam erat fermentum justo nec',	'consectetuer adipiscing elit proin risus',	19,	373.2980,	486.0260,	107.9570,	0),
(656,	656,	36,	'vel est donec odio justo sollicitudin ut suscipit a feugiat',	'dignissim vestibulum vestibulum ante ipsum',	5,	433.8960,	478.1840,	299.1450,	0),
(657,	657,	38,	'cubilia curae donec pharetra magna vestibulum aliquet ultrices erat tortor sollicitudin mi sit',	'massa id lobortis convallis tortor',	12,	389.1860,	354.5490,	303.9390,	0),
(658,	658,	42,	'eget tempus vel pede morbi porttitor lorem id ligula suspendisse ornare consequat lectus in est',	'purus phasellus in felis donec',	4,	363.3280,	314.5560,	294.1550,	0),
(659,	659,	39,	'luctus tincidunt nulla mollis molestie lorem quisque ut erat curabitur gravida nisi at nibh in',	'et magnis dis parturient montes',	7,	387.9340,	315.3390,	354.9450,	0),
(660,	660,	36,	'semper interdum mauris ullamcorper purus sit amet nulla quisque arcu libero rutrum',	'dictumst maecenas ut massa quis',	4,	200.1090,	307.9210,	495.7280,	0),
(661,	661,	40,	'consequat nulla nisl nunc nisl duis bibendum felis sed interdum venenatis turpis',	'lobortis vel dapibus at diam',	20,	281.9040,	255.4290,	359.3340,	0),
(662,	662,	49,	'lacus at velit vivamus vel nulla eget eros elementum pellentesque quisque porta volutpat erat quisque',	'ipsum primis in faucibus orci',	15,	472.6100,	234.7170,	272.2340,	0),
(663,	663,	49,	'sapien placerat ante nulla justo aliquam quis turpis eget elit sodales',	'eget orci vehicula condimentum curabitur',	11,	479.2940,	338.3390,	490.5580,	0),
(664,	664,	42,	'primis in faucibus orci luctus et ultrices posuere cubilia curae duis faucibus accumsan',	'nisl ut volutpat sapien arcu',	16,	162.7780,	121.8360,	318.6760,	0),
(665,	665,	46,	'lacinia nisi venenatis tristique fusce congue diam id ornare imperdiet sapien urna pretium',	'tellus semper interdum mauris ullamcorper',	3,	352.9490,	342.4720,	404.5200,	0),
(666,	666,	34,	'duis ac nibh fusce lacus purus aliquet at feugiat non pretium quis',	'enim in tempor turpis nec',	19,	448.9890,	417.3200,	493.9620,	0),
(667,	667,	40,	'aliquam erat volutpat in congue etiam justo etiam pretium iaculis justo in hac',	'sed magna at nunc commodo',	11,	447.2940,	146.0100,	374.1960,	0),
(668,	668,	31,	'pede malesuada in imperdiet et commodo vulputate justo in blandit ultrices enim lorem ipsum',	'donec dapibus duis at velit',	15,	295.7110,	360.5330,	306.4890,	0),
(669,	669,	31,	'nunc proin at turpis a pede posuere nonummy integer non velit donec diam neque vestibulum',	'vitae consectetuer eget rutrum at',	1,	227.2890,	268.6540,	494.8830,	0),
(670,	670,	46,	'amet cursus id turpis integer aliquet massa id lobortis convallis tortor',	'rutrum at lorem integer tincidunt',	6,	152.3250,	305.8730,	202.1410,	0),
(671,	671,	45,	'aenean lectus pellentesque eget nunc donec quis orci eget orci vehicula condimentum curabitur',	'tortor id nulla ultrices aliquet',	16,	264.2220,	281.2730,	335.6140,	0),
(672,	672,	39,	'quam pharetra magna ac consequat metus sapien ut nunc vestibulum',	'tortor sollicitudin mi sit amet',	20,	406.0900,	462.0290,	113.7120,	0),
(673,	673,	28,	'aliquam erat volutpat in congue etiam justo etiam pretium iaculis justo',	'lectus suspendisse potenti in eleifend',	2,	295.4320,	238.7570,	485.1910,	0),
(674,	674,	42,	'donec odio justo sollicitudin ut suscipit a feugiat et eros vestibulum ac est lacinia nisi',	'lacus at velit vivamus vel',	13,	489.5020,	300.1670,	495.6350,	0),
(675,	675,	44,	'duis ac nibh fusce lacus purus aliquet at feugiat non pretium quis lectus',	'proin eu mi nulla ac',	9,	493.2330,	431.7170,	399.7240,	0),
(676,	676,	35,	'pede morbi porttitor lorem id ligula suspendisse ornare consequat lectus in est risus',	'sapien cum sociis natoque penatibus',	3,	228.6210,	108.8650,	466.1210,	0),
(677,	677,	28,	'sed lacus morbi sem mauris laoreet ut rhoncus aliquet pulvinar sed nisl nunc rhoncus',	'et magnis dis parturient montes',	18,	220.9540,	348.8140,	112.3310,	0),
(678,	678,	36,	'quis turpis eget elit sodales scelerisque mauris sit amet eros',	'varius ut blandit non interdum',	7,	431.2230,	387.0080,	360.9340,	0),
(679,	679,	42,	'primis in faucibus orci luctus et ultrices posuere cubilia curae donec pharetra magna vestibulum aliquet',	'ante nulla justo aliquam quis',	9,	193.9280,	236.9290,	404.0670,	0),
(680,	680,	31,	'duis aliquam convallis nunc proin at turpis a pede posuere nonummy integer non velit',	'sollicitudin mi sit amet lobortis',	14,	184.9360,	363.8190,	113.6390,	0),
(681,	681,	28,	'in hac habitasse platea dictumst morbi vestibulum velit id pretium iaculis diam erat',	'mauris morbi non lectus aliquam',	15,	483.9820,	365.0300,	402.5800,	0),
(682,	682,	46,	'vestibulum ante ipsum primis in faucibus orci luctus et ultrices posuere cubilia curae',	'quisque ut erat curabitur gravida',	1,	157.7890,	320.8050,	386.5470,	0),
(683,	683,	38,	'est congue elementum in hac habitasse platea dictumst morbi vestibulum',	'et ultrices posuere cubilia curae',	5,	386.8410,	405.6250,	419.2770,	0),
(684,	684,	32,	'vel ipsum praesent blandit lacinia erat vestibulum sed magna at nunc commodo placerat praesent',	'nulla nisl nunc nisl duis',	20,	481.2240,	289.8380,	446.9760,	0),
(685,	685,	42,	'ipsum primis in faucibus orci luctus et ultrices posuere cubilia',	'ut dolor morbi vel lectus',	8,	352.9480,	152.1070,	476.6680,	0),
(686,	686,	34,	'eget massa tempor convallis nulla neque libero convallis eget eleifend',	'et ultrices posuere cubilia curae',	8,	227.6900,	436.7130,	403.9670,	0),
(687,	687,	30,	'convallis duis consequat dui nec nisi volutpat eleifend donec ut dolor morbi',	'orci pede venenatis non sodales',	7,	194.3670,	349.0780,	323.3170,	0),
(688,	688,	38,	'tortor id nulla ultrices aliquet maecenas leo odio condimentum id luctus nec molestie sed',	'sapien iaculis congue vivamus metus',	15,	344.7430,	339.4310,	344.7600,	0),
(689,	689,	38,	'ac consequat metus sapien ut nunc vestibulum ante ipsum primis in faucibus',	'et ultrices posuere cubilia curae',	20,	264.8640,	231.1030,	165.9640,	0),
(690,	690,	30,	'vestibulum aliquet ultrices erat tortor sollicitudin mi sit amet lobortis sapien sapien non',	'elit ac nulla sed vel',	17,	215.0720,	351.5210,	104.6760,	0),
(691,	691,	47,	'nisi nam ultrices libero non mattis pulvinar nulla pede ullamcorper augue a suscipit nulla',	'pretium iaculis diam erat fermentum',	14,	443.1660,	433.5210,	125.7310,	0),
(692,	692,	38,	'luctus et ultrices posuere cubilia curae nulla dapibus dolor vel',	'nulla sed accumsan felis ut',	1,	250.2740,	156.6360,	276.1840,	0),
(693,	693,	43,	'curae mauris viverra diam vitae quam suspendisse potenti nullam porttitor lacus at turpis',	'posuere cubilia curae donec pharetra',	1,	102.1280,	339.0060,	351.0410,	0),
(694,	694,	33,	'vestibulum ante ipsum primis in faucibus orci luctus et ultrices posuere',	'mauris laoreet ut rhoncus aliquet',	13,	325.8370,	178.3910,	385.6070,	0),
(695,	695,	46,	'aliquam augue quam sollicitudin vitae consectetuer eget rutrum at lorem integer tincidunt ante vel ipsum',	'duis aliquam convallis nunc proin',	17,	133.2960,	146.0410,	168.1020,	0),
(696,	696,	49,	'in congue etiam justo etiam pretium iaculis justo in hac habitasse platea dictumst etiam faucibus',	'arcu libero rutrum ac lobortis',	5,	204.1740,	146.7640,	395.6440,	0),
(697,	697,	28,	'ipsum praesent blandit lacinia erat vestibulum sed magna at nunc commodo placerat praesent blandit',	'et ultrices posuere cubilia curae',	3,	239.0820,	474.6940,	244.9930,	0),
(698,	698,	33,	'vivamus vestibulum sagittis sapien cum sociis natoque penatibus et magnis dis parturient montes',	'odio in hac habitasse platea',	18,	396.1140,	291.9790,	130.2820,	0),
(699,	699,	30,	'tincidunt eu felis fusce posuere felis sed lacus morbi sem mauris laoreet',	'vel pede morbi porttitor lorem',	5,	245.9940,	119.2420,	271.6210,	0),
(700,	700,	48,	'pretium iaculis diam erat fermentum justo nec condimentum neque sapien placerat ante nulla',	'sed interdum venenatis turpis enim',	4,	270.9630,	414.9850,	189.7660,	0),
(701,	701,	38,	'porta volutpat quam pede lobortis ligula sit amet eleifend pede libero quis orci',	'dictumst etiam faucibus cursus urna',	17,	292.4590,	287.6780,	404.2950,	0),
(702,	702,	38,	'justo maecenas rhoncus aliquam lacus morbi quis tortor id nulla',	'donec quis orci eget orci',	18,	150.5130,	275.3710,	390.4730,	0),
(703,	703,	31,	'molestie hendrerit at vulputate vitae nisl aenean lectus pellentesque eget nunc',	'sed lacus morbi sem mauris',	18,	369.1830,	390.7740,	365.5160,	0),
(704,	704,	30,	'tempor turpis nec euismod scelerisque quam turpis adipiscing lorem vitae mattis nibh',	'curae nulla dapibus dolor vel',	9,	265.2980,	163.5380,	334.5750,	0),
(705,	705,	50,	'risus praesent lectus vestibulum quam sapien varius ut blandit non interdum in ante',	'ac consequat metus sapien ut',	14,	350.9840,	188.2520,	144.7510,	0),
(706,	706,	31,	'sit amet turpis elementum ligula vehicula consequat morbi a ipsum integer',	'luctus et ultrices posuere cubilia',	15,	368.1380,	248.9210,	157.3270,	0),
(707,	707,	37,	'sed tristique in tempus sit amet sem fusce consequat nulla nisl nunc',	'eu orci mauris lacinia sapien',	19,	378.8460,	468.0600,	461.4960,	0),
(708,	708,	37,	'dui proin leo odio porttitor id consequat in consequat ut nulla sed accumsan',	'sem fusce consequat nulla nisl',	13,	495.3710,	367.6970,	145.8900,	0),
(709,	709,	30,	'sit amet nulla quisque arcu libero rutrum ac lobortis vel dapibus',	'at vulputate vitae nisl aenean',	14,	356.0020,	230.1980,	256.8960,	0),
(710,	710,	37,	'quis orci eget orci vehicula condimentum curabitur in libero ut massa volutpat convallis morbi odio',	'erat tortor sollicitudin mi sit',	8,	202.6520,	287.1250,	336.4950,	0),
(711,	711,	45,	'pede justo eu massa donec dapibus duis at velit eu',	'neque duis bibendum morbi non',	15,	348.2650,	497.2070,	442.1160,	0),
(712,	712,	45,	'nibh in hac habitasse platea dictumst aliquam augue quam sollicitudin',	'hac habitasse platea dictumst morbi',	6,	296.8810,	220.3190,	448.6440,	0),
(713,	713,	34,	'curabitur gravida nisi at nibh in hac habitasse platea dictumst aliquam augue',	'mauris vulputate elementum nullam varius',	15,	101.8360,	492.2560,	434.3130,	0),
(714,	714,	49,	'nisi venenatis tristique fusce congue diam id ornare imperdiet sapien urna',	'nulla pede ullamcorper augue a',	13,	189.6190,	144.2360,	278.9240,	0),
(715,	715,	49,	'vestibulum sagittis sapien cum sociis natoque penatibus et magnis dis parturient montes nascetur',	'lorem vitae mattis nibh ligula',	10,	419.0190,	233.0840,	428.3060,	0),
(716,	716,	50,	'praesent blandit lacinia erat vestibulum sed magna at nunc commodo placerat praesent blandit nam',	'sodales sed tincidunt eu felis',	12,	421.5890,	133.6600,	208.8060,	0),
(717,	717,	35,	'quis odio consequat varius integer ac leo pellentesque ultrices mattis odio donec vitae nisi',	'at diam nam tristique tortor',	6,	272.4090,	195.2160,	376.1360,	0),
(718,	718,	33,	'eget elit sodales scelerisque mauris sit amet eros suspendisse accumsan tortor quis turpis sed',	'feugiat et eros vestibulum ac',	13,	385.0480,	377.7350,	350.5800,	0),
(719,	719,	28,	'velit vivamus vel nulla eget eros elementum pellentesque quisque porta volutpat erat quisque erat',	'molestie lorem quisque ut erat',	17,	337.4610,	267.4610,	172.5310,	0),
(720,	720,	32,	'turpis adipiscing lorem vitae mattis nibh ligula nec sem duis aliquam convallis nunc proin',	'sapien urna pretium nisl ut',	4,	206.8110,	472.4700,	471.5650,	0),
(721,	721,	35,	'ut dolor morbi vel lectus in quam fringilla rhoncus mauris enim',	'hendrerit at vulputate vitae nisl',	13,	492.8410,	139.3310,	355.9200,	0),
(722,	722,	43,	'morbi porttitor lorem id ligula suspendisse ornare consequat lectus in',	'felis donec semper sapien a',	20,	293.3840,	496.5630,	205.5690,	0),
(723,	723,	41,	'suspendisse accumsan tortor quis turpis sed ante vivamus tortor duis mattis egestas metus aenean',	'lacus at turpis donec posuere',	14,	209.2880,	414.3100,	223.2030,	0),
(724,	724,	30,	'nulla tempus vivamus in felis eu sapien cursus vestibulum proin eu mi nulla',	'libero quis orci nullam molestie',	15,	221.4330,	160.6310,	389.3030,	0),
(725,	725,	49,	'morbi odio odio elementum eu interdum eu tincidunt in leo maecenas pulvinar lobortis',	'pellentesque viverra pede ac diam',	2,	386.8370,	372.3740,	409.2490,	0),
(726,	726,	44,	'elementum pellentesque quisque porta volutpat erat quisque erat eros viverra eget congue eget',	'morbi odio odio elementum eu',	10,	224.3870,	442.0660,	431.4000,	0),
(727,	727,	29,	'at feugiat non pretium quis lectus suspendisse potenti in eleifend quam a odio in hac',	'orci pede venenatis non sodales',	5,	346.1800,	482.6320,	219.2400,	0),
(728,	728,	40,	'vitae ipsum aliquam non mauris morbi non lectus aliquam sit amet diam in magna bibendum',	'diam vitae quam suspendisse potenti',	20,	191.9330,	460.3150,	238.5340,	0),
(729,	729,	40,	'quam pede lobortis ligula sit amet eleifend pede libero quis',	'pede venenatis non sodales sed',	20,	466.1900,	358.3010,	386.8120,	0),
(730,	730,	42,	'pretium quis lectus suspendisse potenti in eleifend quam a odio in hac habitasse platea dictumst',	'orci luctus et ultrices posuere',	11,	107.9500,	396.5270,	311.3290,	0),
(731,	731,	50,	'ut massa quis augue luctus tincidunt nulla mollis molestie lorem quisque ut erat curabitur',	'dignissim vestibulum vestibulum ante ipsum',	15,	210.2970,	163.1540,	263.8360,	0),
(732,	732,	41,	'ullamcorper augue a suscipit nulla elit ac nulla sed vel enim sit amet',	'eu mi nulla ac enim',	16,	304.1680,	304.5460,	122.9010,	0),
(733,	733,	28,	'elit sodales scelerisque mauris sit amet eros suspendisse accumsan tortor quis turpis',	'ac nibh fusce lacus purus',	13,	227.3270,	198.5520,	280.2090,	0),
(734,	734,	50,	'tortor sollicitudin mi sit amet lobortis sapien sapien non mi integer ac neque',	'vestibulum sit amet cursus id',	10,	203.8720,	188.3360,	181.1750,	0),
(735,	735,	50,	'sapien iaculis congue vivamus metus arcu adipiscing molestie hendrerit at vulputate vitae nisl',	'in quam fringilla rhoncus mauris',	14,	460.8420,	107.8810,	282.1820,	0),
(736,	736,	33,	'neque vestibulum eget vulputate ut ultrices vel augue vestibulum ante ipsum primis in faucibus orci',	'potenti nullam porttitor lacus at',	19,	269.1900,	240.3360,	271.3740,	0),
(737,	737,	30,	'mi pede malesuada in imperdiet et commodo vulputate justo in',	'non mauris morbi non lectus',	13,	302.5900,	282.4080,	288.7510,	0),
(738,	738,	39,	'sociis natoque penatibus et magnis dis parturient montes nascetur ridiculus mus etiam vel augue',	'eget vulputate ut ultrices vel',	14,	104.6630,	328.7610,	114.8110,	0),
(739,	739,	29,	'pede libero quis orci nullam molestie nibh in lectus pellentesque at',	'dignissim vestibulum vestibulum ante ipsum',	14,	134.1710,	427.4450,	108.4550,	0),
(740,	740,	28,	'felis eu sapien cursus vestibulum proin eu mi nulla ac enim in tempor',	'erat eros viverra eget congue',	14,	185.1420,	432.0700,	370.6280,	0),
(741,	741,	28,	'augue vel accumsan tellus nisi eu orci mauris lacinia sapien quis libero nullam sit',	'tortor id nulla ultrices aliquet',	14,	236.2660,	412.5160,	425.2310,	0),
(742,	742,	31,	'nulla suspendisse potenti cras in purus eu magna vulputate luctus cum sociis natoque penatibus',	'venenatis lacinia aenean sit amet',	1,	253.2920,	210.5360,	236.4310,	0),
(743,	743,	47,	'ante nulla justo aliquam quis turpis eget elit sodales scelerisque mauris sit',	'id pretium iaculis diam erat',	2,	202.7620,	101.3680,	366.2480,	0),
(744,	744,	50,	'justo sollicitudin ut suscipit a feugiat et eros vestibulum ac est lacinia',	'lacus at velit vivamus vel',	8,	250.3320,	302.0550,	478.8750,	0),
(745,	745,	28,	'volutpat eleifend donec ut dolor morbi vel lectus in quam fringilla rhoncus mauris',	'vel ipsum praesent blandit lacinia',	7,	330.5980,	146.9400,	109.0010,	0),
(746,	746,	42,	'luctus et ultrices posuere cubilia curae nulla dapibus dolor vel',	'fusce posuere felis sed lacus',	2,	162.7020,	469.4880,	467.3480,	0),
(747,	747,	44,	'cubilia curae duis faucibus accumsan odio curabitur convallis duis consequat dui nec nisi volutpat eleifend',	'sapien a libero nam dui',	7,	274.7430,	124.9970,	132.0100,	0),
(748,	748,	31,	'sagittis dui vel nisl duis ac nibh fusce lacus purus aliquet at',	'enim leo rhoncus sed vestibulum',	4,	335.5670,	108.6160,	356.8830,	0),
(749,	749,	50,	'donec quis orci eget orci vehicula condimentum curabitur in libero',	'rhoncus dui vel sem sed',	19,	114.3870,	479.2930,	220.8740,	0),
(750,	750,	43,	'lobortis ligula sit amet eleifend pede libero quis orci nullam molestie nibh in lectus pellentesque',	'lobortis convallis tortor risus dapibus',	17,	259.6440,	245.9670,	111.0540,	0),
(751,	751,	34,	'vulputate justo in blandit ultrices enim lorem ipsum dolor sit amet consectetuer adipiscing elit',	'sed augue aliquam erat volutpat',	6,	237.0240,	467.3720,	366.3000,	0),
(752,	752,	41,	'lectus pellentesque at nulla suspendisse potenti cras in purus eu magna vulputate luctus cum sociis',	'sem duis aliquam convallis nunc',	6,	438.3390,	145.0830,	391.0370,	0),
(753,	753,	30,	'aliquam erat volutpat in congue etiam justo etiam pretium iaculis justo in',	'nisi at nibh in hac',	1,	455.6340,	399.9460,	163.8090,	0),
(754,	754,	33,	'cubilia curae nulla dapibus dolor vel est donec odio justo sollicitudin ut suscipit a feugiat',	'posuere cubilia curae mauris viverra',	19,	220.7660,	322.7330,	261.2180,	0),
(755,	755,	31,	'non velit donec diam neque vestibulum eget vulputate ut ultrices vel',	'mi pede malesuada in imperdiet',	4,	150.8870,	465.7200,	402.8560,	0),
(756,	756,	34,	'magna vestibulum aliquet ultrices erat tortor sollicitudin mi sit amet lobortis',	'orci luctus et ultrices posuere',	2,	241.5840,	273.5700,	357.2050,	0),
(757,	757,	48,	'in quis justo maecenas rhoncus aliquam lacus morbi quis tortor id nulla ultrices aliquet maecenas',	'maecenas tristique est et tempus',	17,	171.3430,	345.3780,	131.6670,	0),
(758,	758,	40,	'aliquam augue quam sollicitudin vitae consectetuer eget rutrum at lorem integer tincidunt ante',	'porttitor lorem id ligula suspendisse',	3,	338.9450,	375.1290,	326.2620,	0),
(759,	759,	46,	'nisl duis ac nibh fusce lacus purus aliquet at feugiat non pretium quis lectus suspendisse',	'velit nec nisi vulputate nonummy',	1,	140.2200,	338.7000,	479.3180,	0),
(760,	760,	35,	'risus semper porta volutpat quam pede lobortis ligula sit amet eleifend pede',	'at nibh in hac habitasse',	20,	415.0680,	471.0660,	253.9120,	0),
(761,	761,	50,	'quam sollicitudin vitae consectetuer eget rutrum at lorem integer tincidunt ante vel ipsum',	'id nulla ultrices aliquet maecenas',	6,	327.7100,	110.3390,	121.0230,	0),
(762,	762,	36,	'magnis dis parturient montes nascetur ridiculus mus etiam vel augue vestibulum rutrum',	'risus dapibus augue vel accumsan',	4,	302.4470,	437.4740,	446.3930,	0),
(763,	763,	40,	'ante nulla justo aliquam quis turpis eget elit sodales scelerisque',	'nullam sit amet turpis elementum',	3,	192.4380,	425.4860,	424.2870,	0),
(764,	764,	39,	'quis odio consequat varius integer ac leo pellentesque ultrices mattis odio donec vitae nisi nam',	'luctus et ultrices posuere cubilia',	18,	245.2540,	101.4740,	186.7100,	0),
(765,	765,	39,	'vel lectus in quam fringilla rhoncus mauris enim leo rhoncus',	'quisque ut erat curabitur gravida',	4,	315.7140,	436.7310,	425.5890,	0),
(766,	766,	29,	'mi sit amet lobortis sapien sapien non mi integer ac neque duis bibendum morbi',	'id consequat in consequat ut',	15,	364.8550,	139.9760,	245.9490,	0),
(767,	767,	40,	'vestibulum sagittis sapien cum sociis natoque penatibus et magnis dis',	'id ligula suspendisse ornare consequat',	2,	248.0750,	447.4280,	102.6510,	0),
(768,	768,	33,	'id massa id nisl venenatis lacinia aenean sit amet justo morbi ut odio',	'cum sociis natoque penatibus et',	4,	245.6970,	404.1690,	204.1170,	0),
(769,	769,	34,	'sapien cursus vestibulum proin eu mi nulla ac enim in tempor turpis',	'urna pretium nisl ut volutpat',	16,	240.1890,	218.9640,	227.2160,	0),
(770,	770,	29,	'justo in hac habitasse platea dictumst etiam faucibus cursus urna ut tellus nulla ut',	'mauris sit amet eros suspendisse',	19,	486.2030,	344.5620,	171.4970,	0),
(771,	771,	49,	'justo nec condimentum neque sapien placerat ante nulla justo aliquam quis turpis eget elit',	'ut erat curabitur gravida nisi',	7,	107.8910,	414.1220,	234.7840,	0),
(772,	772,	37,	'turpis adipiscing lorem vitae mattis nibh ligula nec sem duis aliquam',	'id massa id nisl venenatis',	14,	305.4240,	476.5810,	454.0250,	0),
(773,	773,	43,	'ultrices vel augue vestibulum ante ipsum primis in faucibus orci luctus et ultrices posuere',	'pede posuere nonummy integer non',	4,	277.2910,	378.2140,	393.8760,	0),
(774,	774,	40,	'nisi vulputate nonummy maecenas tincidunt lacus at velit vivamus vel',	'dis parturient montes nascetur ridiculus',	9,	397.6440,	183.2180,	268.7620,	0),
(775,	775,	39,	'elit ac nulla sed vel enim sit amet nunc viverra dapibus nulla suscipit ligula',	'orci mauris lacinia sapien quis',	8,	360.2790,	110.5410,	358.2490,	0),
(776,	776,	45,	'lacinia aenean sit amet justo morbi ut odio cras mi pede malesuada in imperdiet',	'ut massa quis augue luctus',	20,	219.0780,	336.0150,	210.6910,	0),
(777,	777,	38,	'pellentesque volutpat dui maecenas tristique est et tempus semper est quam pharetra magna',	'molestie nibh in lectus pellentesque',	20,	387.6270,	218.5570,	486.6480,	0),
(778,	778,	48,	'in faucibus orci luctus et ultrices posuere cubilia curae duis',	'non mauris morbi non lectus',	20,	205.9760,	130.2050,	362.3480,	0),
(779,	779,	32,	'penatibus et magnis dis parturient montes nascetur ridiculus mus vivamus vestibulum sagittis sapien cum sociis',	'risus semper porta volutpat quam',	5,	228.5660,	237.8440,	107.3570,	0),
(780,	780,	49,	'hac habitasse platea dictumst maecenas ut massa quis augue luctus tincidunt nulla mollis molestie lorem',	'neque vestibulum eget vulputate ut',	13,	174.7600,	286.7090,	134.2000,	0),
(781,	781,	29,	'dui proin leo odio porttitor id consequat in consequat ut nulla sed accumsan',	'turpis adipiscing lorem vitae mattis',	3,	174.4420,	161.1510,	484.3640,	0),
(782,	782,	34,	'in sagittis dui vel nisl duis ac nibh fusce lacus purus aliquet at',	'nec condimentum neque sapien placerat',	3,	211.1110,	359.5060,	441.2750,	0),
(783,	783,	45,	'dignissim vestibulum vestibulum ante ipsum primis in faucibus orci luctus et ultrices posuere',	'sit amet nulla quisque arcu',	16,	280.1590,	158.9670,	206.4810,	0),
(784,	784,	34,	'posuere nonummy integer non velit donec diam neque vestibulum eget',	'lectus in est risus auctor',	10,	238.8130,	375.0120,	269.6780,	0),
(785,	785,	37,	'euismod scelerisque quam turpis adipiscing lorem vitae mattis nibh ligula',	'vel enim sit amet nunc',	9,	112.6260,	474.5920,	386.3990,	0),
(786,	786,	30,	'praesent blandit nam nulla integer pede justo lacinia eget tincidunt eget tempus vel pede',	'dictumst maecenas ut massa quis',	2,	343.7850,	491.4350,	116.5540,	0),
(787,	787,	35,	'integer aliquet massa id lobortis convallis tortor risus dapibus augue vel accumsan tellus',	'quis justo maecenas rhoncus aliquam',	9,	224.8060,	442.4840,	435.7330,	0),
(788,	788,	42,	'eros elementum pellentesque quisque porta volutpat erat quisque erat eros viverra eget congue',	'in sagittis dui vel nisl',	4,	292.9710,	369.6840,	178.3280,	0),
(789,	789,	35,	'ullamcorper purus sit amet nulla quisque arcu libero rutrum ac lobortis',	'volutpat erat quisque erat eros',	5,	154.3580,	162.3590,	464.5140,	0),
(790,	790,	42,	'ligula vehicula consequat morbi a ipsum integer a nibh in',	'ac enim in tempor turpis',	12,	274.6900,	257.7810,	350.1090,	0),
(791,	791,	50,	'auctor sed tristique in tempus sit amet sem fusce consequat nulla nisl nunc nisl',	'dignissim vestibulum vestibulum ante ipsum',	19,	433.1510,	490.3010,	111.5090,	0),
(792,	792,	49,	'purus sit amet nulla quisque arcu libero rutrum ac lobortis',	'aliquet ultrices erat tortor sollicitudin',	20,	470.3890,	222.7840,	155.0470,	0),
(793,	793,	39,	'vivamus vel nulla eget eros elementum pellentesque quisque porta volutpat erat quisque erat eros viverra',	'convallis tortor risus dapibus augue',	5,	401.2030,	307.0370,	344.8930,	0),
(794,	794,	32,	'in est risus auctor sed tristique in tempus sit amet sem fusce consequat nulla nisl',	'sit amet cursus id turpis',	11,	489.8530,	473.0080,	233.7380,	0),
(795,	795,	36,	'non pretium quis lectus suspendisse potenti in eleifend quam a odio in hac',	'amet turpis elementum ligula vehicula',	15,	224.1580,	306.7270,	310.7830,	0),
(796,	796,	40,	'felis sed interdum venenatis turpis enim blandit mi in porttitor',	'sed tristique in tempus sit',	19,	406.1130,	196.2480,	122.3900,	0),
(797,	797,	29,	'nisl ut volutpat sapien arcu sed augue aliquam erat volutpat in congue',	'curabitur gravida nisi at nibh',	18,	478.5070,	393.4120,	348.8570,	0),
(798,	798,	30,	'dignissim vestibulum vestibulum ante ipsum primis in faucibus orci luctus et ultrices posuere',	'ipsum primis in faucibus orci',	18,	323.3660,	133.2930,	341.7050,	0),
(799,	799,	32,	'dui proin leo odio porttitor id consequat in consequat ut nulla',	'quam fringilla rhoncus mauris enim',	6,	180.6710,	252.9010,	155.4900,	0),
(800,	800,	44,	'massa donec dapibus duis at velit eu est congue elementum in hac habitasse',	'mauris eget massa tempor convallis',	8,	176.5310,	325.8900,	180.2160,	0),
(801,	801,	43,	'congue diam id ornare imperdiet sapien urna pretium nisl ut',	'ante vestibulum ante ipsum primis',	19,	141.1750,	430.8480,	228.0200,	0),
(802,	802,	43,	'donec posuere metus vitae ipsum aliquam non mauris morbi non lectus aliquam',	'id ligula suspendisse ornare consequat',	7,	242.0110,	440.6290,	256.4080,	0),
(803,	803,	32,	'justo sollicitudin ut suscipit a feugiat et eros vestibulum ac',	'et ultrices posuere cubilia curae',	1,	409.1100,	333.9190,	230.5720,	0),
(804,	804,	29,	'in faucibus orci luctus et ultrices posuere cubilia curae donec',	'elementum eu interdum eu tincidunt',	10,	419.6520,	372.4280,	137.7660,	0),
(805,	805,	39,	'nam nulla integer pede justo lacinia eget tincidunt eget tempus vel pede morbi porttitor lorem',	'parturient montes nascetur ridiculus mus',	8,	274.4370,	169.4820,	353.5370,	0),
(806,	806,	49,	'et magnis dis parturient montes nascetur ridiculus mus etiam vel augue vestibulum rutrum',	'curae duis faucibus accumsan odio',	14,	176.0700,	355.2720,	485.6740,	0),
(807,	807,	49,	'at feugiat non pretium quis lectus suspendisse potenti in eleifend quam a odio',	'mattis pulvinar nulla pede ullamcorper',	4,	177.4900,	410.8780,	468.0440,	0),
(808,	808,	47,	'faucibus cursus urna ut tellus nulla ut erat id mauris vulputate',	'consequat ut nulla sed accumsan',	17,	478.4720,	463.6800,	269.9990,	0),
(809,	809,	47,	'quam fringilla rhoncus mauris enim leo rhoncus sed vestibulum sit',	'adipiscing elit proin risus praesent',	17,	236.1810,	334.3790,	238.3240,	0),
(810,	810,	29,	'vestibulum sit amet cursus id turpis integer aliquet massa id lobortis convallis tortor risus',	'suscipit a feugiat et eros',	10,	319.9950,	204.7740,	407.4080,	0),
(811,	811,	33,	'justo in blandit ultrices enim lorem ipsum dolor sit amet consectetuer adipiscing elit',	'ut ultrices vel augue vestibulum',	1,	444.8190,	386.6930,	210.3870,	0),
(812,	812,	30,	'lectus in est risus auctor sed tristique in tempus sit',	'consequat nulla nisl nunc nisl',	6,	302.6870,	284.8840,	322.5930,	0),
(813,	813,	40,	'at dolor quis odio consequat varius integer ac leo pellentesque ultrices',	'mattis egestas metus aenean fermentum',	18,	335.4200,	162.7730,	390.5930,	0),
(814,	814,	50,	'eros viverra eget congue eget semper rutrum nulla nunc purus phasellus in',	'turpis integer aliquet massa id',	20,	304.0390,	356.9780,	445.2540,	0),
(815,	815,	38,	'interdum mauris ullamcorper purus sit amet nulla quisque arcu libero rutrum ac',	'felis eu sapien cursus vestibulum',	1,	241.7160,	385.8540,	457.7810,	0),
(816,	816,	43,	'elementum eu interdum eu tincidunt in leo maecenas pulvinar lobortis est phasellus sit amet',	'sed tristique in tempus sit',	12,	336.4660,	106.1210,	218.0010,	0),
(817,	817,	48,	'libero convallis eget eleifend luctus ultricies eu nibh quisque id justo',	'donec pharetra magna vestibulum aliquet',	3,	492.9150,	334.5470,	447.6130,	0),
(818,	818,	42,	'ut volutpat sapien arcu sed augue aliquam erat volutpat in congue etiam justo etiam',	'in lectus pellentesque at nulla',	12,	276.6040,	452.7600,	479.8820,	0),
(819,	819,	37,	'ante ipsum primis in faucibus orci luctus et ultrices posuere cubilia curae duis',	'nec dui luctus rutrum nulla',	19,	252.7620,	144.0610,	237.7990,	0),
(820,	820,	43,	'morbi a ipsum integer a nibh in quis justo maecenas rhoncus',	'congue risus semper porta volutpat',	6,	247.2890,	431.8910,	455.0740,	0),
(821,	821,	50,	'ipsum aliquam non mauris morbi non lectus aliquam sit amet diam in magna bibendum imperdiet',	'nam ultrices libero non mattis',	17,	181.7330,	259.2770,	400.3700,	0),
(822,	822,	47,	'odio donec vitae nisi nam ultrices libero non mattis pulvinar',	'ligula in lacus curabitur at',	16,	181.4320,	375.2730,	490.3900,	0),
(823,	823,	43,	'diam cras pellentesque volutpat dui maecenas tristique est et tempus semper est',	'vestibulum rutrum rutrum neque aenean',	7,	196.9860,	119.2470,	130.2160,	0),
(824,	824,	32,	'erat eros viverra eget congue eget semper rutrum nulla nunc purus phasellus in felis donec',	'iaculis diam erat fermentum justo',	2,	270.7080,	221.8170,	338.7460,	0),
(825,	825,	33,	'augue vestibulum ante ipsum primis in faucibus orci luctus et ultrices',	'praesent blandit nam nulla integer',	4,	152.7520,	271.0190,	107.6230,	0),
(826,	826,	42,	'massa quis augue luctus tincidunt nulla mollis molestie lorem quisque ut erat curabitur',	'bibendum felis sed interdum venenatis',	8,	372.4140,	132.0330,	204.7050,	0),
(827,	827,	48,	'in lectus pellentesque at nulla suspendisse potenti cras in purus eu',	'quam a odio in hac',	11,	438.1270,	240.6070,	387.3350,	0),
(828,	828,	42,	'velit nec nisi vulputate nonummy maecenas tincidunt lacus at velit vivamus vel nulla',	'vel nisl duis ac nibh',	16,	123.0640,	147.1890,	303.2490,	0),
(829,	829,	39,	'metus sapien ut nunc vestibulum ante ipsum primis in faucibus orci',	'rutrum ac lobortis vel dapibus',	3,	395.7900,	466.2070,	426.7730,	0),
(830,	830,	28,	'est et tempus semper est quam pharetra magna ac consequat metus sapien ut',	'molestie nibh in lectus pellentesque',	18,	402.3930,	153.9540,	276.1290,	0),
(831,	831,	42,	'sed justo pellentesque viverra pede ac diam cras pellentesque volutpat',	'vulputate nonummy maecenas tincidunt lacus',	20,	320.3150,	350.1460,	485.7540,	0),
(832,	832,	32,	'lacus at velit vivamus vel nulla eget eros elementum pellentesque quisque porta volutpat',	'erat vestibulum sed magna at',	7,	108.6460,	103.5630,	249.3680,	0),
(833,	833,	29,	'pede justo lacinia eget tincidunt eget tempus vel pede morbi porttitor',	'iaculis justo in hac habitasse',	4,	323.6300,	201.9160,	322.1180,	0),
(834,	834,	42,	'libero non mattis pulvinar nulla pede ullamcorper augue a suscipit nulla elit ac nulla',	'diam id ornare imperdiet sapien',	6,	404.7020,	381.2630,	390.6550,	0),
(835,	835,	36,	'id consequat in consequat ut nulla sed accumsan felis ut at dolor quis odio',	'vestibulum proin eu mi nulla',	20,	262.0280,	335.3880,	401.9820,	0),
(836,	836,	37,	'velit donec diam neque vestibulum eget vulputate ut ultrices vel augue',	'odio curabitur convallis duis consequat',	17,	254.7380,	276.3600,	441.2420,	0),
(837,	837,	30,	'orci luctus et ultrices posuere cubilia curae nulla dapibus dolor vel est donec odio justo',	'erat eros viverra eget congue',	11,	258.1570,	457.9730,	260.7490,	0),
(838,	838,	29,	'eros viverra eget congue eget semper rutrum nulla nunc purus phasellus in felis',	'fusce lacus purus aliquet at',	15,	199.6960,	417.6250,	216.7520,	0),
(839,	839,	50,	'hac habitasse platea dictumst maecenas ut massa quis augue luctus tincidunt',	'eleifend pede libero quis orci',	3,	134.3410,	496.2390,	161.5190,	0),
(840,	840,	40,	'vestibulum ante ipsum primis in faucibus orci luctus et ultrices posuere cubilia curae mauris viverra',	'posuere cubilia curae donec pharetra',	4,	312.4110,	307.1570,	237.3530,	0),
(841,	841,	41,	'at turpis donec posuere metus vitae ipsum aliquam non mauris',	'lobortis est phasellus sit amet',	13,	315.1280,	113.1040,	169.9920,	0),
(842,	842,	34,	'est donec odio justo sollicitudin ut suscipit a feugiat et',	'lectus in est risus auctor',	10,	169.0460,	231.6110,	333.7880,	0),
(843,	843,	28,	'suscipit a feugiat et eros vestibulum ac est lacinia nisi',	'eget vulputate ut ultrices vel',	17,	140.9680,	261.3310,	173.6460,	0),
(844,	844,	49,	'vestibulum ante ipsum primis in faucibus orci luctus et ultrices posuere cubilia',	'sapien in sapien iaculis congue',	20,	278.2710,	294.8690,	198.6150,	0),
(845,	845,	44,	'neque duis bibendum morbi non quam nec dui luctus rutrum nulla tellus in sagittis',	'potenti cras in purus eu',	7,	283.6060,	161.1250,	178.5730,	0),
(846,	846,	40,	'sed lacus morbi sem mauris laoreet ut rhoncus aliquet pulvinar sed nisl',	'nulla ac enim in tempor',	6,	483.5230,	230.2610,	435.4340,	0),
(847,	847,	41,	'congue etiam justo etiam pretium iaculis justo in hac habitasse platea dictumst',	'amet nunc viverra dapibus nulla',	9,	147.2440,	499.5220,	283.1890,	0),
(848,	848,	31,	'at vulputate vitae nisl aenean lectus pellentesque eget nunc donec quis orci eget orci',	'in libero ut massa volutpat',	6,	417.3060,	204.7910,	341.5980,	0),
(849,	849,	30,	'adipiscing elit proin interdum mauris non ligula pellentesque ultrices phasellus id sapien in',	'felis donec semper sapien a',	8,	209.7080,	326.4320,	212.5330,	0),
(850,	850,	31,	'mauris lacinia sapien quis libero nullam sit amet turpis elementum ligula vehicula consequat morbi a',	'sollicitudin mi sit amet lobortis',	2,	193.7010,	269.6060,	316.3310,	0),
(851,	851,	49,	'suscipit nulla elit ac nulla sed vel enim sit amet nunc viverra',	'vestibulum vestibulum ante ipsum primis',	9,	224.8440,	211.9390,	154.4690,	0),
(852,	852,	43,	'quis orci eget orci vehicula condimentum curabitur in libero ut massa',	'tempor turpis nec euismod scelerisque',	17,	224.3530,	107.9470,	320.1360,	0),
(853,	853,	40,	'in sapien iaculis congue vivamus metus arcu adipiscing molestie hendrerit at vulputate vitae nisl aenean',	'amet erat nulla tempus vivamus',	7,	332.1830,	434.8540,	208.6930,	0),
(854,	854,	48,	'nulla tempus vivamus in felis eu sapien cursus vestibulum proin eu mi',	'maecenas tristique est et tempus',	11,	135.9960,	405.3570,	282.9850,	0),
(855,	855,	49,	'leo rhoncus sed vestibulum sit amet cursus id turpis integer aliquet massa id lobortis',	'tincidunt lacus at velit vivamus',	16,	145.6520,	422.0210,	232.9820,	0),
(856,	856,	47,	'massa quis augue luctus tincidunt nulla mollis molestie lorem quisque ut erat curabitur',	'rutrum at lorem integer tincidunt',	19,	422.2080,	124.9610,	397.3720,	0),
(857,	857,	30,	'non velit donec diam neque vestibulum eget vulputate ut ultrices vel',	'ut dolor morbi vel lectus',	11,	312.8130,	365.4720,	194.0500,	0),
(858,	858,	50,	'lacus at turpis donec posuere metus vitae ipsum aliquam non mauris morbi non lectus',	'eget tempus vel pede morbi',	13,	302.9780,	272.7020,	491.1010,	0),
(859,	859,	35,	'in quis justo maecenas rhoncus aliquam lacus morbi quis tortor',	'rutrum at lorem integer tincidunt',	15,	497.4940,	418.4700,	421.6430,	0),
(860,	860,	29,	'blandit non interdum in ante vestibulum ante ipsum primis in faucibus',	'rutrum nulla nunc purus phasellus',	7,	208.9090,	496.0520,	466.7570,	0),
(861,	861,	35,	'aliquet maecenas leo odio condimentum id luctus nec molestie sed justo',	'fringilla rhoncus mauris enim leo',	17,	224.2620,	219.6870,	131.8210,	0),
(862,	862,	29,	'tincidunt in leo maecenas pulvinar lobortis est phasellus sit amet',	'amet nulla quisque arcu libero',	18,	113.5540,	173.7450,	200.8060,	0),
(863,	863,	47,	'in imperdiet et commodo vulputate justo in blandit ultrices enim lorem ipsum dolor sit amet',	'purus aliquet at feugiat non',	2,	395.3870,	343.9580,	182.1740,	0),
(864,	864,	40,	'magna ac consequat metus sapien ut nunc vestibulum ante ipsum primis in faucibus',	'in lectus pellentesque at nulla',	20,	100.8270,	445.5500,	223.7330,	0),
(865,	865,	42,	'quisque id justo sit amet sapien dignissim vestibulum vestibulum ante ipsum',	'orci luctus et ultrices posuere',	15,	144.9470,	420.0960,	141.2210,	0),
(866,	866,	45,	'sit amet erat nulla tempus vivamus in felis eu sapien cursus vestibulum proin eu',	'sodales sed tincidunt eu felis',	6,	150.1870,	210.8510,	425.4710,	0),
(867,	867,	48,	'mauris lacinia sapien quis libero nullam sit amet turpis elementum ligula vehicula',	'molestie nibh in lectus pellentesque',	4,	319.3250,	323.1360,	194.1080,	0),
(868,	868,	44,	'donec posuere metus vitae ipsum aliquam non mauris morbi non lectus',	'suspendisse accumsan tortor quis turpis',	15,	353.8160,	342.0150,	341.9500,	0),
(869,	869,	36,	'pede ac diam cras pellentesque volutpat dui maecenas tristique est et tempus semper',	'consequat varius integer ac leo',	3,	248.7100,	427.3090,	365.6500,	0),
(870,	870,	42,	'dui vel sem sed sagittis nam congue risus semper porta volutpat quam pede lobortis',	'nisl duis bibendum felis sed',	6,	320.7390,	237.0350,	214.3810,	0),
(871,	871,	39,	'primis in faucibus orci luctus et ultrices posuere cubilia curae nulla',	'ultrices posuere cubilia curae nulla',	17,	292.0840,	496.4110,	369.4240,	0),
(872,	872,	34,	'suscipit nulla elit ac nulla sed vel enim sit amet',	'odio cras mi pede malesuada',	14,	201.4440,	221.4480,	101.0460,	0),
(873,	873,	48,	'luctus ultricies eu nibh quisque id justo sit amet sapien dignissim vestibulum vestibulum',	'lectus pellentesque eget nunc donec',	1,	489.7680,	452.6610,	303.6430,	0),
(874,	874,	38,	'orci nullam molestie nibh in lectus pellentesque at nulla suspendisse potenti cras in purus',	'donec pharetra magna vestibulum aliquet',	13,	271.9660,	243.7050,	427.6630,	0),
(875,	875,	47,	'nec nisi vulputate nonummy maecenas tincidunt lacus at velit vivamus vel nulla',	'in imperdiet et commodo vulputate',	20,	423.9030,	421.2620,	234.3790,	0),
(876,	876,	33,	'id ornare imperdiet sapien urna pretium nisl ut volutpat sapien',	'ut volutpat sapien arcu sed',	11,	498.4110,	329.5440,	109.3450,	0),
(877,	877,	37,	'phasellus id sapien in sapien iaculis congue vivamus metus arcu adipiscing molestie',	'volutpat dui maecenas tristique est',	4,	247.8940,	267.1050,	195.1840,	0),
(878,	878,	32,	'amet nunc viverra dapibus nulla suscipit ligula in lacus curabitur at',	'sapien ut nunc vestibulum ante',	5,	202.1640,	397.2910,	470.8950,	0),
(879,	879,	39,	'curabitur in libero ut massa volutpat convallis morbi odio odio elementum eu interdum eu',	'diam erat fermentum justo nec',	12,	283.6870,	114.3720,	424.8070,	0),
(880,	880,	31,	'diam in magna bibendum imperdiet nullam orci pede venenatis non',	'rhoncus mauris enim leo rhoncus',	4,	401.3710,	229.9440,	139.1990,	0),
(881,	881,	28,	'orci vehicula condimentum curabitur in libero ut massa volutpat convallis morbi odio odio elementum eu',	'orci mauris lacinia sapien quis',	2,	389.9070,	450.5940,	310.4990,	0),
(882,	882,	35,	'vestibulum sed magna at nunc commodo placerat praesent blandit nam nulla integer pede justo',	'nulla justo aliquam quis turpis',	19,	150.3970,	440.7770,	394.2250,	0),
(883,	883,	46,	'convallis eget eleifend luctus ultricies eu nibh quisque id justo',	'augue aliquam erat volutpat in',	11,	201.4010,	122.1060,	120.2540,	0),
(884,	884,	44,	'vehicula condimentum curabitur in libero ut massa volutpat convallis morbi odio',	'at dolor quis odio consequat',	16,	384.8700,	446.6350,	198.0160,	0),
(885,	885,	29,	'consequat in consequat ut nulla sed accumsan felis ut at dolor quis',	'interdum mauris non ligula pellentesque',	5,	183.3610,	236.4640,	416.3740,	0),
(886,	886,	37,	'natoque penatibus et magnis dis parturient montes nascetur ridiculus mus etiam vel augue vestibulum rutrum',	'enim in tempor turpis nec',	19,	446.3140,	422.0730,	450.9260,	0),
(887,	887,	38,	'lacus purus aliquet at feugiat non pretium quis lectus suspendisse potenti in eleifend quam',	'posuere cubilia curae donec pharetra',	17,	441.6160,	477.2260,	233.9750,	0),
(888,	888,	41,	'in lectus pellentesque at nulla suspendisse potenti cras in purus eu magna',	'nulla sed vel enim sit',	1,	294.8300,	359.3780,	108.3000,	0),
(889,	889,	40,	'felis sed lacus morbi sem mauris laoreet ut rhoncus aliquet pulvinar',	'sapien cursus vestibulum proin eu',	8,	289.5920,	347.6970,	225.2410,	0),
(890,	890,	47,	'gravida sem praesent id massa id nisl venenatis lacinia aenean sit amet justo morbi',	'sit amet turpis elementum ligula',	5,	285.8730,	227.9660,	193.2230,	0),
(891,	891,	42,	'eget congue eget semper rutrum nulla nunc purus phasellus in felis donec',	'lectus in quam fringilla rhoncus',	20,	373.4370,	459.9120,	200.1260,	0),
(892,	892,	30,	'metus arcu adipiscing molestie hendrerit at vulputate vitae nisl aenean lectus pellentesque eget nunc',	'at nulla suspendisse potenti cras',	8,	450.9840,	399.8810,	325.4580,	0),
(893,	893,	33,	'ultrices vel augue vestibulum ante ipsum primis in faucibus orci luctus et ultrices',	'morbi porttitor lorem id ligula',	14,	143.8750,	300.4120,	158.2150,	0),
(894,	894,	34,	'lacus at turpis donec posuere metus vitae ipsum aliquam non mauris morbi non lectus aliquam',	'iaculis diam erat fermentum justo',	20,	457.7640,	207.9680,	366.5120,	0),
(895,	895,	38,	'velit id pretium iaculis diam erat fermentum justo nec condimentum neque sapien placerat ante nulla',	'pharetra magna ac consequat metus',	9,	295.1550,	409.8020,	468.3060,	0),
(896,	896,	33,	'tincidunt lacus at velit vivamus vel nulla eget eros elementum pellentesque quisque',	'ultricies eu nibh quisque id',	2,	276.1590,	344.8560,	412.3660,	0),
(897,	897,	47,	'in eleifend quam a odio in hac habitasse platea dictumst maecenas ut massa quis',	'pede venenatis non sodales sed',	14,	274.1840,	112.5240,	366.4310,	0),
(898,	898,	42,	'at turpis donec posuere metus vitae ipsum aliquam non mauris morbi non',	'cubilia curae nulla dapibus dolor',	2,	347.8380,	495.8240,	404.3990,	0),
(899,	899,	37,	'nunc nisl duis bibendum felis sed interdum venenatis turpis enim blandit mi in',	'vestibulum vestibulum ante ipsum primis',	6,	381.9740,	471.2030,	471.0050,	0),
(900,	900,	38,	'semper interdum mauris ullamcorper purus sit amet nulla quisque arcu',	'mauris non ligula pellentesque ultrices',	3,	457.9520,	312.8400,	449.5810,	0),
(901,	901,	34,	'neque aenean auctor gravida sem praesent id massa id nisl venenatis lacinia aenean',	'ultrices aliquet maecenas leo odio',	2,	460.7730,	393.0500,	342.6320,	0),
(902,	902,	45,	'ante vivamus tortor duis mattis egestas metus aenean fermentum donec ut mauris eget',	'ante ipsum primis in faucibus',	14,	234.0840,	265.9550,	421.4540,	0),
(903,	903,	46,	'suspendisse potenti in eleifend quam a odio in hac habitasse platea dictumst maecenas ut massa',	'bibendum imperdiet nullam orci pede',	18,	161.9210,	152.8970,	475.8680,	0),
(904,	904,	50,	'donec vitae nisi nam ultrices libero non mattis pulvinar nulla',	'sem praesent id massa id',	16,	268.6290,	313.7490,	438.8960,	0),
(905,	905,	30,	'arcu libero rutrum ac lobortis vel dapibus at diam nam tristique',	'nisi nam ultrices libero non',	16,	492.2010,	404.7940,	209.9570,	0),
(906,	906,	43,	'congue risus semper porta volutpat quam pede lobortis ligula sit amet',	'leo maecenas pulvinar lobortis est',	17,	247.5540,	327.8660,	467.7640,	0),
(907,	907,	38,	'enim blandit mi in porttitor pede justo eu massa donec dapibus duis',	'cursus urna ut tellus nulla',	4,	287.9060,	147.6400,	396.9780,	0),
(908,	908,	36,	'molestie sed justo pellentesque viverra pede ac diam cras pellentesque volutpat',	'vulputate nonummy maecenas tincidunt lacus',	5,	113.9870,	281.4180,	136.3340,	0),
(909,	909,	45,	'mauris viverra diam vitae quam suspendisse potenti nullam porttitor lacus at turpis',	'diam in magna bibendum imperdiet',	15,	284.4900,	186.6850,	246.6090,	0),
(910,	910,	40,	'nullam orci pede venenatis non sodales sed tincidunt eu felis fusce posuere felis sed',	'sit amet cursus id turpis',	3,	184.9770,	393.8900,	221.6790,	0),
(911,	911,	35,	'consequat metus sapien ut nunc vestibulum ante ipsum primis in faucibus orci luctus',	'vulputate vitae nisl aenean lectus',	13,	445.0930,	472.0060,	201.3540,	0),
(912,	912,	34,	'mauris eget massa tempor convallis nulla neque libero convallis eget eleifend',	'aenean lectus pellentesque eget nunc',	15,	419.2670,	380.2320,	131.0880,	0),
(913,	913,	48,	'pede posuere nonummy integer non velit donec diam neque vestibulum eget vulputate ut ultrices',	'nunc donec quis orci eget',	19,	465.2220,	460.4530,	205.2780,	0),
(914,	914,	45,	'eros viverra eget congue eget semper rutrum nulla nunc purus phasellus in felis donec',	'laoreet ut rhoncus aliquet pulvinar',	7,	399.9230,	124.4960,	328.6880,	0),
(915,	915,	30,	'quisque porta volutpat erat quisque erat eros viverra eget congue',	'sapien a libero nam dui',	12,	431.5890,	107.7500,	221.3700,	0),
(916,	916,	33,	'luctus tincidunt nulla mollis molestie lorem quisque ut erat curabitur gravida nisi',	'sollicitudin mi sit amet lobortis',	12,	425.2170,	444.4980,	122.9460,	0),
(917,	917,	36,	'non velit donec diam neque vestibulum eget vulputate ut ultrices vel augue vestibulum ante ipsum',	'lectus pellentesque at nulla suspendisse',	1,	335.4080,	281.0850,	270.3620,	0),
(918,	918,	40,	'praesent blandit lacinia erat vestibulum sed magna at nunc commodo placerat praesent blandit nam',	'gravida sem praesent id massa',	8,	468.3750,	390.4770,	439.3610,	0),
(919,	919,	34,	'tellus semper interdum mauris ullamcorper purus sit amet nulla quisque arcu libero rutrum ac lobortis',	'accumsan tortor quis turpis sed',	6,	231.5240,	204.2440,	227.1690,	0),
(920,	920,	28,	'orci luctus et ultrices posuere cubilia curae mauris viverra diam vitae',	'convallis duis consequat dui nec',	5,	395.4240,	264.4590,	291.4020,	0),
(921,	921,	35,	'consequat varius integer ac leo pellentesque ultrices mattis odio donec vitae nisi nam ultrices libero',	'eu est congue elementum in',	8,	148.2410,	471.7880,	177.8510,	0),
(922,	922,	50,	'aliquet maecenas leo odio condimentum id luctus nec molestie sed justo pellentesque viverra pede',	'at vulputate vitae nisl aenean',	7,	301.3400,	229.0890,	365.1280,	0),
(923,	923,	37,	'varius integer ac leo pellentesque ultrices mattis odio donec vitae',	'volutpat sapien arcu sed augue',	11,	440.6820,	256.1050,	242.3240,	0),
(924,	924,	41,	'ullamcorper augue a suscipit nulla elit ac nulla sed vel enim sit amet nunc',	'habitasse platea dictumst etiam faucibus',	2,	176.9570,	287.7810,	301.3970,	0),
(925,	925,	38,	'nibh fusce lacus purus aliquet at feugiat non pretium quis lectus suspendisse potenti in eleifend',	'a pede posuere nonummy integer',	16,	169.6630,	353.1190,	236.3780,	0),
(926,	926,	36,	'neque sapien placerat ante nulla justo aliquam quis turpis eget',	'eget eros elementum pellentesque quisque',	19,	387.8700,	427.2050,	186.8410,	0),
(927,	927,	46,	'eros viverra eget congue eget semper rutrum nulla nunc purus phasellus in',	'posuere cubilia curae duis faucibus',	2,	270.1170,	493.9590,	229.7380,	0),
(928,	928,	28,	'metus vitae ipsum aliquam non mauris morbi non lectus aliquam sit amet diam in',	'eget orci vehicula condimentum curabitur',	13,	284.5490,	315.0770,	393.6340,	0),
(929,	929,	37,	'donec dapibus duis at velit eu est congue elementum in hac habitasse platea dictumst morbi',	'est phasellus sit amet erat',	15,	173.3190,	461.8000,	106.4290,	0),
(930,	930,	49,	'elementum in hac habitasse platea dictumst morbi vestibulum velit id pretium iaculis diam',	'augue a suscipit nulla elit',	15,	326.2410,	145.5760,	472.3210,	0),
(931,	931,	46,	'duis ac nibh fusce lacus purus aliquet at feugiat non pretium quis',	'nisl duis ac nibh fusce',	7,	108.8080,	218.7880,	364.3040,	0),
(932,	932,	47,	'ut volutpat sapien arcu sed augue aliquam erat volutpat in',	'molestie nibh in lectus pellentesque',	2,	486.2070,	119.9050,	188.3940,	0),
(933,	933,	41,	'pede ullamcorper augue a suscipit nulla elit ac nulla sed vel',	'vivamus in felis eu sapien',	19,	439.4600,	183.5380,	304.2130,	0),
(934,	934,	31,	'cursus vestibulum proin eu mi nulla ac enim in tempor turpis nec euismod scelerisque',	'vivamus tortor duis mattis egestas',	1,	370.7410,	161.9040,	233.1390,	0),
(935,	935,	35,	'quam pharetra magna ac consequat metus sapien ut nunc vestibulum',	'at nibh in hac habitasse',	7,	240.1840,	147.9990,	411.7440,	0),
(936,	936,	49,	'fermentum justo nec condimentum neque sapien placerat ante nulla justo aliquam quis turpis',	'sit amet lobortis sapien sapien',	17,	384.4830,	403.7240,	267.4370,	0),
(937,	937,	48,	'maecenas pulvinar lobortis est phasellus sit amet erat nulla tempus vivamus in felis eu sapien',	'libero nullam sit amet turpis',	10,	376.6180,	351.5330,	258.7890,	0),
(938,	938,	35,	'mauris laoreet ut rhoncus aliquet pulvinar sed nisl nunc rhoncus dui vel sem',	'libero convallis eget eleifend luctus',	18,	350.5930,	476.3020,	326.8640,	0),
(939,	939,	46,	'aenean auctor gravida sem praesent id massa id nisl venenatis',	'diam in magna bibendum imperdiet',	5,	490.4100,	235.2650,	327.0810,	0),
(940,	940,	36,	'in consequat ut nulla sed accumsan felis ut at dolor quis odio consequat',	'aliquam convallis nunc proin at',	7,	325.6660,	365.4160,	217.1030,	0),
(941,	941,	33,	'quis libero nullam sit amet turpis elementum ligula vehicula consequat morbi',	'consequat dui nec nisi volutpat',	3,	457.3950,	303.3010,	289.5340,	0),
(942,	942,	47,	'fusce posuere felis sed lacus morbi sem mauris laoreet ut rhoncus',	'varius ut blandit non interdum',	15,	296.4620,	221.5700,	355.9580,	0),
(943,	943,	48,	'libero ut massa volutpat convallis morbi odio odio elementum eu interdum',	'vulputate justo in blandit ultrices',	14,	217.2710,	181.9830,	255.9310,	0),
(944,	944,	50,	'odio justo sollicitudin ut suscipit a feugiat et eros vestibulum ac est lacinia nisi',	'congue diam id ornare imperdiet',	4,	231.5050,	420.9830,	493.2650,	0),
(945,	945,	48,	'erat curabitur gravida nisi at nibh in hac habitasse platea dictumst aliquam augue quam',	'vivamus vel nulla eget eros',	18,	127.1230,	404.1780,	264.6370,	0),
(946,	946,	28,	'faucibus orci luctus et ultrices posuere cubilia curae mauris viverra diam',	'vestibulum sed magna at nunc',	5,	192.1460,	382.9620,	327.1310,	0),
(947,	947,	43,	'interdum mauris ullamcorper purus sit amet nulla quisque arcu libero rutrum ac lobortis',	'curae mauris viverra diam vitae',	16,	389.1790,	186.9590,	108.1890,	0),
(948,	948,	30,	'augue vel accumsan tellus nisi eu orci mauris lacinia sapien quis',	'mauris eget massa tempor convallis',	18,	481.4540,	435.6780,	339.5530,	0),
(949,	949,	43,	'quisque ut erat curabitur gravida nisi at nibh in hac habitasse platea dictumst',	'habitasse platea dictumst aliquam augue',	13,	225.6900,	410.2080,	276.3990,	0),
(950,	950,	50,	'pede morbi porttitor lorem id ligula suspendisse ornare consequat lectus',	'nascetur ridiculus mus vivamus vestibulum',	16,	201.3430,	323.1830,	366.2080,	0),
(951,	951,	44,	'magna at nunc commodo placerat praesent blandit nam nulla integer pede justo',	'mollis molestie lorem quisque ut',	5,	230.1960,	117.0520,	235.2470,	0),
(952,	952,	50,	'id turpis integer aliquet massa id lobortis convallis tortor risus dapibus augue',	'habitasse platea dictumst aliquam augue',	6,	148.6650,	392.4000,	308.6340,	0),
(953,	953,	44,	'justo aliquam quis turpis eget elit sodales scelerisque mauris sit amet',	'et ultrices posuere cubilia curae',	6,	376.9830,	104.2150,	157.3650,	0),
(954,	954,	50,	'congue vivamus metus arcu adipiscing molestie hendrerit at vulputate vitae nisl aenean lectus',	'ultrices posuere cubilia curae nulla',	15,	414.3530,	291.0510,	144.0990,	0),
(955,	955,	35,	'lorem integer tincidunt ante vel ipsum praesent blandit lacinia erat vestibulum',	'blandit nam nulla integer pede',	13,	228.3930,	398.2960,	370.9710,	0),
(956,	956,	28,	'erat quisque erat eros viverra eget congue eget semper rutrum nulla nunc purus phasellus',	'lacinia nisi venenatis tristique fusce',	12,	485.0180,	488.3990,	309.2050,	0),
(957,	957,	37,	'quisque erat eros viverra eget congue eget semper rutrum nulla',	'velit nec nisi vulputate nonummy',	12,	177.5470,	391.2930,	157.9320,	0),
(958,	958,	42,	'ut nulla sed accumsan felis ut at dolor quis odio consequat varius integer',	'in consequat ut nulla sed',	3,	203.9690,	347.9610,	403.0460,	0),
(959,	959,	38,	'odio elementum eu interdum eu tincidunt in leo maecenas pulvinar lobortis est phasellus sit amet',	'enim blandit mi in porttitor',	5,	103.2410,	243.7220,	173.3680,	0),
(960,	960,	39,	'sodales scelerisque mauris sit amet eros suspendisse accumsan tortor quis turpis sed',	'platea dictumst maecenas ut massa',	5,	131.8950,	408.7180,	224.3080,	0),
(961,	961,	46,	'tortor sollicitudin mi sit amet lobortis sapien sapien non mi integer ac neque duis bibendum',	'risus praesent lectus vestibulum quam',	7,	281.1680,	122.3570,	324.3770,	0),
(962,	962,	46,	'ultrices posuere cubilia curae mauris viverra diam vitae quam suspendisse potenti nullam porttitor lacus',	'eget nunc donec quis orci',	2,	131.1240,	463.8340,	424.2470,	0),
(963,	963,	42,	'dictumst aliquam augue quam sollicitudin vitae consectetuer eget rutrum at lorem integer tincidunt',	'cursus vestibulum proin eu mi',	14,	244.7440,	345.6080,	217.3830,	0),
(964,	964,	41,	'molestie nibh in lectus pellentesque at nulla suspendisse potenti cras in purus eu magna vulputate',	'maecenas tincidunt lacus at velit',	6,	435.1770,	134.9540,	358.6150,	0),
(965,	965,	39,	'habitasse platea dictumst aliquam augue quam sollicitudin vitae consectetuer eget rutrum',	'maecenas tristique est et tempus',	11,	211.7200,	234.1490,	232.1910,	0),
(966,	966,	45,	'nullam orci pede venenatis non sodales sed tincidunt eu felis fusce',	'ac diam cras pellentesque volutpat',	13,	336.4800,	300.2970,	137.4450,	0),
(967,	967,	43,	'turpis a pede posuere nonummy integer non velit donec diam',	'quisque erat eros viverra eget',	4,	471.1840,	330.1350,	254.5490,	0),
(968,	968,	38,	'ac neque duis bibendum morbi non quam nec dui luctus rutrum nulla',	'bibendum felis sed interdum venenatis',	8,	138.5020,	464.9730,	337.1800,	0),
(969,	969,	44,	'vel pede morbi porttitor lorem id ligula suspendisse ornare consequat lectus',	'sociis natoque penatibus et magnis',	5,	444.2820,	302.7410,	195.8040,	0),
(970,	970,	46,	'lobortis ligula sit amet eleifend pede libero quis orci nullam molestie nibh in lectus pellentesque',	'sodales sed tincidunt eu felis',	7,	352.7920,	493.6280,	292.1350,	0),
(971,	971,	50,	'quisque erat eros viverra eget congue eget semper rutrum nulla',	'vulputate nonummy maecenas tincidunt lacus',	14,	492.4380,	267.2300,	476.9740,	0),
(972,	972,	34,	'congue risus semper porta volutpat quam pede lobortis ligula sit amet eleifend pede libero',	'tortor sollicitudin mi sit amet',	2,	224.9000,	173.9160,	153.6220,	0),
(973,	973,	46,	'suspendisse potenti cras in purus eu magna vulputate luctus cum sociis natoque penatibus et',	'luctus nec molestie sed justo',	10,	190.5620,	280.2750,	329.6730,	0),
(974,	974,	34,	'sapien in sapien iaculis congue vivamus metus arcu adipiscing molestie hendrerit at vulputate',	'adipiscing elit proin risus praesent',	10,	182.4790,	139.2210,	274.8730,	0),
(975,	975,	45,	'pretium nisl ut volutpat sapien arcu sed augue aliquam erat volutpat in congue etiam justo',	'integer pede justo lacinia eget',	6,	256.3450,	370.6140,	435.9410,	0),
(976,	976,	29,	'ultrices phasellus id sapien in sapien iaculis congue vivamus metus arcu adipiscing',	'condimentum curabitur in libero ut',	7,	330.4100,	282.6470,	156.8900,	0),
(977,	977,	37,	'quisque id justo sit amet sapien dignissim vestibulum vestibulum ante ipsum primis in faucibus',	'vel ipsum praesent blandit lacinia',	20,	152.7840,	376.0950,	129.7310,	0),
(978,	978,	47,	'molestie sed justo pellentesque viverra pede ac diam cras pellentesque volutpat dui maecenas tristique',	'accumsan tellus nisi eu orci',	3,	184.1570,	221.3070,	200.9000,	0),
(979,	979,	35,	'elit proin interdum mauris non ligula pellentesque ultrices phasellus id sapien in sapien iaculis congue',	'nunc rhoncus dui vel sem',	20,	314.7090,	104.0660,	232.6760,	0),
(980,	980,	48,	'vel augue vestibulum rutrum rutrum neque aenean auctor gravida sem praesent id massa',	'volutpat sapien arcu sed augue',	12,	349.8080,	442.3410,	193.2370,	0),
(981,	981,	41,	'aliquam erat volutpat in congue etiam justo etiam pretium iaculis justo in',	'dui vel sem sed sagittis',	20,	160.0490,	147.6110,	402.6030,	0),
(982,	982,	34,	'justo pellentesque viverra pede ac diam cras pellentesque volutpat dui maecenas',	'consequat lectus in est risus',	8,	119.8770,	487.5110,	155.6790,	0),
(983,	983,	32,	'nec sem duis aliquam convallis nunc proin at turpis a pede',	'phasellus in felis donec semper',	16,	107.3300,	315.6910,	429.9930,	0),
(984,	984,	48,	'magna vestibulum aliquet ultrices erat tortor sollicitudin mi sit amet lobortis sapien sapien',	'nulla integer pede justo lacinia',	18,	277.9490,	171.7390,	138.9640,	0),
(985,	985,	50,	'vel ipsum praesent blandit lacinia erat vestibulum sed magna at nunc',	'consequat nulla nisl nunc nisl',	19,	120.1750,	100.1780,	362.4700,	0),
(986,	986,	49,	'nibh quisque id justo sit amet sapien dignissim vestibulum vestibulum ante ipsum primis',	'dignissim vestibulum vestibulum ante ipsum',	11,	462.0300,	247.7220,	269.9290,	0),
(1016,	1014,	53,	'Grand Auto Hot Wheels',	'C64B5B63E',	1,	87000.0000,	87000.0000,	0.0000,	0),
(988,	988,	29,	'eget semper rutrum nulla nunc purus phasellus in felis donec semper sapien a',	'vel dapibus at diam nam',	11,	459.6380,	414.6710,	405.0100,	0),
(991,	991,	50,	'lacinia aenean sit amet justo morbi ut odio cras mi pede malesuada in',	'sit amet nunc viverra dapibus',	18,	119.2600,	399.7860,	147.0920,	0),
(992,	992,	48,	'pellentesque quisque porta volutpat erat quisque erat eros viverra eget congue eget semper rutrum nulla',	'interdum eu tincidunt in leo',	9,	301.8210,	108.6270,	364.6310,	0),
(993,	993,	39,	'risus praesent lectus vestibulum quam sapien varius ut blandit non',	'diam vitae quam suspendisse potenti',	7,	103.2750,	225.2560,	248.4080,	0),
(994,	994,	38,	'donec ut mauris eget massa tempor convallis nulla neque libero',	'est donec odio justo sollicitudin',	4,	278.8240,	413.0970,	309.1900,	0),
(995,	995,	44,	'vulputate ut ultrices vel augue vestibulum ante ipsum primis in',	'vel lectus in quam fringilla',	4,	473.5230,	270.6910,	265.2050,	0),
(996,	996,	44,	'pede justo lacinia eget tincidunt eget tempus vel pede morbi porttitor lorem id ligula',	'nulla eget eros elementum pellentesque',	4,	427.0780,	324.2040,	332.2130,	0),
(997,	997,	43,	'sem sed sagittis nam congue risus semper porta volutpat quam',	'leo odio condimentum id luctus',	10,	106.4390,	169.6150,	207.5910,	0),
(999,	999,	50,	'nulla eget eros elementum pellentesque quisque porta volutpat erat quisque erat eros',	'integer non velit donec diam',	14,	388.8950,	168.7920,	475.5290,	0),
(1000,	1000,	28,	'platea dictumst etiam faucibus cursus urna ut tellus nulla ut erat id mauris vulputate elementum',	'dapibus duis at velit eu',	5,	256.0300,	468.0710,	263.8120,	0),
(1002,	1002,	46,	'Sony VAIO',	'Product 19',	1,	7000000.0000,	7000000.0000,	0.0000,	0),
(1003,	1003,	46,	'Sony VAIO',	'Product 19',	1,	7000000.0000,	7000000.0000,	0.0000,	0),
(1007,	1006,	51,	'Jaket Hoody ringan',	'B800D185A',	1,	500000.0000,	500000.0000,	0.0000,	0),
(1008,	1007,	51,	'Jaket Hoody ringan',	'B800D185A',	1,	500000.0000,	500000.0000,	0.0000,	0),
(1009,	1008,	51,	'Jaket Hoody ringan',	'B800D185A',	1,	500000.0000,	500000.0000,	0.0000,	0),
(1010,	1009,	51,	'Jaket Hoody ringan',	'B800D185A',	1,	450000.0000,	450000.0000,	0.0000,	0),
(1013,	1012,	55,	'Traft Fast',	'10F3558B6',	2,	90000.0000,	180000.0000,	0.0000,	0),
(1014,	1012,	60,	'Ferrari Red',	'38BEB2E1A',	1,	210000.0000,	210000.0000,	0.0000,	0),
(1015,	1013,	66,	'Coaxcial Bit',	'8E8191D06',	1,	87000.0000,	87000.0000,	0.0000,	0);

DROP TABLE IF EXISTS `tk_order_recurring`;
CREATE TABLE `tk_order_recurring` (
  `order_recurring_id` int(11) NOT NULL AUTO_INCREMENT,
  `order_id` int(11) NOT NULL,
  `reference` varchar(255) NOT NULL,
  `product_id` int(11) NOT NULL,
  `product_name` varchar(255) NOT NULL,
  `product_quantity` int(11) NOT NULL,
  `recurring_id` int(11) NOT NULL,
  `recurring_name` varchar(255) NOT NULL,
  `recurring_description` varchar(255) NOT NULL,
  `recurring_frequency` varchar(25) NOT NULL,
  `recurring_cycle` smallint(6) NOT NULL,
  `recurring_duration` smallint(6) NOT NULL,
  `recurring_price` decimal(10,4) NOT NULL,
  `trial` tinyint(1) NOT NULL,
  `trial_frequency` varchar(25) NOT NULL,
  `trial_cycle` smallint(6) NOT NULL,
  `trial_duration` smallint(6) NOT NULL,
  `trial_price` decimal(10,4) NOT NULL,
  `status` tinyint(4) NOT NULL,
  `date_added` datetime NOT NULL,
  PRIMARY KEY (`order_recurring_id`)
) ENGINE=MyISAM DEFAULT CHARSET=utf8;


DROP TABLE IF EXISTS `tk_order_recurring_transaction`;
CREATE TABLE `tk_order_recurring_transaction` (
  `order_recurring_transaction_id` int(11) NOT NULL AUTO_INCREMENT,
  `order_recurring_id` int(11) NOT NULL,
  `reference` varchar(255) NOT NULL,
  `type` varchar(255) NOT NULL,
  `amount` decimal(10,4) NOT NULL,
  `date_added` datetime NOT NULL,
  PRIMARY KEY (`order_recurring_transaction_id`)
) ENGINE=MyISAM DEFAULT CHARSET=utf8;


DROP TABLE IF EXISTS `tk_order_status`;
CREATE TABLE `tk_order_status` (
  `order_status_id` int(11) NOT NULL AUTO_INCREMENT,
  `language_id` int(11) NOT NULL,
  `name` varchar(32) NOT NULL,
  PRIMARY KEY (`order_status_id`,`language_id`)
) ENGINE=MyISAM DEFAULT CHARSET=utf8;

INSERT INTO `tk_order_status` (`order_status_id`, `language_id`, `name`) VALUES
(3,	3,	'Shipped'),
(7,	2,	'DIbatalkan'),
(8,	2,	'Ditolak'),
(2,	2,	'Sedang di proses'),
(12,	2,	'Terbalik'),
(1,	2,	'Menunggu'),
(15,	2,	'Di Proses'),
(14,	2,	'Kadaluarsa'),
(11,	2,	'Dikembalikan'),
(2,	3,	'Processing'),
(3,	2,	'Dikirim'),
(7,	3,	'Canceled'),
(5,	3,	'Complete'),
(8,	3,	'Denied'),
(11,	3,	'Return'),
(12,	3,	'Swapped'),
(1,	3,	'Awaiting'),
(15,	3,	'Processed'),
(14,	3,	'Expired'),
(5,	2,	'Selesai');

DROP TABLE IF EXISTS `tk_order_total`;
CREATE TABLE `tk_order_total` (
  `order_total_id` int(10) NOT NULL AUTO_INCREMENT,
  `order_id` int(11) NOT NULL,
  `code` varchar(32) NOT NULL,
  `title` varchar(255) NOT NULL,
  `value` decimal(15,4) NOT NULL DEFAULT '0.0000',
  `sort_order` int(3) NOT NULL,
  PRIMARY KEY (`order_total_id`),
  KEY `order_id` (`order_id`)
) ENGINE=MyISAM DEFAULT CHARSET=utf8;

INSERT INTO `tk_order_total` (`order_total_id`, `order_id`, `code`, `title`, `value`, `sort_order`) VALUES
(1,	1,	'sub_total',	'Sub-Total',	101.0000,	1),
(2,	1,	'shipping',	'Flat Shipping Rate',	5.0000,	3),
(3,	1,	'total',	'Total',	106.0000,	9),
(8,	1002,	'shipping',	'Flat Shipping Rate',	5.0000,	3),
(7,	1002,	'sub_total',	'Sub-Total',	7000000.0000,	1),
(9,	1002,	'total',	'Total',	7000005.0000,	9),
(10,	1003,	'sub_total',	'Sub-Total',	7000000.0000,	1),
(11,	1003,	'shipping',	'Flat Shipping Rate',	25000.0000,	3),
(12,	1003,	'total',	'Total',	7025000.0000,	9),
(46,	1014,	'total',	'Total',	112000.0000,	9),
(45,	1014,	'shipping',	'Flat Shipping Rate',	25000.0000,	3),
(44,	1014,	'sub_total',	'Sub-Total',	87000.0000,	1),
(19,	1006,	'sub_total',	'Sub-Total',	500000.0000,	1),
(20,	1006,	'shipping',	'Flat Shipping Rate',	25000.0000,	3),
(21,	1006,	'total',	'Total',	525000.0000,	9),
(22,	1007,	'sub_total',	'Sub-Total',	500000.0000,	1),
(23,	1007,	'shipping',	'Flat Shipping Rate',	25000.0000,	3),
(24,	1007,	'total',	'Total',	525000.0000,	9),
(25,	1008,	'sub_total',	'Sub-Total',	500000.0000,	1),
(26,	1008,	'shipping',	'Flat Shipping Rate',	25000.0000,	3),
(27,	1008,	'total',	'Total',	525000.0000,	9),
(28,	1009,	'sub_total',	'Sub-Total',	450000.0000,	1),
(29,	1009,	'shipping',	'Flat Shipping Rate',	25000.0000,	3),
(30,	1009,	'total',	'Total',	475000.0000,	9),
(40,	1012,	'total',	'Total',	415000.0000,	9),
(39,	1012,	'shipping',	'Flat Shipping Rate',	25000.0000,	3),
(38,	1012,	'sub_total',	'Sub-Total',	390000.0000,	1),
(41,	1013,	'sub_total',	'Sub-Total',	87000.0000,	1),
(42,	1013,	'shipping',	'Flat Shipping Rate',	25000.0000,	3),
(43,	1013,	'total',	'Total',	112000.0000,	9);

DROP TABLE IF EXISTS `tk_order_voucher`;
CREATE TABLE `tk_order_voucher` (
  `order_voucher_id` int(11) NOT NULL AUTO_INCREMENT,
  `order_id` int(11) NOT NULL,
  `voucher_id` int(11) NOT NULL,
  `description` varchar(255) NOT NULL,
  `code` varchar(10) NOT NULL,
  `from_name` varchar(64) NOT NULL,
  `from_email` varchar(96) NOT NULL,
  `to_name` varchar(64) NOT NULL,
  `to_email` varchar(96) NOT NULL,
  `voucher_theme_id` int(11) NOT NULL,
  `message` text NOT NULL,
  `amount` decimal(15,4) NOT NULL,
  PRIMARY KEY (`order_voucher_id`)
) ENGINE=MyISAM DEFAULT CHARSET=utf8;


DROP TABLE IF EXISTS `tk_product`;
CREATE TABLE `tk_product` (
  `product_id` int(11) NOT NULL AUTO_INCREMENT,
  `model` varchar(64) NOT NULL,
  `sku` varchar(64) NOT NULL,
  `upc` varchar(12) NOT NULL,
  `ean` varchar(14) NOT NULL,
  `jan` varchar(13) NOT NULL,
  `isbn` varchar(17) NOT NULL,
  `mpn` varchar(64) NOT NULL,
  `location` varchar(128) NOT NULL,
  `quantity` int(4) NOT NULL DEFAULT '0',
  `stock_status_id` int(11) NOT NULL,
  `image` varchar(255) DEFAULT NULL,
  `manufacturer_id` int(11) NOT NULL,
  `shipping` tinyint(1) NOT NULL DEFAULT '1',
  `price` float DEFAULT NULL,
  `points` int(8) NOT NULL DEFAULT '0',
  `tax_class_id` int(11) NOT NULL,
  `date_available` date NOT NULL DEFAULT '0000-00-00',
  `weight` decimal(15,8) NOT NULL DEFAULT '0.00000000',
  `weight_class_id` int(11) NOT NULL DEFAULT '0',
  `length` decimal(15,8) NOT NULL DEFAULT '0.00000000',
  `width` decimal(15,8) NOT NULL DEFAULT '0.00000000',
  `height` decimal(15,8) NOT NULL DEFAULT '0.00000000',
  `length_class_id` int(11) NOT NULL DEFAULT '0',
  `subtract` tinyint(1) NOT NULL DEFAULT '1',
  `minimum` int(11) NOT NULL DEFAULT '1',
  `sort_order` int(11) NOT NULL DEFAULT '0',
  `status` tinyint(1) NOT NULL DEFAULT '0',
  `viewed` int(5) NOT NULL DEFAULT '0',
  `date_added` datetime NOT NULL,
  `date_modified` datetime NOT NULL,
  PRIMARY KEY (`product_id`)
) ENGINE=MyISAM DEFAULT CHARSET=utf8;

INSERT INTO `tk_product` (`product_id`, `model`, `sku`, `upc`, `ean`, `jan`, `isbn`, `mpn`, `location`, `quantity`, `stock_status_id`, `image`, `manufacturer_id`, `shipping`, `price`, `points`, `tax_class_id`, `date_available`, `weight`, `weight_class_id`, `length`, `width`, `height`, `length_class_id`, `subtract`, `minimum`, `sort_order`, `status`, `viewed`, `date_added`, `date_modified`) VALUES
(82,	'AEFB58A98',	'',	'',	'',	'',	'',	'',	'',	1,	5,	'catalog/big2.jpg',	13,	1,	20000,	0,	0,	'2016-02-10',	0.00000000,	1,	0.00000000,	0.00000000,	0.00000000,	1,	1,	1,	0,	0,	0,	'2016-02-10 01:42:32',	'2016-02-10 08:26:14'),
(63,	'5AEB78911',	'',	'',	'',	'',	'',	'',	'',	3,	5,	'catalog/ranger blue.png',	14,	1,	45000,	0,	0,	'2015-11-16',	0.00000000,	1,	0.00000000,	0.00000000,	0.00000000,	1,	1,	1,	1,	1,	0,	'2015-11-16 08:47:29',	'2016-02-10 09:07:03'),
(64,	'F0EA2F703',	'',	'',	'',	'',	'',	'',	'',	4,	5,	'catalog/ranger white.png',	14,	1,	55000,	0,	0,	'2015-11-16',	0.00000000,	1,	0.00000000,	0.00000000,	0.00000000,	1,	1,	1,	1,	1,	0,	'2015-11-16 08:48:21',	'2015-11-16 08:50:16'),
(65,	'07BA56770',	'',	'',	'',	'',	'',	'',	'',	8,	5,	'catalog/shot.png',	14,	1,	34000,	0,	0,	'2015-11-16',	0.00000000,	1,	0.00000000,	0.00000000,	0.00000000,	1,	1,	1,	1,	1,	0,	'2015-11-16 08:49:19',	'2016-02-10 09:21:44'),
(56,	'D1A8BFC00',	'',	'',	'',	'',	'',	'',	'',	5,	5,	'catalog/1.png',	13,	1,	90000,	0,	0,	'2015-11-13',	0.00000000,	1,	0.00000000,	0.00000000,	0.00000000,	1,	1,	1,	1,	1,	2,	'2015-11-13 16:56:35',	'2015-11-13 17:11:28'),
(57,	'8CE4C45AC',	'',	'',	'',	'',	'',	'',	'',	3,	5,	'catalog/3.png',	0,	1,	120000,	0,	0,	'2015-11-13',	0.00000000,	1,	0.00000000,	0.00000000,	0.00000000,	1,	1,	1,	1,	1,	0,	'2015-11-13 17:03:15',	'2015-11-13 17:34:05'),
(58,	'A35722AC8',	'',	'',	'',	'',	'',	'',	'',	6,	5,	'catalog/5.png',	13,	1,	110000,	0,	0,	'2015-11-13',	0.00000000,	1,	0.00000000,	0.00000000,	0.00000000,	1,	1,	1,	1,	1,	0,	'2015-11-13 17:04:29',	'2016-02-10 09:08:07'),
(59,	'558CD4C1D',	'',	'',	'',	'',	'',	'',	'',	1,	5,	'catalog/6.png',	0,	1,	90000,	0,	0,	'2015-11-13',	0.00000000,	1,	0.00000000,	0.00000000,	0.00000000,	1,	1,	1,	1,	1,	0,	'2015-11-13 17:07:12',	'2015-11-13 17:11:20'),
(60,	'38BEB2E1A',	'',	'',	'',	'',	'',	'',	'',	4,	5,	'catalog/8.png',	0,	1,	210000,	0,	0,	'2015-11-13',	0.00000000,	1,	0.00000000,	0.00000000,	0.00000000,	1,	1,	1,	1,	1,	0,	'2015-11-13 17:08:16',	'2015-11-13 17:10:50'),
(53,	'C64B5B63E',	'',	'',	'',	'',	'',	'',	'',	4,	5,	'catalog/2.png',	13,	1,	87000,	0,	0,	'2015-11-13',	0.00000000,	1,	0.00000000,	0.00000000,	0.00000000,	1,	1,	1,	1,	1,	6,	'2015-11-13 16:51:36',	'2015-11-13 17:11:03'),
(84,	'A47C337A9',	'',	'',	'',	'',	'',	'',	'',	1,	5,	'catalog/logo.png',	0,	1,	400000,	0,	0,	'2016-02-10',	0.00000000,	1,	0.00000000,	0.00000000,	0.00000000,	1,	1,	1,	1,	1,	0,	'2016-02-10 08:28:17',	'2016-02-10 09:02:38'),
(85,	'19716E57A',	'',	'',	'',	'',	'',	'',	'',	1,	5,	'catalog/ranger blue.png',	0,	1,	10000,	0,	0,	'2016-02-10',	0.00000000,	1,	0.00000000,	0.00000000,	0.00000000,	1,	1,	1,	1,	1,	0,	'2016-02-10 09:00:35',	'2016-02-10 09:01:16'),
(81,	'A6BCED37A',	'',	'',	'',	'',	'',	'',	'',	4,	5,	'catalog/ranger red.png',	14,	1,	30000,	0,	0,	'2015-11-16',	0.00000000,	1,	0.00000000,	0.00000000,	0.00000000,	1,	1,	1,	1,	0,	0,	'2016-02-10 01:27:17',	'0000-00-00 00:00:00'),
(69,	'10F3558B6',	'',	'',	'',	'',	'',	'',	'',	3,	5,	'catalog/7.png',	13,	1,	90000,	0,	0,	'2015-11-13',	0.00000000,	1,	0.00000000,	0.00000000,	0.00000000,	1,	1,	1,	1,	0,	0,	'2016-02-10 01:18:08',	'2016-02-10 09:06:29'),
(78,	'8E8191D06',	'',	'',	'',	'',	'',	'',	'',	5,	5,	'catalog/4.png',	13,	1,	80000,	0,	0,	'2015-11-13',	0.00000000,	1,	0.00000000,	0.00000000,	0.00000000,	1,	1,	1,	1,	0,	0,	'2016-02-10 01:25:20',	'0000-00-00 00:00:00');

DROP TABLE IF EXISTS `tk_product_attribute`;
CREATE TABLE `tk_product_attribute` (
  `product_id` int(11) NOT NULL,
  `attribute_id` int(11) NOT NULL,
  `language_id` int(11) NOT NULL,
  `text` text NOT NULL,
  PRIMARY KEY (`product_id`,`attribute_id`,`language_id`)
) ENGINE=MyISAM DEFAULT CHARSET=utf8;


DROP TABLE IF EXISTS `tk_product_description`;
CREATE TABLE `tk_product_description` (
  `product_id` int(11) NOT NULL,
  `language_id` int(11) NOT NULL,
  `name` varchar(255) NOT NULL,
  `description` text NOT NULL,
  `tag` text NOT NULL,
  `meta_title` varchar(255) NOT NULL,
  `meta_description` varchar(255) NOT NULL,
  `meta_keyword` varchar(255) NOT NULL,
  PRIMARY KEY (`product_id`,`language_id`),
  KEY `name` (`name`)
) ENGINE=MyISAM DEFAULT CHARSET=utf8;

INSERT INTO `tk_product_description` (`product_id`, `language_id`, `name`, `description`, `tag`, `meta_title`, `meta_description`, `meta_keyword`) VALUES
(60,	3,	'Ferrari Red',	'&lt;p&gt;&lt;span style=&quot;line-height: 17.1428px;&quot;&gt;Toys cars Hot Wheels Standart Strong And Best Toys&lt;/span&gt;&lt;br&gt;&lt;/p&gt;',	'',	'Ferrari Red',	'',	''),
(58,	3,	'Jeep Man',	'&lt;p&gt;&lt;span style=&quot;line-height: 17.1428px;&quot;&gt;Toys cars Hot Wheels Standart Strong And Best Toys&lt;/span&gt;&lt;br&gt;&lt;/p&gt;',	'',	'Jeep Man',	'',	''),
(58,	2,	'Jeep Man',	'&lt;p&gt;&lt;span style=&quot;line-height: 17.1428px;&quot;&gt;Toys cars Hot Wheels Standart Strong And Best Toys&lt;/span&gt;&lt;br&gt;&lt;/p&gt;',	'',	'Jeep Man',	'',	''),
(59,	3,	'Jreef Cars',	'&lt;p&gt;&lt;span style=&quot;line-height: 17.1428px;&quot;&gt;Toys cars Hot Wheels Standart Strong And Best Toys&lt;/span&gt;&lt;br&gt;&lt;/p&gt;',	'',	'Jreef Cars',	'',	''),
(56,	3,	'Magnum Ci',	'&lt;p&gt;&lt;span style=&quot;line-height: 17.1428px;&quot;&gt;Toys cars Hot Wheels Standart Strong And Best Toys&lt;/span&gt;&lt;br&gt;&lt;/p&gt;',	'',	'Magnum Ci',	'',	''),
(85,	2,	'ahahah',	'&lt;p&gt;&lt;br&gt;&lt;/p&gt;',	'',	'ahahah',	'',	''),
(85,	3,	'ahahah',	'&lt;p&gt;&lt;br&gt;&lt;/p&gt;',	'',	'ahahah',	'',	''),
(57,	3,	'Police Robots',	'&lt;p&gt;&lt;span style=&quot;line-height: 17.1428px;&quot;&gt;Toys cars Hot Wheels Standart Strong And Best Toys&lt;/span&gt;&lt;br&gt;&lt;/p&gt;',	'',	'Police Robots',	'',	''),
(82,	2,	'test test',	'&lt;p&gt;des tes&lt;/p&gt;',	'',	'test test',	'',	''),
(82,	3,	'test test',	'&lt;p&gt;&lt;br&gt;&lt;/p&gt;',	'',	'test test',	'',	''),
(63,	2,	'Ranger Biru',	'&lt;p&gt;&lt;br&gt;&lt;/p&gt;',	'',	'Ranger Biru',	'',	''),
(63,	3,	'Ranger Biru',	'&lt;p&gt;&lt;br&gt;&lt;/p&gt;',	'',	'Ranger Biru',	'',	''),
(64,	3,	'Ranger Putih | Power Ranger',	'&lt;p&gt;&lt;br&gt;&lt;/p&gt;',	'',	'Ranger Putih | Power Ranger',	'',	''),
(64,	2,	'Ranger Putih | Power Ranger',	'&lt;p&gt;&lt;br&gt;&lt;/p&gt;',	'',	'Ranger Putih | Power Ranger',	'',	''),
(65,	2,	'Gun | Power Ranger',	'&lt;p&gt;&lt;br&gt;&lt;/p&gt;',	'',	'Gun | Power Ranger',	'',	''),
(65,	3,	'Gun | Power Ranger',	'&lt;p&gt;&lt;br&gt;&lt;/p&gt;',	'',	'Gun | Power Ranger',	'',	''),
(84,	3,	'asdas',	'&lt;p&gt;&lt;br&gt;&lt;/p&gt;',	'',	'asdas',	'',	''),
(84,	2,	'asdas',	'&lt;p&gt;&lt;br&gt;&lt;/p&gt;',	'',	'asdas',	'',	''),
(81,	2,	'Ranger Merah| Power Ranger',	'&lt;p&gt;&lt;br&gt;&lt;/p&gt;',	'',	'Ranger Merah| Power Ranger',	'',	''),
(81,	3,	'Ranger Merah| Power Ranger',	'&lt;p&gt;&lt;br&gt;&lt;/p&gt;',	'',	'Ranger Merah| Power Ranger',	'',	''),
(69,	2,	'Traft Fast',	'&lt;p&gt;&lt;span style=&quot;line-height: 17.1428px;&quot;&gt;Toys cars Hot Wheels Standart Strong And Best Toys&lt;/span&gt;&lt;br&gt;&lt;/p&gt;',	'',	'Traft Fast',	'',	''),
(69,	3,	'Traft Fast',	'&lt;p&gt;&lt;span style=&quot;line-height: 17.1428px;&quot;&gt;Toys cars Hot Wheels Standart Strong And Best Toys&lt;/span&gt;&lt;br&gt;&lt;/p&gt;',	'',	'Traft Fast',	'',	''),
(78,	2,	'Coaxcial Bit',	'&lt;p&gt;Toys cars Hot Wheels Standart Strong And Best Toys&lt;/p&gt;',	'oke,aufa,hebat,suka,bekerja',	'Coaxcial Bit',	'',	''),
(78,	3,	'Coaxcial Bit',	'&lt;p&gt;&lt;span style=&quot;line-height: 17.1428px;&quot;&gt;Toys cars Hot Wheels Standart Strong And Best Toys&lt;/span&gt;&lt;br&gt;&lt;/p&gt;',	'',	'Coaxcial Bit',	'',	''),
(53,	3,	'Grand Auto Hot Wheels',	'&lt;p&gt;&lt;span style=&quot;line-height: 17.1428px;&quot;&gt;Toys cars Hot Wheels Standart Strong And Best Toys&lt;/span&gt;&lt;br&gt;&lt;/p&gt;',	'',	'Grand Auto Hot Wheels',	'',	''),
(53,	2,	'Grand Auto Hot Wheels',	'&lt;p&gt;&lt;span style=&quot;line-height: 17.1428px;&quot;&gt;Toys cars Hot Wheels Standart Strong And Best Toys&lt;/span&gt;&lt;br&gt;&lt;/p&gt;',	'',	'Grand Auto Hot Wheels',	'',	''),
(56,	2,	'Magnum Ci',	'&lt;p&gt;&lt;span style=&quot;line-height: 17.1428px;&quot;&gt;Toys cars Hot Wheels Standart Strong And Best Toys&lt;/span&gt;&lt;br&gt;&lt;/p&gt;',	'',	'Magnum Ci',	'',	''),
(57,	2,	'Police Robots',	'&lt;p&gt;&lt;span style=&quot;line-height: 17.1428px;&quot;&gt;Toys cars Hot Wheels Standart Strong And Best Toys&lt;/span&gt;&lt;br&gt;&lt;/p&gt;',	'',	'Police Robots',	'',	''),
(59,	2,	'Jreef Cars',	'&lt;p&gt;&lt;span style=&quot;line-height: 17.1428px;&quot;&gt;Toys cars Hot Wheels Standart Strong And Best Toys&lt;/span&gt;&lt;br&gt;&lt;/p&gt;',	'',	'Jreef Cars',	'',	''),
(60,	2,	'Ferrari Red',	'&lt;p&gt;&lt;span style=&quot;line-height: 17.1428px;&quot;&gt;Toys cars Hot Wheels Standart Strong And Best Toys&lt;/span&gt;&lt;br&gt;&lt;/p&gt;',	'',	'Ferrari Red',	'',	'');

DROP TABLE IF EXISTS `tk_product_discount`;
CREATE TABLE `tk_product_discount` (
  `product_discount_id` int(11) NOT NULL AUTO_INCREMENT,
  `product_id` int(11) NOT NULL,
  `customer_group_id` int(11) NOT NULL,
  `quantity` int(4) NOT NULL DEFAULT '0',
  `priority` int(5) NOT NULL DEFAULT '1',
  `price` int(11) NOT NULL COMMENT 'this is prsentase',
  `date_start` date NOT NULL DEFAULT '0000-00-00',
  `date_end` date NOT NULL DEFAULT '0000-00-00',
  PRIMARY KEY (`product_discount_id`),
  KEY `product_id` (`product_id`)
) ENGINE=MyISAM DEFAULT CHARSET=utf8;


DROP TABLE IF EXISTS `tk_product_filter`;
CREATE TABLE `tk_product_filter` (
  `product_id` int(11) NOT NULL,
  `filter_id` int(11) NOT NULL,
  PRIMARY KEY (`product_id`,`filter_id`)
) ENGINE=MyISAM DEFAULT CHARSET=utf8;


DROP TABLE IF EXISTS `tk_product_image`;
CREATE TABLE `tk_product_image` (
  `product_image_id` int(11) NOT NULL AUTO_INCREMENT,
  `product_id` int(11) NOT NULL,
  `image` varchar(255) DEFAULT NULL,
  `sort_order` int(3) NOT NULL DEFAULT '0',
  PRIMARY KEY (`product_image_id`),
  KEY `product_id` (`product_id`)
) ENGINE=MyISAM DEFAULT CHARSET=utf8;

INSERT INTO `tk_product_image` (`product_image_id`, `product_id`, `image`, `sort_order`) VALUES
(2457,	78,	'catalog/7.png',	0),
(2458,	78,	'catalog/1.png',	0),
(2486,	84,	'catalog/4.png',	0),
(2477,	82,	'catalog/big2.jpg',	1),
(2478,	82,	'catalog/ranger red.png',	2);

DROP TABLE IF EXISTS `tk_product_option`;
CREATE TABLE `tk_product_option` (
  `product_option_id` int(11) NOT NULL AUTO_INCREMENT,
  `product_id` int(11) NOT NULL,
  `option_id` int(11) NOT NULL,
  `value` text NOT NULL,
  `required` tinyint(1) NOT NULL,
  PRIMARY KEY (`product_option_id`)
) ENGINE=MyISAM DEFAULT CHARSET=utf8;


DROP TABLE IF EXISTS `tk_product_option_value`;
CREATE TABLE `tk_product_option_value` (
  `product_option_value_id` int(11) NOT NULL AUTO_INCREMENT,
  `product_option_id` int(11) NOT NULL,
  `product_id` int(11) NOT NULL,
  `option_id` int(11) NOT NULL,
  `option_value_id` int(11) NOT NULL,
  `quantity` int(3) NOT NULL,
  `subtract` tinyint(1) NOT NULL,
  `price` decimal(15,4) NOT NULL,
  `price_prefix` varchar(1) NOT NULL,
  `points` int(8) NOT NULL,
  `points_prefix` varchar(1) NOT NULL,
  `weight` decimal(15,8) NOT NULL,
  `weight_prefix` varchar(1) NOT NULL,
  PRIMARY KEY (`product_option_value_id`)
) ENGINE=MyISAM DEFAULT CHARSET=utf8;


DROP TABLE IF EXISTS `tk_product_recurring`;
CREATE TABLE `tk_product_recurring` (
  `product_id` int(11) NOT NULL,
  `recurring_id` int(11) NOT NULL,
  `customer_group_id` int(11) NOT NULL,
  PRIMARY KEY (`product_id`,`recurring_id`,`customer_group_id`)
) ENGINE=MyISAM DEFAULT CHARSET=utf8;


DROP TABLE IF EXISTS `tk_product_related`;
CREATE TABLE `tk_product_related` (
  `product_id` int(11) NOT NULL,
  `related_id` int(11) NOT NULL,
  PRIMARY KEY (`product_id`,`related_id`)
) ENGINE=MyISAM DEFAULT CHARSET=utf8;

INSERT INTO `tk_product_related` (`product_id`, `related_id`) VALUES
(53,	56),
(53,	57),
(53,	58),
(53,	60),
(53,	69),
(53,	78),
(53,	82),
(56,	53),
(56,	57),
(56,	58),
(56,	59),
(56,	69),
(56,	78),
(57,	53),
(57,	56),
(57,	58),
(57,	59),
(57,	69),
(57,	78),
(58,	53),
(58,	56),
(58,	57),
(58,	59),
(58,	60),
(58,	69),
(59,	56),
(59,	57),
(59,	58),
(59,	60),
(59,	78),
(60,	53),
(60,	58),
(60,	59),
(60,	78),
(60,	82),
(63,	64),
(63,	65),
(63,	81),
(64,	63),
(64,	64),
(64,	65),
(64,	81),
(65,	63),
(65,	64),
(65,	65),
(65,	81),
(65,	82),
(69,	53),
(69,	56),
(69,	57),
(69,	58),
(69,	78),
(78,	53),
(78,	56),
(78,	57),
(78,	59),
(78,	60),
(78,	69),
(81,	63),
(81,	64),
(81,	65),
(82,	53),
(82,	60),
(82,	65);

DROP TABLE IF EXISTS `tk_product_reward`;
CREATE TABLE `tk_product_reward` (
  `product_reward_id` int(11) NOT NULL AUTO_INCREMENT,
  `product_id` int(11) NOT NULL DEFAULT '0',
  `customer_group_id` int(11) NOT NULL DEFAULT '0',
  `points` int(8) NOT NULL DEFAULT '0',
  PRIMARY KEY (`product_reward_id`)
) ENGINE=MyISAM DEFAULT CHARSET=utf8;


DROP TABLE IF EXISTS `tk_product_special`;
CREATE TABLE `tk_product_special` (
  `product_special_id` int(11) NOT NULL AUTO_INCREMENT,
  `product_id` int(11) NOT NULL,
  `customer_group_id` int(11) NOT NULL,
  `priority` int(5) NOT NULL DEFAULT '1',
  `price` float DEFAULT NULL,
  `date_start` date NOT NULL DEFAULT '0000-00-00',
  `date_end` date NOT NULL DEFAULT '0000-00-00',
  PRIMARY KEY (`product_special_id`),
  KEY `product_id` (`product_id`)
) ENGINE=MyISAM DEFAULT CHARSET=utf8;

INSERT INTO `tk_product_special` (`product_special_id`, `product_id`, `customer_group_id`, `priority`, `price`, `date_start`, `date_end`) VALUES
(511,	65,	1,	0,	3400,	'2016-02-10',	'2016-02-11'),
(509,	58,	1,	0,	104500,	'2016-02-10',	'2016-02-19'),
(508,	63,	1,	0,	40500,	'2016-02-10',	'2016-02-19'),
(506,	69,	1,	0,	85500,	'2016-02-10',	'2016-02-27'),
(498,	82,	1,	0,	19600,	'2016-02-09',	'2016-02-27'),
(503,	85,	1,	0,	9500,	'0000-00-00',	'0000-00-00'),
(504,	84,	1,	0,	380000,	'2016-02-08',	'2016-02-09'),
(474,	78,	1,	0,	0,	'2015-12-30',	'2016-01-09'),
(475,	78,	0,	0,	64000,	'0000-00-00',	'0000-00-00');

DROP TABLE IF EXISTS `tk_product_to_category`;
CREATE TABLE `tk_product_to_category` (
  `product_id` int(11) NOT NULL,
  `category_id` int(11) NOT NULL,
  PRIMARY KEY (`product_id`,`category_id`),
  KEY `category_id` (`category_id`)
) ENGINE=MyISAM DEFAULT CHARSET=utf8;

INSERT INTO `tk_product_to_category` (`product_id`, `category_id`) VALUES
(53,	61),
(56,	61),
(57,	61),
(58,	61),
(59,	61),
(60,	61),
(63,	64),
(64,	64),
(65,	64),
(69,	61),
(78,	61),
(81,	64),
(82,	61),
(82,	64);

DROP TABLE IF EXISTS `tk_product_to_download`;
CREATE TABLE `tk_product_to_download` (
  `product_id` int(11) NOT NULL,
  `download_id` int(11) NOT NULL,
  PRIMARY KEY (`product_id`,`download_id`)
) ENGINE=MyISAM DEFAULT CHARSET=utf8;


DROP TABLE IF EXISTS `tk_product_to_layout`;
CREATE TABLE `tk_product_to_layout` (
  `product_id` int(11) NOT NULL,
  `store_id` int(11) NOT NULL,
  `layout_id` int(11) NOT NULL,
  PRIMARY KEY (`product_id`,`store_id`)
) ENGINE=MyISAM DEFAULT CHARSET=utf8;

INSERT INTO `tk_product_to_layout` (`product_id`, `store_id`, `layout_id`) VALUES
(85,	0,	0),
(58,	0,	0),
(59,	0,	0),
(57,	0,	0),
(53,	0,	0),
(56,	0,	0),
(84,	0,	0),
(60,	0,	0),
(82,	0,	0),
(63,	0,	0),
(64,	0,	0),
(65,	0,	0),
(81,	0,	0),
(69,	0,	0),
(78,	0,	0);

DROP TABLE IF EXISTS `tk_product_to_store`;
CREATE TABLE `tk_product_to_store` (
  `product_id` int(11) NOT NULL,
  `store_id` int(11) NOT NULL DEFAULT '0',
  PRIMARY KEY (`product_id`,`store_id`)
) ENGINE=MyISAM DEFAULT CHARSET=utf8;

INSERT INTO `tk_product_to_store` (`product_id`, `store_id`) VALUES
(53,	0),
(56,	0),
(57,	0),
(58,	0),
(59,	0),
(60,	0),
(63,	0),
(64,	0),
(65,	0),
(69,	0),
(78,	0),
(81,	0),
(82,	0),
(84,	0),
(85,	0);

DROP TABLE IF EXISTS `tk_recurring`;
CREATE TABLE `tk_recurring` (
  `recurring_id` int(11) NOT NULL AUTO_INCREMENT,
  `price` decimal(10,4) NOT NULL,
  `frequency` enum('day','week','semi_month','month','year') NOT NULL,
  `duration` int(10) unsigned NOT NULL,
  `cycle` int(10) unsigned NOT NULL,
  `trial_status` tinyint(4) NOT NULL,
  `trial_price` decimal(10,4) NOT NULL,
  `trial_frequency` enum('day','week','semi_month','month','year') NOT NULL,
  `trial_duration` int(10) unsigned NOT NULL,
  `trial_cycle` int(10) unsigned NOT NULL,
  `status` tinyint(4) NOT NULL,
  `sort_order` int(11) NOT NULL,
  PRIMARY KEY (`recurring_id`)
) ENGINE=MyISAM DEFAULT CHARSET=utf8;


DROP TABLE IF EXISTS `tk_recurring_description`;
CREATE TABLE `tk_recurring_description` (
  `recurring_id` int(11) NOT NULL,
  `language_id` int(11) NOT NULL,
  `name` varchar(255) NOT NULL,
  PRIMARY KEY (`recurring_id`,`language_id`)
) ENGINE=MyISAM DEFAULT CHARSET=utf8;


DROP TABLE IF EXISTS `tk_return`;
CREATE TABLE `tk_return` (
  `return_id` int(11) NOT NULL AUTO_INCREMENT,
  `order_id` int(11) NOT NULL,
  `product_id` int(11) NOT NULL,
  `customer_id` int(11) NOT NULL,
  `firstname` varchar(32) NOT NULL,
  `lastname` varchar(32) NOT NULL,
  `email` varchar(96) NOT NULL,
  `telephone` varchar(32) NOT NULL,
  `product` varchar(255) NOT NULL,
  `model` varchar(64) NOT NULL,
  `quantity` int(4) NOT NULL,
  `opened` tinyint(1) NOT NULL,
  `return_reason_id` int(11) NOT NULL,
  `return_action_id` int(11) NOT NULL,
  `return_status_id` int(11) NOT NULL,
  `comment` text,
  `date_ordered` date NOT NULL DEFAULT '0000-00-00',
  `date_added` datetime NOT NULL,
  `date_modified` datetime NOT NULL,
  PRIMARY KEY (`return_id`)
) ENGINE=MyISAM DEFAULT CHARSET=utf8;

INSERT INTO `tk_return` (`return_id`, `order_id`, `product_id`, `customer_id`, `firstname`, `lastname`, `email`, `telephone`, `product`, `model`, `quantity`, `opened`, `return_reason_id`, `return_action_id`, `return_status_id`, `comment`, `date_ordered`, `date_added`, `date_modified`) VALUES
(1,	1,	0,	1,	'Aufa ',	'Mutawakkil',	'aufamutawakkil@gmail.com',	'085732419681',	'iPhone',	'product 11',	1,	0,	1,	0,	2,	'rusak',	'2015-10-23',	'2015-10-23 22:09:42',	'2015-10-24 15:55:40');

DROP TABLE IF EXISTS `tk_return_action`;
CREATE TABLE `tk_return_action` (
  `return_action_id` int(11) NOT NULL AUTO_INCREMENT,
  `language_id` int(11) NOT NULL DEFAULT '0',
  `name` varchar(64) NOT NULL,
  PRIMARY KEY (`return_action_id`,`language_id`)
) ENGINE=MyISAM DEFAULT CHARSET=utf8;

INSERT INTO `tk_return_action` (`return_action_id`, `language_id`, `name`) VALUES
(1,	1,	'Refunded'),
(2,	1,	'Credit Issued'),
(3,	1,	'Replacement Sent'),
(1,	2,	'Refunded'),
(2,	2,	'Credit Issued'),
(3,	2,	'Replacement Sent');

DROP TABLE IF EXISTS `tk_return_history`;
CREATE TABLE `tk_return_history` (
  `return_history_id` int(11) NOT NULL AUTO_INCREMENT,
  `return_id` int(11) NOT NULL,
  `return_status_id` int(11) NOT NULL,
  `notify` tinyint(1) NOT NULL,
  `comment` text NOT NULL,
  `date_added` datetime NOT NULL,
  PRIMARY KEY (`return_history_id`)
) ENGINE=MyISAM DEFAULT CHARSET=utf8;

INSERT INTO `tk_return_history` (`return_history_id`, `return_id`, `return_status_id`, `notify`, `comment`, `date_added`) VALUES
(1,	1,	2,	1,	'Harap menggu untuk 3 hari, pengembalian anda akan segera kami proses',	'2015-10-24 15:55:40');

DROP TABLE IF EXISTS `tk_return_reason`;
CREATE TABLE `tk_return_reason` (
  `return_reason_id` int(11) NOT NULL AUTO_INCREMENT,
  `language_id` int(11) NOT NULL DEFAULT '0',
  `name` varchar(128) NOT NULL,
  PRIMARY KEY (`return_reason_id`,`language_id`)
) ENGINE=MyISAM DEFAULT CHARSET=utf8;

INSERT INTO `tk_return_reason` (`return_reason_id`, `language_id`, `name`) VALUES
(1,	1,	'Dead On Arrival'),
(2,	1,	'Received Wrong Item'),
(3,	1,	'Order Error'),
(4,	1,	'Faulty, please supply details'),
(5,	1,	'Other, please supply details'),
(1,	2,	'Dead On Arrival'),
(2,	2,	'Received Wrong Item'),
(3,	2,	'Order Error'),
(4,	2,	'Faulty, please supply details'),
(5,	2,	'Other, please supply details');

DROP TABLE IF EXISTS `tk_return_status`;
CREATE TABLE `tk_return_status` (
  `return_status_id` int(11) NOT NULL AUTO_INCREMENT,
  `language_id` int(11) NOT NULL DEFAULT '0',
  `name` varchar(32) NOT NULL,
  PRIMARY KEY (`return_status_id`,`language_id`)
) ENGINE=MyISAM DEFAULT CHARSET=utf8;

INSERT INTO `tk_return_status` (`return_status_id`, `language_id`, `name`) VALUES
(1,	2,	'Tertunda'),
(3,	2,	'Selesai'),
(2,	2,	'Menunggu'),
(1,	1,	'Pending'),
(3,	1,	'Complete'),
(2,	1,	'Awaiting Products');

DROP TABLE IF EXISTS `tk_review`;
CREATE TABLE `tk_review` (
  `review_id` int(11) NOT NULL AUTO_INCREMENT,
  `product_id` int(11) NOT NULL,
  `customer_id` int(11) NOT NULL,
  `author` varchar(64) NOT NULL,
  `text` text NOT NULL,
  `rating` int(1) NOT NULL,
  `status` tinyint(1) NOT NULL DEFAULT '0',
  `date_added` datetime NOT NULL,
  `date_modified` datetime NOT NULL,
  PRIMARY KEY (`review_id`),
  KEY `product_id` (`product_id`)
) ENGINE=MyISAM DEFAULT CHARSET=utf8;

INSERT INTO `tk_review` (`review_id`, `product_id`, `customer_id`, `author`, `text`, `rating`, `status`, `date_added`, `date_modified`) VALUES
(4,	53,	0,	'Aufa',	' ini review saya ini review saya ini review saya ini review saya ini review saya ini review saya ini review saya ini review saya ini review saya ini review saya ini review saya ini review saya ',	3,	1,	'2016-02-18 05:53:39',	'2016-02-18 05:54:07');

DROP TABLE IF EXISTS `tk_setting`;
CREATE TABLE `tk_setting` (
  `setting_id` int(11) NOT NULL AUTO_INCREMENT,
  `store_id` int(11) NOT NULL DEFAULT '0',
  `code` varchar(32) NOT NULL,
  `key` varchar(64) NOT NULL,
  `value` text NOT NULL,
  `serialized` tinyint(1) NOT NULL,
  PRIMARY KEY (`setting_id`)
) ENGINE=MyISAM DEFAULT CHARSET=utf8;

INSERT INTO `tk_setting` (`setting_id`, `store_id`, `code`, `key`, `value`, `serialized`) VALUES
(1,	0,	'shipping',	'shipping_sort_order',	'3',	0),
(2,	0,	'sub_total',	'sub_total_sort_order',	'1',	0),
(3,	0,	'sub_total',	'sub_total_status',	'1',	0),
(4,	0,	'tax',	'tax_status',	'1',	0),
(5,	0,	'total',	'total_sort_order',	'9',	0),
(6,	0,	'total',	'total_status',	'1',	0),
(7,	0,	'tax',	'tax_sort_order',	'5',	0),
(8,	0,	'free_checkout',	'free_checkout_sort_order',	'1',	0),
(9,	0,	'cod',	'cod_sort_order',	'5',	0),
(10,	0,	'cod',	'cod_total',	'0.01',	0),
(11,	0,	'cod',	'cod_order_status_id',	'1',	0),
(12,	0,	'cod',	'cod_geo_zone_id',	'0',	0),
(13,	0,	'cod',	'cod_status',	'1',	0),
(14,	0,	'shipping',	'shipping_status',	'1',	0),
(15,	0,	'shipping',	'shipping_estimator',	'1',	0),
(27,	0,	'coupon',	'coupon_sort_order',	'4',	0),
(28,	0,	'coupon',	'coupon_status',	'1',	0),
(2468,	0,	'flat',	'flat_sort_order',	'1',	0),
(2467,	0,	'flat',	'flat_status',	'1',	0),
(2466,	0,	'flat',	'flat_geo_zone_id',	'0',	0),
(2465,	0,	'flat',	'flat_tax_class_id',	'9',	0),
(2464,	0,	'flat',	'flat_cost',	'25000',	0),
(42,	0,	'credit',	'credit_sort_order',	'7',	0),
(43,	0,	'credit',	'credit_status',	'1',	0),
(53,	0,	'reward',	'reward_sort_order',	'2',	0),
(54,	0,	'reward',	'reward_status',	'1',	0),
(158,	0,	'account',	'account_status',	'1',	0),
(159,	0,	'affiliate',	'affiliate_status',	'1',	0),
(4168,	0,	'config',	'config_meta_keyword',	'',	0),
(1206,	0,	'themegloballite_skin',	'themegloballite_skin',	'tglite_default',	0),
(4160,	0,	'config',	'config_file_max_size',	'300000',	0),
(4161,	0,	'config',	'config_file_ext_allowed',	'zip\r\ntxt\r\npng\r\njpe\r\njpeg\r\njpg\r\ngif\r\nbmp\r\nico\r\ntiff\r\ntif\r\nsvg\r\nsvgz\r\nzip\r\nrar\r\nmsi\r\ncab\r\nmp3\r\nqt\r\nmov\r\npdf\r\npsd\r\nai\r\neps\r\nps\r\ndoc',	0),
(4165,	0,	'config',	'config_error_filename',	'error.log',	0),
(4166,	0,	'config',	'config_meta_title',	'Toys Kingdom',	0),
(4167,	0,	'config',	'config_meta_description',	'Jual Beli Mainan Berkualitas dengan harga Bersahabat',	0),
(4163,	0,	'config',	'config_error_display',	'1',	0),
(4164,	0,	'config',	'config_error_log',	'1',	0),
(4155,	0,	'config',	'config_compression',	'0',	0),
(4156,	0,	'config',	'config_secure',	'0',	0),
(4157,	0,	'config',	'config_password',	'1',	0),
(4158,	0,	'config',	'config_shared',	'0',	0),
(4159,	0,	'config',	'config_encryption',	'CcXvZlCxxRjC0FLbMQTMZDNpOfsToJ8WyVrOPqNFoGNltId8DHmGpUO1gkCbVhOKX9g0txN5SFLK17bZiRbXwipl5y9Hv6W2ePmLxUgfK3DGwjEcggmeNesjvs4jniNCMLk5thMzcEW9iCTQoqDeyQMKSimOm9ZTBpLQRSoBCB20uSsbmb9w8YAem4eSbkuUtKUklDQqQiGEm4KP2ZYkZg9E3ZQ5nvu1Q9KJzGgRvJJIG7u1XAi0vo0A3Xd7Cf5VY7V6fcACtgKxnr3R7oRlRj029pladC5x5fPrAjkfoavY7pYhsaV3hCrS5caTfpMUPc9Y4hmLEP0oooQKarpSBCs0maZ2SG4AsiWSHDyU2VcVb8b7h4oDygnVIwInAlkTEVgDUhzUZIgcJGncw1COTLYmY81BCYdOXQKoVWw8Vq95oOZLEzWxKM2L37VqMTwyMb8qWRWXC6vWvT43vWILz04KHefLUgyMvYUdtSOSMUQMFlJYdqqdAwegB0ufqImcXcZVxDp1jasf2YXhtNhVRzXeDtsjQqZqtsEgkUHmKhR1CcOpFFatfCcvWEDKj6o5C23DtyHHypkWf4aI0qKEoKJQYBMrPMmg4SlCtTDsHwsQBVS3hgVT1jwyrjbCj0UUlmbguVn8hboYtmB0t5AmVhIwt2mIHq4rQpDBWz8iJQy5oq3VMhC7eLh97MS4PupfL9BiJpT6JGzhB83rCldNbpRQLg8lThhE0nr2LBJReJMGGuZfpVh6fqYwEDNMDNpUNH7WHfwqbuETY0gJpB0gQjmfmUQvC4RSubiAdwgjpse8nSdksoA2GmqeBvDwycXoQjrHkGuhYaQEaGD9c6Rim0WIhsLxKHICQM07ngQzyMGgKORuIrEkEk2xzl1eeXqxjPrn1n2fCYyKVSQA7WbdG4VHyh0tVnukGSSEbVYgMF49cXp6P6hhO0RRUWQ2RcLFWyo2ky0HQxdIxLzY1MAYdQ8MYI2Bc1WO4vv176s4hPjm7SZJdBnpwE4Hw64M2yE8',	0),
(94,	0,	'voucher',	'voucher_sort_order',	'8',	0),
(95,	0,	'voucher',	'voucher_status',	'1',	0),
(4162,	0,	'config',	'config_file_mime_allowed',	'text/plain\r\nimage/png\r\nimage/jpeg\r\nimage/gif\r\nimage/bmp\r\nimage/tiff\r\nimage/svg+xml\r\napplication/zip\r\n&quot;application/zip&quot;\r\napplication/x-zip\r\n&quot;application/x-zip&quot;\r\napplication/x-zip-compressed\r\n&quot;application/x-zip-compressed&quot;\r\napplication/rar\r\n&quot;application/rar&quot;\r\napplication/x-rar\r\n&quot;application/x-rar&quot;\r\napplication/x-rar-compressed\r\n&quot;application/x-rar-compressed&quot;\r\napplication/octet-stream\r\n&quot;application/octet-stream&quot;\r\naudio/mpeg\r\nvideo/quicktime\r\napplication/pdf',	0),
(103,	0,	'free_checkout',	'free_checkout_status',	'1',	0),
(104,	0,	'free_checkout',	'free_checkout_order_status_id',	'1',	0),
(4150,	0,	'config',	'config_mail_smtp_timeout',	'5',	0),
(4151,	0,	'config',	'config_mail_alert',	'',	0),
(4152,	0,	'config',	'config_maintenance',	'0',	0),
(4153,	0,	'config',	'config_seo_url',	'0',	0),
(4154,	0,	'config',	'config_robots',	'abot\r\ndbot\r\nebot\r\nhbot\r\nkbot\r\nlbot\r\nmbot\r\nnbot\r\nobot\r\npbot\r\nrbot\r\nsbot\r\ntbot\r\nvbot\r\nybot\r\nzbot\r\nbot.\r\nbot/\r\n_bot\r\n.bot\r\n/bot\r\n-bot\r\n:bot\r\n(bot\r\ncrawl\r\nslurp\r\nspider\r\nseek\r\naccoona\r\nacoon\r\nadressendeutschland\r\nah-ha.com\r\nahoy\r\naltavista\r\nananzi\r\nanthill\r\nappie\r\narachnophilia\r\narale\r\naraneo\r\naranha\r\narchitext\r\naretha\r\narks\r\nasterias\r\natlocal\r\natn\r\natomz\r\naugurfind\r\nbackrub\r\nbannana_bot\r\nbaypup\r\nbdfetch\r\nbig brother\r\nbiglotron\r\nbjaaland\r\nblackwidow\r\nblaiz\r\nblog\r\nblo.\r\nbloodhound\r\nboitho\r\nbooch\r\nbradley\r\nbutterfly\r\ncalif\r\ncassandra\r\nccubee\r\ncfetch\r\ncharlotte\r\nchurl\r\ncienciaficcion\r\ncmc\r\ncollective\r\ncomagent\r\ncombine\r\ncomputingsite\r\ncsci\r\ncurl\r\ncusco\r\ndaumoa\r\ndeepindex\r\ndelorie\r\ndepspid\r\ndeweb\r\ndie blinde kuh\r\ndigger\r\nditto\r\ndmoz\r\ndocomo\r\ndownload express\r\ndtaagent\r\ndwcp\r\nebiness\r\nebingbong\r\ne-collector\r\nejupiter\r\nemacs-w3 search engine\r\nesther\r\nevliya celebi\r\nezresult\r\nfalcon\r\nfelix ide\r\nferret\r\nfetchrover\r\nfido\r\nfindlinks\r\nfireball\r\nfish search\r\nfouineur\r\nfunnelweb\r\ngazz\r\ngcreep\r\ngenieknows\r\ngetterroboplus\r\ngeturl\r\nglx\r\ngoforit\r\ngolem\r\ngrabber\r\ngrapnel\r\ngralon\r\ngriffon\r\ngromit\r\ngrub\r\ngulliver\r\nhamahakki\r\nharvest\r\nhavindex\r\nhelix\r\nheritrix\r\nhku www octopus\r\nhomerweb\r\nhtdig\r\nhtml index\r\nhtml_analyzer\r\nhtmlgobble\r\nhubater\r\nhyper-decontextualizer\r\nia_archiver\r\nibm_planetwide\r\nichiro\r\niconsurf\r\niltrovatore\r\nimage.kapsi.net\r\nimagelock\r\nincywincy\r\nindexer\r\ninfobee\r\ninformant\r\ningrid\r\ninktomisearch.com\r\ninspector web\r\nintelliagent\r\ninternet shinchakubin\r\nip3000\r\niron33\r\nisraeli-search\r\nivia\r\njack\r\njakarta\r\njavabee\r\njetbot\r\njumpstation\r\nkatipo\r\nkdd-explorer\r\nkilroy\r\nknowledge\r\nkototoi\r\nkretrieve\r\nlabelgrabber\r\nlachesis\r\nlarbin\r\nlegs\r\nlibwww\r\nlinkalarm\r\nlink validator\r\nlinkscan\r\nlockon\r\nlwp\r\nlycos\r\nmagpie\r\nmantraagent\r\nmapoftheinternet\r\nmarvin/\r\nmattie\r\nmediafox\r\nmediapartners\r\nmercator\r\nmerzscope\r\nmicrosoft url control\r\nminirank\r\nmiva\r\nmj12\r\nmnogosearch\r\nmoget\r\nmonster\r\nmoose\r\nmotor\r\nmultitext\r\nmuncher\r\nmuscatferret\r\nmwd.search\r\nmyweb\r\nnajdi\r\nnameprotect\r\nnationaldirectory\r\nnazilla\r\nncsa beta\r\nnec-meshexplorer\r\nnederland.zoek\r\nnetcarta webmap engine\r\nnetmechanic\r\nnetresearchserver\r\nnetscoop\r\nnewscan-online\r\nnhse\r\nnokia6682/\r\nnomad\r\nnoyona\r\nnutch\r\nnzexplorer\r\nobjectssearch\r\noccam\r\nomni\r\nopen text\r\nopenfind\r\nopenintelligencedata\r\norb search\r\nosis-project\r\npack rat\r\npageboy\r\npagebull\r\npage_verifier\r\npanscient\r\nparasite\r\npartnersite\r\npatric\r\npear.\r\npegasus\r\nperegrinator\r\npgp key agent\r\nphantom\r\nphpdig\r\npicosearch\r\npiltdownman\r\npimptrain\r\npinpoint\r\npioneer\r\npiranha\r\nplumtreewebaccessor\r\npogodak\r\npoirot\r\npompos\r\npoppelsdorf\r\npoppi\r\npopular iconoclast\r\npsycheclone\r\npublisher\r\npython\r\nrambler\r\nraven search\r\nroach\r\nroad runner\r\nroadhouse\r\nrobbie\r\nrobofox\r\nrobozilla\r\nrules\r\nsalty\r\nsbider\r\nscooter\r\nscoutjet\r\nscrubby\r\nsearch.\r\nsearchprocess\r\nsemanticdiscovery\r\nsenrigan\r\nsg-scout\r\nshai\'hulud\r\nshark\r\nshopwiki\r\nsidewinder\r\nsift\r\nsilk\r\nsimmany\r\nsite searcher\r\nsite valet\r\nsitetech-rover\r\nskymob.com\r\nsleek\r\nsmartwit\r\nsna-\r\nsnappy\r\nsnooper\r\nsohu\r\nspeedfind\r\nsphere\r\nsphider\r\nspinner\r\nspyder\r\nsteeler/\r\nsuke\r\nsuntek\r\nsupersnooper\r\nsurfnomore\r\nsven\r\nsygol\r\nszukacz\r\ntach black widow\r\ntarantula\r\ntempleton\r\n/teoma\r\nt-h-u-n-d-e-r-s-t-o-n-e\r\ntheophrastus\r\ntitan\r\ntitin\r\ntkwww\r\ntoutatis\r\nt-rex\r\ntutorgig\r\ntwiceler\r\ntwisted\r\nucsd\r\nudmsearch\r\nurl check\r\nupdated\r\nvagabondo\r\nvalkyrie\r\nverticrawl\r\nvictoria\r\nvision-search\r\nvolcano\r\nvoyager/\r\nvoyager-hc\r\nw3c_validator\r\nw3m2\r\nw3mir\r\nwalker\r\nwallpaper\r\nwanderer\r\nwauuu\r\nwavefire\r\nweb core\r\nweb hopper\r\nweb wombat\r\nwebbandit\r\nwebcatcher\r\nwebcopy\r\nwebfoot\r\nweblayers\r\nweblinker\r\nweblog monitor\r\nwebmirror\r\nwebmonkey\r\nwebquest\r\nwebreaper\r\nwebsitepulse\r\nwebsnarf\r\nwebstolperer\r\nwebvac\r\nwebwalk\r\nwebwatch\r\nwebwombat\r\nwebzinger\r\nwhizbang\r\nwhowhere\r\nwild ferret\r\nworldlight\r\nwwwc\r\nwwwster\r\nxenu\r\nxget\r\nxift\r\nxirq\r\nyandex\r\nyanga\r\nyeti\r\nyodao\r\nzao\r\nzippp\r\nzyborg',	0),
(4149,	0,	'config',	'config_mail_smtp_port',	'25',	0),
(4148,	0,	'config',	'config_mail_smtp_password',	'',	0),
(4147,	0,	'config',	'config_mail_smtp_username',	'',	0),
(4146,	0,	'config',	'config_mail_smtp_hostname',	'',	0),
(4145,	0,	'config',	'config_mail_parameter',	'',	0),
(4144,	0,	'config',	'config_mail_protocol',	'mail',	0),
(4143,	0,	'config',	'config_ftp_status',	'0',	0),
(4142,	0,	'config',	'config_ftp_root',	'',	0),
(4141,	0,	'config',	'config_ftp_password',	'',	0),
(4140,	0,	'config',	'config_ftp_username',	'',	0),
(4139,	0,	'config',	'config_ftp_port',	'21',	0),
(4137,	0,	'config',	'config_image_location_height',	'50',	0),
(4138,	0,	'config',	'config_ftp_hostname',	'localhost',	0),
(4136,	0,	'config',	'config_image_location_width',	'268',	0),
(4135,	0,	'config',	'config_image_cart_height',	'47',	0),
(4134,	0,	'config',	'config_image_cart_width',	'47',	0),
(4133,	0,	'config',	'config_image_wishlist_height',	'47',	0),
(4132,	0,	'config',	'config_image_wishlist_width',	'47',	0),
(4131,	0,	'config',	'config_image_compare_height',	'90',	0),
(4130,	0,	'config',	'config_image_compare_width',	'90',	0),
(4129,	0,	'config',	'config_image_related_height',	'200',	0),
(4128,	0,	'config',	'config_image_related_width',	'200',	0),
(4127,	0,	'config',	'config_image_additional_height',	'74',	0),
(4126,	0,	'config',	'config_image_additional_width',	'74',	0),
(4125,	0,	'config',	'config_image_product_height',	'200',	0),
(4124,	0,	'config',	'config_image_product_width',	'200',	0),
(4123,	0,	'config',	'config_image_popup_height',	'400',	0),
(4122,	0,	'config',	'config_image_popup_width',	'400',	0),
(4121,	0,	'config',	'config_image_thumb_height',	'200',	0),
(4120,	0,	'config',	'config_image_thumb_width',	'200',	0),
(4119,	0,	'config',	'config_image_category_height',	'200',	0),
(4118,	0,	'config',	'config_image_category_width',	'200',	0),
(4117,	0,	'config',	'config_icon',	'catalog/cart.png',	0),
(4116,	0,	'config',	'config_logo',	'catalog/logo.png',	0),
(4115,	0,	'config',	'config_captcha_page',	'[\"review\",\"return\",\"contact\"]',	1),
(4113,	0,	'config',	'config_return_status_id',	'2',	0),
(4114,	0,	'config',	'config_captcha',	'',	0),
(4112,	0,	'config',	'config_return_id',	'0',	0),
(4111,	0,	'config',	'config_affiliate_mail',	'0',	0),
(4110,	0,	'config',	'config_affiliate_id',	'0',	0),
(4109,	0,	'config',	'config_affiliate_commission',	'5',	0),
(4108,	0,	'config',	'config_affiliate_auto',	'0',	0),
(4107,	0,	'config',	'config_affiliate_approval',	'0',	0),
(4106,	0,	'config',	'config_stock_checkout',	'0',	0),
(4105,	0,	'config',	'config_stock_warning',	'0',	0),
(4104,	0,	'config',	'config_stock_display',	'0',	0),
(4103,	0,	'config',	'config_api_id',	'1',	0),
(4102,	0,	'config',	'config_order_mail',	'0',	0),
(4101,	0,	'config',	'config_fraud_status_id',	'15',	0),
(4100,	0,	'config',	'config_complete_status',	'[\"3\",\"5\"]',	1),
(4099,	0,	'config',	'config_processing_status',	'[\"3\",\"1\",\"2\",\"5\",\"12\"]',	1),
(4098,	0,	'config',	'config_order_status_id',	'1',	0),
(4096,	0,	'config',	'config_checkout_guest',	'1',	0),
(4097,	0,	'config',	'config_checkout_id',	'0',	0),
(4095,	0,	'config',	'config_cart_weight',	'1',	0),
(4094,	0,	'config',	'config_invoice_prefix',	'INV-2013-00',	0),
(4093,	0,	'config',	'config_account_mail',	'0',	0),
(4092,	0,	'config',	'config_account_id',	'0',	0),
(4091,	0,	'config',	'config_login_attempts',	'5',	0),
(4090,	0,	'config',	'config_customer_price',	'0',	0),
(4089,	0,	'config',	'config_customer_group_id',	'1',	0),
(4088,	0,	'config',	'config_customer_online',	'0',	0),
(4087,	0,	'config',	'config_tax_customer',	'shipping',	0),
(4086,	0,	'config',	'config_tax_default',	'shipping',	0),
(4085,	0,	'config',	'config_tax',	'0',	0),
(4084,	0,	'config',	'config_voucher_max',	'1000',	0),
(4083,	0,	'config',	'config_voucher_min',	'1',	0),
(4082,	0,	'config',	'config_review_mail',	'0',	0),
(4081,	0,	'config',	'config_review_guest',	'1',	0),
(4080,	0,	'config',	'config_review_status',	'1',	0),
(4078,	0,	'config',	'config_product_description_length',	'100',	0),
(4079,	0,	'config',	'config_limit_admin',	'20',	0),
(4076,	0,	'config',	'config_product_count',	'1',	0),
(4077,	0,	'config',	'config_product_limit',	'15',	0),
(4075,	0,	'config',	'config_weight_class_id',	'1',	0),
(4074,	0,	'config',	'config_length_class_id',	'1',	0),
(4073,	0,	'config',	'config_currency_auto',	'1',	0),
(4072,	0,	'config',	'config_currency',	'IDR',	0),
(4071,	0,	'config',	'config_admin_language',	'id',	0),
(4070,	0,	'config',	'config_language',	'id',	0),
(4069,	0,	'config',	'config_zone_id',	'1517',	0),
(4068,	0,	'config',	'config_country_id',	'100',	0),
(4067,	0,	'config',	'config_comment',	'',	0),
(4066,	0,	'config',	'config_open',	'',	0),
(4065,	0,	'config',	'config_fax',	'',	0),
(4064,	0,	'config',	'config_telephone',	'085732419681',	0),
(4063,	0,	'config',	'config_email',	'aufamutawakkil@gmail.com',	0),
(4062,	0,	'config',	'config_geocode',	'',	0),
(4061,	0,	'config',	'config_address',	'Address 1',	0),
(4060,	0,	'config',	'config_owner',	'Aufa Mutawakkil',	0),
(4059,	0,	'config',	'config_name',	'Toys Kingdom',	0),
(4058,	0,	'config',	'config_layout_id',	'11',	0),
(4057,	0,	'config',	'config_template',	'cool',	0);

DROP TABLE IF EXISTS `tk_stock_status`;
CREATE TABLE `tk_stock_status` (
  `stock_status_id` int(11) NOT NULL AUTO_INCREMENT,
  `language_id` int(11) NOT NULL,
  `name` varchar(32) NOT NULL,
  PRIMARY KEY (`stock_status_id`,`language_id`)
) ENGINE=MyISAM DEFAULT CHARSET=utf8;

INSERT INTO `tk_stock_status` (`stock_status_id`, `language_id`, `name`) VALUES
(7,	1,	'Stok Tersedia'),
(8,	1,	'Pre-Order'),
(5,	1,	'Stok Habis'),
(6,	1,	'2-3 Days'),
(7,	2,	'Stok Tersedia'),
(8,	2,	'Pre-Order'),
(5,	2,	'Stok Habis'),
(6,	2,	'2-3 Days');

DROP TABLE IF EXISTS `tk_store`;
CREATE TABLE `tk_store` (
  `store_id` int(11) NOT NULL AUTO_INCREMENT,
  `name` varchar(64) NOT NULL,
  `url` varchar(255) NOT NULL,
  `ssl` varchar(255) NOT NULL,
  PRIMARY KEY (`store_id`)
) ENGINE=MyISAM DEFAULT CHARSET=utf8;


DROP TABLE IF EXISTS `tk_tax_class`;
CREATE TABLE `tk_tax_class` (
  `tax_class_id` int(11) NOT NULL AUTO_INCREMENT,
  `title` varchar(32) NOT NULL,
  `description` varchar(255) NOT NULL,
  `date_added` datetime NOT NULL,
  `date_modified` datetime NOT NULL,
  PRIMARY KEY (`tax_class_id`)
) ENGINE=MyISAM DEFAULT CHARSET=utf8;

INSERT INTO `tk_tax_class` (`tax_class_id`, `title`, `description`, `date_added`, `date_modified`) VALUES
(9,	'Taxable Goods',	'Taxed goods',	'2009-01-06 23:21:53',	'2011-09-23 14:07:50'),
(10,	'Downloadable Products',	'Downloadable',	'2011-09-21 22:19:39',	'2011-09-22 10:27:36');

DROP TABLE IF EXISTS `tk_tax_rate`;
CREATE TABLE `tk_tax_rate` (
  `tax_rate_id` int(11) NOT NULL AUTO_INCREMENT,
  `geo_zone_id` int(11) NOT NULL DEFAULT '0',
  `name` varchar(32) NOT NULL,
  `rate` decimal(15,4) NOT NULL DEFAULT '0.0000',
  `type` char(1) NOT NULL,
  `date_added` datetime NOT NULL,
  `date_modified` datetime NOT NULL,
  PRIMARY KEY (`tax_rate_id`)
) ENGINE=MyISAM DEFAULT CHARSET=utf8;

INSERT INTO `tk_tax_rate` (`tax_rate_id`, `geo_zone_id`, `name`, `rate`, `type`, `date_added`, `date_modified`) VALUES
(86,	3,	'VAT (20%)',	20.0000,	'P',	'2011-03-09 21:17:10',	'2011-09-22 22:24:29'),
(87,	3,	'Eco Tax (-2.00)',	2.0000,	'F',	'2011-09-21 21:49:23',	'2011-09-23 00:40:19');

DROP TABLE IF EXISTS `tk_tax_rate_to_customer_group`;
CREATE TABLE `tk_tax_rate_to_customer_group` (
  `tax_rate_id` int(11) NOT NULL,
  `customer_group_id` int(11) NOT NULL,
  PRIMARY KEY (`tax_rate_id`,`customer_group_id`)
) ENGINE=MyISAM DEFAULT CHARSET=utf8;

INSERT INTO `tk_tax_rate_to_customer_group` (`tax_rate_id`, `customer_group_id`) VALUES
(86,	1),
(87,	1);

DROP TABLE IF EXISTS `tk_tax_rule`;
CREATE TABLE `tk_tax_rule` (
  `tax_rule_id` int(11) NOT NULL AUTO_INCREMENT,
  `tax_class_id` int(11) NOT NULL,
  `tax_rate_id` int(11) NOT NULL,
  `based` varchar(10) NOT NULL,
  `priority` int(5) NOT NULL DEFAULT '1',
  PRIMARY KEY (`tax_rule_id`)
) ENGINE=MyISAM DEFAULT CHARSET=utf8;

INSERT INTO `tk_tax_rule` (`tax_rule_id`, `tax_class_id`, `tax_rate_id`, `based`, `priority`) VALUES
(121,	10,	86,	'payment',	1),
(120,	10,	87,	'store',	0),
(128,	9,	86,	'shipping',	1),
(127,	9,	87,	'shipping',	2);

DROP TABLE IF EXISTS `tk_tg_tglite_revolution_slider`;
CREATE TABLE `tk_tg_tglite_revolution_slider` (
  `id` int(11) unsigned NOT NULL AUTO_INCREMENT,
  `name` text,
  `settings` text,
  `content` text,
  PRIMARY KEY (`id`)
) ENGINE=MyISAM DEFAULT CHARSET=utf8;


DROP TABLE IF EXISTS `tk_upload`;
CREATE TABLE `tk_upload` (
  `upload_id` int(11) NOT NULL AUTO_INCREMENT,
  `name` varchar(255) NOT NULL,
  `filename` varchar(255) NOT NULL,
  `code` varchar(255) NOT NULL,
  `date_added` datetime NOT NULL,
  PRIMARY KEY (`upload_id`)
) ENGINE=MyISAM DEFAULT CHARSET=utf8;


DROP TABLE IF EXISTS `tk_url_alias`;
CREATE TABLE `tk_url_alias` (
  `url_alias_id` int(11) NOT NULL AUTO_INCREMENT,
  `query` varchar(255) NOT NULL,
  `keyword` varchar(255) NOT NULL,
  PRIMARY KEY (`url_alias_id`),
  KEY `query` (`query`),
  KEY `keyword` (`keyword`)
) ENGINE=MyISAM DEFAULT CHARSET=utf8;

INSERT INTO `tk_url_alias` (`url_alias_id`, `query`, `keyword`) VALUES
(863,	'information_id=4',	'about_us'),
(902,	'product_id=78',	''),
(885,	'manufacturer_id=14',	''),
(905,	'product_id=81',	''),
(870,	'manufacturer_id=13',	'Brands Hot Wheels'),
(841,	'information_id=6',	'delivery'),
(842,	'information_id=3',	'privacy'),
(843,	'information_id=5',	'terms');

DROP TABLE IF EXISTS `tk_user`;
CREATE TABLE `tk_user` (
  `user_id` int(11) NOT NULL AUTO_INCREMENT,
  `user_group_id` int(11) NOT NULL,
  `username` varchar(20) NOT NULL,
  `password` varchar(40) NOT NULL,
  `salt` varchar(9) NOT NULL,
  `firstname` varchar(32) NOT NULL,
  `lastname` varchar(32) NOT NULL,
  `email` varchar(96) NOT NULL,
  `image` varchar(255) NOT NULL,
  `code` varchar(40) NOT NULL,
  `ip` varchar(40) NOT NULL,
  `status` tinyint(1) NOT NULL,
  `date_added` datetime NOT NULL,
  PRIMARY KEY (`user_id`)
) ENGINE=MyISAM DEFAULT CHARSET=utf8;

INSERT INTO `tk_user` (`user_id`, `user_group_id`, `username`, `password`, `salt`, `firstname`, `lastname`, `email`, `image`, `code`, `ip`, `status`, `date_added`) VALUES
(1,	1,	'admin',	'4ba26fa1b52553992ebab64486966d7d02d72309',	'8fhvG6VDn',	'Aufa',	'Mutawakkil',	'aufamutawakkil@gmail.com',	'',	'',	'::1',	1,	'2015-10-22 22:04:22');

DROP TABLE IF EXISTS `tk_user_group`;
CREATE TABLE `tk_user_group` (
  `user_group_id` int(11) NOT NULL AUTO_INCREMENT,
  `name` varchar(64) NOT NULL,
  `permission` text NOT NULL,
  PRIMARY KEY (`user_group_id`)
) ENGINE=MyISAM DEFAULT CHARSET=utf8;

INSERT INTO `tk_user_group` (`user_group_id`, `name`, `permission`) VALUES
(1,	'Administrator',	'{\"access\":[\"analytics\\/google_analytics\",\"captcha\\/basic_captcha\",\"captcha\\/google_captcha\",\"catalog\\/attribute\",\"catalog\\/attribute_group\",\"catalog\\/category\",\"catalog\\/download\",\"catalog\\/filter\",\"catalog\\/information\",\"catalog\\/manufacturer\",\"catalog\\/option\",\"catalog\\/product\",\"catalog\\/recurring\",\"catalog\\/review\",\"common\\/column_left\",\"common\\/filemanager\",\"common\\/menu\",\"common\\/profile\",\"common\\/stats\",\"customer\\/custom_field\",\"customer\\/customer\",\"customer\\/customer_group\",\"design\\/banner\",\"design\\/gridbanner\",\"design\\/layout\",\"extension\\/analytics\",\"extension\\/captcha\",\"extension\\/feed\",\"extension\\/fraud\",\"extension\\/installer\",\"extension\\/modification\",\"extension\\/module\",\"extension\\/openbay\",\"extension\\/payment\",\"extension\\/shipping\",\"extension\\/total\",\"feed\\/google_base\",\"feed\\/google_sitemap\",\"feed\\/openbaypro\",\"feed\\/storeya\",\"fraud\\/fraudlabspro\",\"fraud\\/ip\",\"fraud\\/maxmind\",\"localisation\\/country\",\"localisation\\/currency\",\"localisation\\/geo_zone\",\"localisation\\/language\",\"localisation\\/length_class\",\"localisation\\/location\",\"localisation\\/order_status\",\"localisation\\/return_action\",\"localisation\\/return_reason\",\"localisation\\/return_status\",\"localisation\\/stock_status\",\"localisation\\/tax_class\",\"localisation\\/tax_rate\",\"localisation\\/weight_class\",\"localisation\\/zone\",\"marketing\\/affiliate\",\"marketing\\/contact\",\"marketing\\/coupon\",\"marketing\\/marketing\",\"module\\/account\",\"module\\/affiliate\",\"module\\/amazon_login\",\"module\\/amazon_pay\",\"module\\/banner\",\"module\\/bestseller\",\"module\\/carousel\",\"module\\/category\",\"module\\/ebay_listing\",\"module\\/featured\",\"module\\/filter\",\"module\\/google_hangouts\",\"module\\/html\",\"module\\/information\",\"module\\/latest\",\"module\\/pp_button\",\"module\\/pp_login\",\"module\\/slideshow\",\"module\\/special\",\"module\\/store\",\"module\\/tg_tglite_filter_product\",\"module\\/tg_tglite_revolution_slider\",\"module\\/tg_themegloballite_megamenu\",\"module\\/tg_themegloballite_settings\",\"openbay\\/amazon\",\"openbay\\/amazon_listing\",\"openbay\\/amazon_product\",\"openbay\\/amazonus\",\"openbay\\/amazonus_listing\",\"openbay\\/amazonus_product\",\"openbay\\/ebay\",\"openbay\\/ebay_profile\",\"openbay\\/ebay_template\",\"openbay\\/etsy\",\"openbay\\/etsy_product\",\"openbay\\/etsy_shipping\",\"openbay\\/etsy_shop\",\"payment\\/amazon_login_pay\",\"payment\\/authorizenet_aim\",\"payment\\/authorizenet_sim\",\"payment\\/bank_transfer\",\"payment\\/bluepay_hosted\",\"payment\\/bluepay_redirect\",\"payment\\/cheque\",\"payment\\/cod\",\"payment\\/firstdata\",\"payment\\/firstdata_remote\",\"payment\\/free_checkout\",\"payment\\/g2apay\",\"payment\\/globalpay\",\"payment\\/globalpay_remote\",\"payment\\/klarna_account\",\"payment\\/klarna_invoice\",\"payment\\/liqpay\",\"payment\\/nochex\",\"payment\\/paymate\",\"payment\\/paypoint\",\"payment\\/payza\",\"payment\\/perpetual_payments\",\"payment\\/pp_express\",\"payment\\/pp_payflow\",\"payment\\/pp_payflow_iframe\",\"payment\\/pp_pro\",\"payment\\/pp_pro_iframe\",\"payment\\/pp_standard\",\"payment\\/realex\",\"payment\\/realex_remote\",\"payment\\/sagepay_direct\",\"payment\\/sagepay_server\",\"payment\\/sagepay_us\",\"payment\\/securetrading_pp\",\"payment\\/securetrading_ws\",\"payment\\/skrill\",\"payment\\/twocheckout\",\"payment\\/web_payment_software\",\"payment\\/worldpay\",\"report\\/affiliate\",\"report\\/affiliate_activity\",\"report\\/affiliate_login\",\"report\\/customer_activity\",\"report\\/customer_credit\",\"report\\/customer_login\",\"report\\/customer_online\",\"report\\/customer_order\",\"report\\/customer_reward\",\"report\\/marketing\",\"report\\/product_purchased\",\"report\\/product_viewed\",\"report\\/sale_coupon\",\"report\\/sale_order\",\"report\\/sale_return\",\"report\\/sale_shipping\",\"report\\/sale_tax\",\"sale\\/order\",\"sale\\/recurring\",\"sale\\/return\",\"sale\\/voucher\",\"sale\\/voucher_theme\",\"setting\\/setting\",\"setting\\/store\",\"shipping\\/auspost\",\"shipping\\/citylink\",\"shipping\\/fedex\",\"shipping\\/flat\",\"shipping\\/free\",\"shipping\\/item\",\"shipping\\/parcelforce_48\",\"shipping\\/pickup\",\"shipping\\/royal_mail\",\"shipping\\/ups\",\"shipping\\/usps\",\"shipping\\/weight\",\"tool\\/backup\",\"tool\\/error_log\",\"tool\\/upload\",\"total\\/coupon\",\"total\\/credit\",\"total\\/handling\",\"total\\/klarna_fee\",\"total\\/low_order_fee\",\"total\\/reward\",\"total\\/shipping\",\"total\\/sub_total\",\"total\\/tax\",\"total\\/total\",\"total\\/voucher\",\"user\\/api\",\"user\\/user\",\"user\\/user_permission\"],\"modify\":[\"analytics\\/google_analytics\",\"captcha\\/basic_captcha\",\"captcha\\/google_captcha\",\"catalog\\/attribute\",\"catalog\\/attribute_group\",\"catalog\\/category\",\"catalog\\/download\",\"catalog\\/filter\",\"catalog\\/information\",\"catalog\\/manufacturer\",\"catalog\\/option\",\"catalog\\/product\",\"catalog\\/recurring\",\"catalog\\/review\",\"common\\/column_left\",\"common\\/filemanager\",\"common\\/menu\",\"common\\/profile\",\"common\\/stats\",\"customer\\/custom_field\",\"customer\\/customer\",\"customer\\/customer_group\",\"design\\/banner\",\"design\\/gridbanner\",\"design\\/layout\",\"extension\\/analytics\",\"extension\\/captcha\",\"extension\\/feed\",\"extension\\/fraud\",\"extension\\/installer\",\"extension\\/modification\",\"extension\\/module\",\"extension\\/openbay\",\"extension\\/payment\",\"extension\\/shipping\",\"extension\\/total\",\"feed\\/google_base\",\"feed\\/google_sitemap\",\"feed\\/openbaypro\",\"feed\\/storeya\",\"fraud\\/fraudlabspro\",\"fraud\\/ip\",\"fraud\\/maxmind\",\"localisation\\/country\",\"localisation\\/currency\",\"localisation\\/geo_zone\",\"localisation\\/language\",\"localisation\\/length_class\",\"localisation\\/location\",\"localisation\\/order_status\",\"localisation\\/return_action\",\"localisation\\/return_reason\",\"localisation\\/return_status\",\"localisation\\/stock_status\",\"localisation\\/tax_class\",\"localisation\\/tax_rate\",\"localisation\\/weight_class\",\"localisation\\/zone\",\"marketing\\/affiliate\",\"marketing\\/contact\",\"marketing\\/coupon\",\"marketing\\/marketing\",\"module\\/account\",\"module\\/affiliate\",\"module\\/amazon_login\",\"module\\/amazon_pay\",\"module\\/banner\",\"module\\/bestseller\",\"module\\/carousel\",\"module\\/category\",\"module\\/ebay_listing\",\"module\\/featured\",\"module\\/filter\",\"module\\/google_hangouts\",\"module\\/html\",\"module\\/information\",\"module\\/latest\",\"module\\/pp_button\",\"module\\/pp_login\",\"module\\/slideshow\",\"module\\/special\",\"module\\/store\",\"module\\/tg_tglite_filter_product\",\"module\\/tg_tglite_revolution_slider\",\"module\\/tg_themegloballite_megamenu\",\"module\\/tg_themegloballite_settings\",\"openbay\\/amazon\",\"openbay\\/amazon_listing\",\"openbay\\/amazon_product\",\"openbay\\/amazonus\",\"openbay\\/amazonus_listing\",\"openbay\\/amazonus_product\",\"openbay\\/ebay\",\"openbay\\/ebay_profile\",\"openbay\\/ebay_template\",\"openbay\\/etsy\",\"openbay\\/etsy_product\",\"openbay\\/etsy_shipping\",\"openbay\\/etsy_shop\",\"payment\\/amazon_login_pay\",\"payment\\/authorizenet_aim\",\"payment\\/authorizenet_sim\",\"payment\\/bank_transfer\",\"payment\\/bluepay_hosted\",\"payment\\/bluepay_redirect\",\"payment\\/cheque\",\"payment\\/cod\",\"payment\\/firstdata\",\"payment\\/firstdata_remote\",\"payment\\/free_checkout\",\"payment\\/g2apay\",\"payment\\/globalpay\",\"payment\\/globalpay_remote\",\"payment\\/klarna_account\",\"payment\\/klarna_invoice\",\"payment\\/liqpay\",\"payment\\/nochex\",\"payment\\/paymate\",\"payment\\/paypoint\",\"payment\\/payza\",\"payment\\/perpetual_payments\",\"payment\\/pp_express\",\"payment\\/pp_payflow\",\"payment\\/pp_payflow_iframe\",\"payment\\/pp_pro\",\"payment\\/pp_pro_iframe\",\"payment\\/pp_standard\",\"payment\\/realex\",\"payment\\/realex_remote\",\"payment\\/sagepay_direct\",\"payment\\/sagepay_server\",\"payment\\/sagepay_us\",\"payment\\/securetrading_pp\",\"payment\\/securetrading_ws\",\"payment\\/skrill\",\"payment\\/twocheckout\",\"payment\\/web_payment_software\",\"payment\\/worldpay\",\"report\\/affiliate\",\"report\\/affiliate_activity\",\"report\\/affiliate_login\",\"report\\/customer_activity\",\"report\\/customer_credit\",\"report\\/customer_login\",\"report\\/customer_online\",\"report\\/customer_order\",\"report\\/customer_reward\",\"report\\/marketing\",\"report\\/product_purchased\",\"report\\/product_viewed\",\"report\\/sale_coupon\",\"report\\/sale_order\",\"report\\/sale_return\",\"report\\/sale_shipping\",\"report\\/sale_tax\",\"sale\\/order\",\"sale\\/recurring\",\"sale\\/return\",\"sale\\/voucher\",\"sale\\/voucher_theme\",\"setting\\/setting\",\"setting\\/store\",\"shipping\\/auspost\",\"shipping\\/citylink\",\"shipping\\/fedex\",\"shipping\\/flat\",\"shipping\\/free\",\"shipping\\/item\",\"shipping\\/parcelforce_48\",\"shipping\\/pickup\",\"shipping\\/royal_mail\",\"shipping\\/ups\",\"shipping\\/usps\",\"shipping\\/weight\",\"tool\\/backup\",\"tool\\/error_log\",\"tool\\/upload\",\"total\\/coupon\",\"total\\/credit\",\"total\\/handling\",\"total\\/klarna_fee\",\"total\\/low_order_fee\",\"total\\/reward\",\"total\\/shipping\",\"total\\/sub_total\",\"total\\/tax\",\"total\\/total\",\"total\\/voucher\",\"user\\/api\",\"user\\/user\",\"user\\/user_permission\"]}'),
(10,	'Demonstration',	'');

DROP TABLE IF EXISTS `tk_voucher`;
CREATE TABLE `tk_voucher` (
  `voucher_id` int(11) NOT NULL AUTO_INCREMENT,
  `order_id` int(11) NOT NULL,
  `code` varchar(10) NOT NULL,
  `from_name` varchar(64) NOT NULL,
  `from_email` varchar(96) NOT NULL,
  `to_name` varchar(64) NOT NULL,
  `to_email` varchar(96) NOT NULL,
  `voucher_theme_id` int(11) NOT NULL,
  `message` text NOT NULL,
  `amount` decimal(15,4) NOT NULL,
  `status` tinyint(1) NOT NULL,
  `date_added` datetime NOT NULL,
  PRIMARY KEY (`voucher_id`)
) ENGINE=MyISAM DEFAULT CHARSET=utf8;


DROP TABLE IF EXISTS `tk_voucher_history`;
CREATE TABLE `tk_voucher_history` (
  `voucher_history_id` int(11) NOT NULL AUTO_INCREMENT,
  `voucher_id` int(11) NOT NULL,
  `order_id` int(11) NOT NULL,
  `amount` decimal(15,4) NOT NULL,
  `date_added` datetime NOT NULL,
  PRIMARY KEY (`voucher_history_id`)
) ENGINE=MyISAM DEFAULT CHARSET=utf8;


DROP TABLE IF EXISTS `tk_voucher_theme`;
CREATE TABLE `tk_voucher_theme` (
  `voucher_theme_id` int(11) NOT NULL AUTO_INCREMENT,
  `image` varchar(255) NOT NULL,
  PRIMARY KEY (`voucher_theme_id`)
) ENGINE=MyISAM DEFAULT CHARSET=utf8;

INSERT INTO `tk_voucher_theme` (`voucher_theme_id`, `image`) VALUES
(8,	'catalog/demo/canon_eos_5d_2.jpg'),
(7,	'catalog/demo/gift-voucher-birthday.jpg'),
(6,	'catalog/demo/apple_logo.jpg');

DROP TABLE IF EXISTS `tk_voucher_theme_description`;
CREATE TABLE `tk_voucher_theme_description` (
  `voucher_theme_id` int(11) NOT NULL,
  `language_id` int(11) NOT NULL,
  `name` varchar(32) NOT NULL,
  PRIMARY KEY (`voucher_theme_id`,`language_id`)
) ENGINE=MyISAM DEFAULT CHARSET=utf8;

INSERT INTO `tk_voucher_theme_description` (`voucher_theme_id`, `language_id`, `name`) VALUES
(6,	1,	'Christmas'),
(7,	1,	'Birthday'),
(8,	1,	'General'),
(6,	2,	'Christmas'),
(7,	2,	'Birthday'),
(8,	2,	'General');

DROP TABLE IF EXISTS `tk_weight_class`;
CREATE TABLE `tk_weight_class` (
  `weight_class_id` int(11) NOT NULL AUTO_INCREMENT,
  `value` decimal(15,8) NOT NULL DEFAULT '0.00000000',
  PRIMARY KEY (`weight_class_id`)
) ENGINE=MyISAM DEFAULT CHARSET=utf8;

INSERT INTO `tk_weight_class` (`weight_class_id`, `value`) VALUES
(1,	1.00000000),
(2,	1000.00000000),
(5,	2.20460000),
(6,	35.27400000);

DROP TABLE IF EXISTS `tk_weight_class_description`;
CREATE TABLE `tk_weight_class_description` (
  `weight_class_id` int(11) NOT NULL AUTO_INCREMENT,
  `language_id` int(11) NOT NULL,
  `title` varchar(32) NOT NULL,
  `unit` varchar(4) NOT NULL,
  PRIMARY KEY (`weight_class_id`,`language_id`)
) ENGINE=MyISAM DEFAULT CHARSET=utf8;

INSERT INTO `tk_weight_class_description` (`weight_class_id`, `language_id`, `title`, `unit`) VALUES
(1,	1,	'Kilogram',	'kg'),
(2,	1,	'Gram',	'g'),
(5,	1,	'Pound ',	'lb'),
(6,	1,	'Ounce',	'oz'),
(1,	2,	'Kilogram',	'kg'),
(2,	2,	'Gram',	'g'),
(5,	2,	'Pound ',	'lb'),
(6,	2,	'Ounce',	'oz');

DROP TABLE IF EXISTS `tk_zone`;
CREATE TABLE `tk_zone` (
  `zone_id` int(11) NOT NULL AUTO_INCREMENT,
  `country_id` int(11) NOT NULL,
  `name` varchar(128) NOT NULL,
  `code` varchar(32) NOT NULL,
  `status` tinyint(1) NOT NULL DEFAULT '1',
  PRIMARY KEY (`zone_id`)
) ENGINE=MyISAM DEFAULT CHARSET=utf8;

INSERT INTO `tk_zone` (`zone_id`, `country_id`, `name`, `code`, `status`) VALUES
(1,	1,	'Badakhshan',	'BDS',	1),
(2,	1,	'Badghis',	'BDG',	1),
(3,	1,	'Baghlan',	'BGL',	1),
(4,	1,	'Balkh',	'BAL',	1),
(5,	1,	'Bamian',	'BAM',	1),
(6,	1,	'Farah',	'FRA',	1),
(7,	1,	'Faryab',	'FYB',	1),
(8,	1,	'Ghazni',	'GHA',	1),
(9,	1,	'Ghowr',	'GHO',	1),
(10,	1,	'Helmand',	'HEL',	1),
(11,	1,	'Herat',	'HER',	1),
(12,	1,	'Jowzjan',	'JOW',	1),
(13,	1,	'Kabul',	'KAB',	1),
(14,	1,	'Kandahar',	'KAN',	1),
(15,	1,	'Kapisa',	'KAP',	1),
(16,	1,	'Khost',	'KHO',	1),
(17,	1,	'Konar',	'KNR',	1),
(18,	1,	'Kondoz',	'KDZ',	1),
(19,	1,	'Laghman',	'LAG',	1),
(20,	1,	'Lowgar',	'LOW',	1),
(21,	1,	'Nangrahar',	'NAN',	1),
(22,	1,	'Nimruz',	'NIM',	1),
(23,	1,	'Nurestan',	'NUR',	1),
(24,	1,	'Oruzgan',	'ORU',	1),
(25,	1,	'Paktia',	'PIA',	1),
(26,	1,	'Paktika',	'PKA',	1),
(27,	1,	'Parwan',	'PAR',	1),
(28,	1,	'Samangan',	'SAM',	1),
(29,	1,	'Sar-e Pol',	'SAR',	1),
(30,	1,	'Takhar',	'TAK',	1),
(31,	1,	'Wardak',	'WAR',	1),
(32,	1,	'Zabol',	'ZAB',	1),
(33,	2,	'Berat',	'BR',	1),
(34,	2,	'Bulqize',	'BU',	1),
(35,	2,	'Delvine',	'DL',	1),
(36,	2,	'Devoll',	'DV',	1),
(37,	2,	'Diber',	'DI',	1),
(38,	2,	'Durres',	'DR',	1),
(39,	2,	'Elbasan',	'EL',	1),
(40,	2,	'Kolonje',	'ER',	1),
(41,	2,	'Fier',	'FR',	1),
(42,	2,	'Gjirokaster',	'GJ',	1),
(43,	2,	'Gramsh',	'GR',	1),
(44,	2,	'Has',	'HA',	1),
(45,	2,	'Kavaje',	'KA',	1),
(46,	2,	'Kurbin',	'KB',	1),
(47,	2,	'Kucove',	'KC',	1),
(48,	2,	'Korce',	'KO',	1),
(49,	2,	'Kruje',	'KR',	1),
(50,	2,	'Kukes',	'KU',	1),
(51,	2,	'Librazhd',	'LB',	1),
(52,	2,	'Lezhe',	'LE',	1),
(53,	2,	'Lushnje',	'LU',	1),
(54,	2,	'Malesi e Madhe',	'MM',	1),
(55,	2,	'Mallakaster',	'MK',	1),
(56,	2,	'Mat',	'MT',	1),
(57,	2,	'Mirdite',	'MR',	1),
(58,	2,	'Peqin',	'PQ',	1),
(59,	2,	'Permet',	'PR',	1),
(60,	2,	'Pogradec',	'PG',	1),
(61,	2,	'Puke',	'PU',	1),
(62,	2,	'Shkoder',	'SH',	1),
(63,	2,	'Skrapar',	'SK',	1),
(64,	2,	'Sarande',	'SR',	1),
(65,	2,	'Tepelene',	'TE',	1),
(66,	2,	'Tropoje',	'TP',	1),
(67,	2,	'Tirane',	'TR',	1),
(68,	2,	'Vlore',	'VL',	1),
(69,	3,	'Adrar',	'ADR',	1),
(70,	3,	'Ain Defla',	'ADE',	1),
(71,	3,	'Ain Temouchent',	'ATE',	1),
(72,	3,	'Alger',	'ALG',	1),
(73,	3,	'Annaba',	'ANN',	1),
(74,	3,	'Batna',	'BAT',	1),
(75,	3,	'Bechar',	'BEC',	1),
(76,	3,	'Bejaia',	'BEJ',	1),
(77,	3,	'Biskra',	'BIS',	1),
(78,	3,	'Blida',	'BLI',	1),
(79,	3,	'Bordj Bou Arreridj',	'BBA',	1),
(80,	3,	'Bouira',	'BOA',	1),
(81,	3,	'Boumerdes',	'BMD',	1),
(82,	3,	'Chlef',	'CHL',	1),
(83,	3,	'Constantine',	'CON',	1),
(84,	3,	'Djelfa',	'DJE',	1),
(85,	3,	'El Bayadh',	'EBA',	1),
(86,	3,	'El Oued',	'EOU',	1),
(87,	3,	'El Tarf',	'ETA',	1),
(88,	3,	'Ghardaia',	'GHA',	1),
(89,	3,	'Guelma',	'GUE',	1),
(90,	3,	'Illizi',	'ILL',	1),
(91,	3,	'Jijel',	'JIJ',	1),
(92,	3,	'Khenchela',	'KHE',	1),
(93,	3,	'Laghouat',	'LAG',	1),
(94,	3,	'Muaskar',	'MUA',	1),
(95,	3,	'Medea',	'MED',	1),
(96,	3,	'Mila',	'MIL',	1),
(97,	3,	'Mostaganem',	'MOS',	1),
(98,	3,	'M\'Sila',	'MSI',	1),
(99,	3,	'Naama',	'NAA',	1),
(100,	3,	'Oran',	'ORA',	1),
(101,	3,	'Ouargla',	'OUA',	1),
(102,	3,	'Oum el-Bouaghi',	'OEB',	1),
(103,	3,	'Relizane',	'REL',	1),
(104,	3,	'Saida',	'SAI',	1),
(105,	3,	'Setif',	'SET',	1),
(106,	3,	'Sidi Bel Abbes',	'SBA',	1),
(107,	3,	'Skikda',	'SKI',	1),
(108,	3,	'Souk Ahras',	'SAH',	1),
(109,	3,	'Tamanghasset',	'TAM',	1),
(110,	3,	'Tebessa',	'TEB',	1),
(111,	3,	'Tiaret',	'TIA',	1),
(112,	3,	'Tindouf',	'TIN',	1),
(113,	3,	'Tipaza',	'TIP',	1),
(114,	3,	'Tissemsilt',	'TIS',	1),
(115,	3,	'Tizi Ouzou',	'TOU',	1),
(116,	3,	'Tlemcen',	'TLE',	1),
(117,	4,	'Eastern',	'E',	1),
(118,	4,	'Manu\'a',	'M',	1),
(119,	4,	'Rose Island',	'R',	1),
(120,	4,	'Swains Island',	'S',	1),
(121,	4,	'Western',	'W',	1),
(122,	5,	'Andorra la Vella',	'ALV',	1),
(123,	5,	'Canillo',	'CAN',	1),
(124,	5,	'Encamp',	'ENC',	1),
(125,	5,	'Escaldes-Engordany',	'ESE',	1),
(126,	5,	'La Massana',	'LMA',	1),
(127,	5,	'Ordino',	'ORD',	1),
(128,	5,	'Sant Julia de Loria',	'SJL',	1),
(129,	6,	'Bengo',	'BGO',	1),
(130,	6,	'Benguela',	'BGU',	1),
(131,	6,	'Bie',	'BIE',	1),
(132,	6,	'Cabinda',	'CAB',	1),
(133,	6,	'Cuando-Cubango',	'CCU',	1),
(134,	6,	'Cuanza Norte',	'CNO',	1),
(135,	6,	'Cuanza Sul',	'CUS',	1),
(136,	6,	'Cunene',	'CNN',	1),
(137,	6,	'Huambo',	'HUA',	1),
(138,	6,	'Huila',	'HUI',	1),
(139,	6,	'Luanda',	'LUA',	1),
(140,	6,	'Lunda Norte',	'LNO',	1),
(141,	6,	'Lunda Sul',	'LSU',	1),
(142,	6,	'Malange',	'MAL',	1),
(143,	6,	'Moxico',	'MOX',	1),
(144,	6,	'Namibe',	'NAM',	1),
(145,	6,	'Uige',	'UIG',	1),
(146,	6,	'Zaire',	'ZAI',	1),
(147,	9,	'Saint George',	'ASG',	1),
(148,	9,	'Saint John',	'ASJ',	1),
(149,	9,	'Saint Mary',	'ASM',	1),
(150,	9,	'Saint Paul',	'ASL',	1),
(151,	9,	'Saint Peter',	'ASR',	1),
(152,	9,	'Saint Philip',	'ASH',	1),
(153,	9,	'Barbuda',	'BAR',	1),
(154,	9,	'Redonda',	'RED',	1),
(155,	10,	'Antartida e Islas del Atlantico',	'AN',	1),
(156,	10,	'Buenos Aires',	'BA',	1),
(157,	10,	'Catamarca',	'CA',	1),
(158,	10,	'Chaco',	'CH',	1),
(159,	10,	'Chubut',	'CU',	1),
(160,	10,	'Cordoba',	'CO',	1),
(161,	10,	'Corrientes',	'CR',	1),
(162,	10,	'Distrito Federal',	'DF',	1),
(163,	10,	'Entre Rios',	'ER',	1),
(164,	10,	'Formosa',	'FO',	1),
(165,	10,	'Jujuy',	'JU',	1),
(166,	10,	'La Pampa',	'LP',	1),
(167,	10,	'La Rioja',	'LR',	1),
(168,	10,	'Mendoza',	'ME',	1),
(169,	10,	'Misiones',	'MI',	1),
(170,	10,	'Neuquen',	'NE',	1),
(171,	10,	'Rio Negro',	'RN',	1),
(172,	10,	'Salta',	'SA',	1),
(173,	10,	'San Juan',	'SJ',	1),
(174,	10,	'San Luis',	'SL',	1),
(175,	10,	'Santa Cruz',	'SC',	1),
(176,	10,	'Santa Fe',	'SF',	1),
(177,	10,	'Santiago del Estero',	'SD',	1),
(178,	10,	'Tierra del Fuego',	'TF',	1),
(179,	10,	'Tucuman',	'TU',	1),
(180,	11,	'Aragatsotn',	'AGT',	1),
(181,	11,	'Ararat',	'ARR',	1),
(182,	11,	'Armavir',	'ARM',	1),
(183,	11,	'Geghark\'unik\'',	'GEG',	1),
(184,	11,	'Kotayk\'',	'KOT',	1),
(185,	11,	'Lorri',	'LOR',	1),
(186,	11,	'Shirak',	'SHI',	1),
(187,	11,	'Syunik\'',	'SYU',	1),
(188,	11,	'Tavush',	'TAV',	1),
(189,	11,	'Vayots\' Dzor',	'VAY',	1),
(190,	11,	'Yerevan',	'YER',	1),
(191,	13,	'Australian Capital Territory',	'ACT',	1),
(192,	13,	'New South Wales',	'NSW',	1),
(193,	13,	'Northern Territory',	'NT',	1),
(194,	13,	'Queensland',	'QLD',	1),
(195,	13,	'South Australia',	'SA',	1),
(196,	13,	'Tasmania',	'TAS',	1),
(197,	13,	'Victoria',	'VIC',	1),
(198,	13,	'Western Australia',	'WA',	1),
(199,	14,	'Burgenland',	'BUR',	1),
(200,	14,	'Krnten',	'KAR',	1),
(201,	14,	'Nieder&ouml;sterreich',	'NOS',	1),
(202,	14,	'Ober&ouml;sterreich',	'OOS',	1),
(203,	14,	'Salzburg',	'SAL',	1),
(204,	14,	'Steiermark',	'STE',	1),
(205,	14,	'Tirol',	'TIR',	1),
(206,	14,	'Vorarlberg',	'VOR',	1),
(207,	14,	'Wien',	'WIE',	1),
(208,	15,	'Ali Bayramli',	'AB',	1),
(209,	15,	'Abseron',	'ABS',	1),
(210,	15,	'AgcabAdi',	'AGC',	1),
(211,	15,	'Agdam',	'AGM',	1),
(212,	15,	'Agdas',	'AGS',	1),
(213,	15,	'Agstafa',	'AGA',	1),
(214,	15,	'Agsu',	'AGU',	1),
(215,	15,	'Astara',	'AST',	1),
(216,	15,	'Baki',	'BA',	1),
(217,	15,	'BabAk',	'BAB',	1),
(218,	15,	'BalakAn',	'BAL',	1),
(219,	15,	'BArdA',	'BAR',	1),
(220,	15,	'Beylaqan',	'BEY',	1),
(221,	15,	'Bilasuvar',	'BIL',	1),
(222,	15,	'Cabrayil',	'CAB',	1),
(223,	15,	'Calilabab',	'CAL',	1),
(224,	15,	'Culfa',	'CUL',	1),
(225,	15,	'Daskasan',	'DAS',	1),
(226,	15,	'Davaci',	'DAV',	1),
(227,	15,	'Fuzuli',	'FUZ',	1),
(228,	15,	'Ganca',	'GA',	1),
(229,	15,	'Gadabay',	'GAD',	1),
(230,	15,	'Goranboy',	'GOR',	1),
(231,	15,	'Goycay',	'GOY',	1),
(232,	15,	'Haciqabul',	'HAC',	1),
(233,	15,	'Imisli',	'IMI',	1),
(234,	15,	'Ismayilli',	'ISM',	1),
(235,	15,	'Kalbacar',	'KAL',	1),
(236,	15,	'Kurdamir',	'KUR',	1),
(237,	15,	'Lankaran',	'LA',	1),
(238,	15,	'Lacin',	'LAC',	1),
(239,	15,	'Lankaran',	'LAN',	1),
(240,	15,	'Lerik',	'LER',	1),
(241,	15,	'Masalli',	'MAS',	1),
(242,	15,	'Mingacevir',	'MI',	1),
(243,	15,	'Naftalan',	'NA',	1),
(244,	15,	'Neftcala',	'NEF',	1),
(245,	15,	'Oguz',	'OGU',	1),
(246,	15,	'Ordubad',	'ORD',	1),
(247,	15,	'Qabala',	'QAB',	1),
(248,	15,	'Qax',	'QAX',	1),
(249,	15,	'Qazax',	'QAZ',	1),
(250,	15,	'Qobustan',	'QOB',	1),
(251,	15,	'Quba',	'QBA',	1),
(252,	15,	'Qubadli',	'QBI',	1),
(253,	15,	'Qusar',	'QUS',	1),
(254,	15,	'Saki',	'SA',	1),
(255,	15,	'Saatli',	'SAT',	1),
(256,	15,	'Sabirabad',	'SAB',	1),
(257,	15,	'Sadarak',	'SAD',	1),
(258,	15,	'Sahbuz',	'SAH',	1),
(259,	15,	'Saki',	'SAK',	1),
(260,	15,	'Salyan',	'SAL',	1),
(261,	15,	'Sumqayit',	'SM',	1),
(262,	15,	'Samaxi',	'SMI',	1),
(263,	15,	'Samkir',	'SKR',	1),
(264,	15,	'Samux',	'SMX',	1),
(265,	15,	'Sarur',	'SAR',	1),
(266,	15,	'Siyazan',	'SIY',	1),
(267,	15,	'Susa',	'SS',	1),
(268,	15,	'Susa',	'SUS',	1),
(269,	15,	'Tartar',	'TAR',	1),
(270,	15,	'Tovuz',	'TOV',	1),
(271,	15,	'Ucar',	'UCA',	1),
(272,	15,	'Xankandi',	'XA',	1),
(273,	15,	'Xacmaz',	'XAC',	1),
(274,	15,	'Xanlar',	'XAN',	1),
(275,	15,	'Xizi',	'XIZ',	1),
(276,	15,	'Xocali',	'XCI',	1),
(277,	15,	'Xocavand',	'XVD',	1),
(278,	15,	'Yardimli',	'YAR',	1),
(279,	15,	'Yevlax',	'YEV',	1),
(280,	15,	'Zangilan',	'ZAN',	1),
(281,	15,	'Zaqatala',	'ZAQ',	1),
(282,	15,	'Zardab',	'ZAR',	1),
(283,	15,	'Naxcivan',	'NX',	1),
(284,	16,	'Acklins',	'ACK',	1),
(285,	16,	'Berry Islands',	'BER',	1),
(286,	16,	'Bimini',	'BIM',	1),
(287,	16,	'Black Point',	'BLK',	1),
(288,	16,	'Cat Island',	'CAT',	1),
(289,	16,	'Central Abaco',	'CAB',	1),
(290,	16,	'Central Andros',	'CAN',	1),
(291,	16,	'Central Eleuthera',	'CEL',	1),
(292,	16,	'City of Freeport',	'FRE',	1),
(293,	16,	'Crooked Island',	'CRO',	1),
(294,	16,	'East Grand Bahama',	'EGB',	1),
(295,	16,	'Exuma',	'EXU',	1),
(296,	16,	'Grand Cay',	'GRD',	1),
(297,	16,	'Harbour Island',	'HAR',	1),
(298,	16,	'Hope Town',	'HOP',	1),
(299,	16,	'Inagua',	'INA',	1),
(300,	16,	'Long Island',	'LNG',	1),
(301,	16,	'Mangrove Cay',	'MAN',	1),
(302,	16,	'Mayaguana',	'MAY',	1),
(303,	16,	'Moore\'s Island',	'MOO',	1),
(304,	16,	'North Abaco',	'NAB',	1),
(305,	16,	'North Andros',	'NAN',	1),
(306,	16,	'North Eleuthera',	'NEL',	1),
(307,	16,	'Ragged Island',	'RAG',	1),
(308,	16,	'Rum Cay',	'RUM',	1),
(309,	16,	'San Salvador',	'SAL',	1),
(310,	16,	'South Abaco',	'SAB',	1),
(311,	16,	'South Andros',	'SAN',	1),
(312,	16,	'South Eleuthera',	'SEL',	1),
(313,	16,	'Spanish Wells',	'SWE',	1),
(314,	16,	'West Grand Bahama',	'WGB',	1),
(315,	17,	'Capital',	'CAP',	1),
(316,	17,	'Central',	'CEN',	1),
(317,	17,	'Muharraq',	'MUH',	1),
(318,	17,	'Northern',	'NOR',	1),
(319,	17,	'Southern',	'SOU',	1),
(320,	18,	'Barisal',	'BAR',	1),
(321,	18,	'Chittagong',	'CHI',	1),
(322,	18,	'Dhaka',	'DHA',	1),
(323,	18,	'Khulna',	'KHU',	1),
(324,	18,	'Rajshahi',	'RAJ',	1),
(325,	18,	'Sylhet',	'SYL',	1),
(326,	19,	'Christ Church',	'CC',	1),
(327,	19,	'Saint Andrew',	'AND',	1),
(328,	19,	'Saint George',	'GEO',	1),
(329,	19,	'Saint James',	'JAM',	1),
(330,	19,	'Saint John',	'JOH',	1),
(331,	19,	'Saint Joseph',	'JOS',	1),
(332,	19,	'Saint Lucy',	'LUC',	1),
(333,	19,	'Saint Michael',	'MIC',	1),
(334,	19,	'Saint Peter',	'PET',	1),
(335,	19,	'Saint Philip',	'PHI',	1),
(336,	19,	'Saint Thomas',	'THO',	1),
(337,	20,	'Brestskaya (Brest)',	'BR',	1),
(338,	20,	'Homyel\'skaya (Homyel\')',	'HO',	1),
(339,	20,	'Horad Minsk',	'HM',	1),
(340,	20,	'Hrodzyenskaya (Hrodna)',	'HR',	1),
(341,	20,	'Mahilyowskaya (Mahilyow)',	'MA',	1),
(342,	20,	'Minskaya',	'MI',	1),
(343,	20,	'Vitsyebskaya (Vitsyebsk)',	'VI',	1),
(344,	21,	'Antwerpen',	'VAN',	1),
(345,	21,	'Brabant Wallon',	'WBR',	1),
(346,	21,	'Hainaut',	'WHT',	1),
(347,	21,	'Lige',	'WLG',	1),
(348,	21,	'Limburg',	'VLI',	1),
(349,	21,	'Luxembourg',	'WLX',	1),
(350,	21,	'Namur',	'WNA',	1),
(351,	21,	'Oost-Vlaanderen',	'VOV',	1),
(352,	21,	'Vlaams Brabant',	'VBR',	1),
(353,	21,	'West-Vlaanderen',	'VWV',	1),
(354,	22,	'Belize',	'BZ',	1),
(355,	22,	'Cayo',	'CY',	1),
(356,	22,	'Corozal',	'CR',	1),
(357,	22,	'Orange Walk',	'OW',	1),
(358,	22,	'Stann Creek',	'SC',	1),
(359,	22,	'Toledo',	'TO',	1),
(360,	23,	'Alibori',	'AL',	1),
(361,	23,	'Atakora',	'AK',	1),
(362,	23,	'Atlantique',	'AQ',	1),
(363,	23,	'Borgou',	'BO',	1),
(364,	23,	'Collines',	'CO',	1),
(365,	23,	'Donga',	'DO',	1),
(366,	23,	'Kouffo',	'KO',	1),
(367,	23,	'Littoral',	'LI',	1),
(368,	23,	'Mono',	'MO',	1),
(369,	23,	'Oueme',	'OU',	1),
(370,	23,	'Plateau',	'PL',	1),
(371,	23,	'Zou',	'ZO',	1),
(372,	24,	'Devonshire',	'DS',	1),
(373,	24,	'Hamilton City',	'HC',	1),
(374,	24,	'Hamilton',	'HA',	1),
(375,	24,	'Paget',	'PG',	1),
(376,	24,	'Pembroke',	'PB',	1),
(377,	24,	'Saint George City',	'GC',	1),
(378,	24,	'Saint George\'s',	'SG',	1),
(379,	24,	'Sandys',	'SA',	1),
(380,	24,	'Smith\'s',	'SM',	1),
(381,	24,	'Southampton',	'SH',	1),
(382,	24,	'Warwick',	'WA',	1),
(383,	25,	'Bumthang',	'BUM',	1),
(384,	25,	'Chukha',	'CHU',	1),
(385,	25,	'Dagana',	'DAG',	1),
(386,	25,	'Gasa',	'GAS',	1),
(387,	25,	'Haa',	'HAA',	1),
(388,	25,	'Lhuntse',	'LHU',	1),
(389,	25,	'Mongar',	'MON',	1),
(390,	25,	'Paro',	'PAR',	1),
(391,	25,	'Pemagatshel',	'PEM',	1),
(392,	25,	'Punakha',	'PUN',	1),
(393,	25,	'Samdrup Jongkhar',	'SJO',	1),
(394,	25,	'Samtse',	'SAT',	1),
(395,	25,	'Sarpang',	'SAR',	1),
(396,	25,	'Thimphu',	'THI',	1),
(397,	25,	'Trashigang',	'TRG',	1),
(398,	25,	'Trashiyangste',	'TRY',	1),
(399,	25,	'Trongsa',	'TRO',	1),
(400,	25,	'Tsirang',	'TSI',	1),
(401,	25,	'Wangdue Phodrang',	'WPH',	1),
(402,	25,	'Zhemgang',	'ZHE',	1),
(403,	26,	'Beni',	'BEN',	1),
(404,	26,	'Chuquisaca',	'CHU',	1),
(405,	26,	'Cochabamba',	'COC',	1),
(406,	26,	'La Paz',	'LPZ',	1),
(407,	26,	'Oruro',	'ORU',	1),
(408,	26,	'Pando',	'PAN',	1),
(409,	26,	'Potosi',	'POT',	1),
(410,	26,	'Santa Cruz',	'SCZ',	1),
(411,	26,	'Tarija',	'TAR',	1),
(412,	27,	'Brcko district',	'BRO',	1),
(413,	27,	'Unsko-Sanski Kanton',	'FUS',	1),
(414,	27,	'Posavski Kanton',	'FPO',	1),
(415,	27,	'Tuzlanski Kanton',	'FTU',	1),
(416,	27,	'Zenicko-Dobojski Kanton',	'FZE',	1),
(417,	27,	'Bosanskopodrinjski Kanton',	'FBP',	1),
(418,	27,	'Srednjebosanski Kanton',	'FSB',	1),
(419,	27,	'Hercegovacko-neretvanski Kanton',	'FHN',	1),
(420,	27,	'Zapadnohercegovacka Zupanija',	'FZH',	1),
(421,	27,	'Kanton Sarajevo',	'FSA',	1),
(422,	27,	'Zapadnobosanska',	'FZA',	1),
(423,	27,	'Banja Luka',	'SBL',	1),
(424,	27,	'Doboj',	'SDO',	1),
(425,	27,	'Bijeljina',	'SBI',	1),
(426,	27,	'Vlasenica',	'SVL',	1),
(427,	27,	'Sarajevo-Romanija or Sokolac',	'SSR',	1),
(428,	27,	'Foca',	'SFO',	1),
(429,	27,	'Trebinje',	'STR',	1),
(430,	28,	'Central',	'CE',	1),
(431,	28,	'Ghanzi',	'GH',	1),
(432,	28,	'Kgalagadi',	'KD',	1),
(433,	28,	'Kgatleng',	'KT',	1),
(434,	28,	'Kweneng',	'KW',	1),
(435,	28,	'Ngamiland',	'NG',	1),
(436,	28,	'North East',	'NE',	1),
(437,	28,	'North West',	'NW',	1),
(438,	28,	'South East',	'SE',	1),
(439,	28,	'Southern',	'SO',	1),
(440,	30,	'Acre',	'AC',	1),
(441,	30,	'Alagoas',	'AL',	1),
(442,	30,	'Amap',	'AP',	1),
(443,	30,	'Amazonas',	'AM',	1),
(444,	30,	'Bahia',	'BA',	1),
(445,	30,	'Cear',	'CE',	1),
(446,	30,	'Distrito Federal',	'DF',	1),
(447,	30,	'Esprito Santo',	'ES',	1),
(448,	30,	'Gois',	'GO',	1),
(449,	30,	'Maranho',	'MA',	1),
(450,	30,	'Mato Grosso',	'MT',	1),
(451,	30,	'Mato Grosso do Sul',	'MS',	1),
(452,	30,	'Minas Gerais',	'MG',	1),
(453,	30,	'Par',	'PA',	1),
(454,	30,	'Paraba',	'PB',	1),
(455,	30,	'Paran',	'PR',	1),
(456,	30,	'Pernambuco',	'PE',	1),
(457,	30,	'Piau',	'PI',	1),
(458,	30,	'Rio de Janeiro',	'RJ',	1),
(459,	30,	'Rio Grande do Norte',	'RN',	1),
(460,	30,	'Rio Grande do Sul',	'RS',	1),
(461,	30,	'Rondnia',	'RO',	1),
(462,	30,	'Roraima',	'RR',	1),
(463,	30,	'Santa Catarina',	'SC',	1),
(464,	30,	'So Paulo',	'SP',	1),
(465,	30,	'Sergipe',	'SE',	1),
(466,	30,	'Tocantins',	'TO',	1),
(467,	31,	'Peros Banhos',	'PB',	1),
(468,	31,	'Salomon Islands',	'SI',	1),
(469,	31,	'Nelsons Island',	'NI',	1),
(470,	31,	'Three Brothers',	'TB',	1),
(471,	31,	'Eagle Islands',	'EA',	1),
(472,	31,	'Danger Island',	'DI',	1),
(473,	31,	'Egmont Islands',	'EG',	1),
(474,	31,	'Diego Garcia',	'DG',	1),
(475,	32,	'Belait',	'BEL',	1),
(476,	32,	'Brunei and Muara',	'BRM',	1),
(477,	32,	'Temburong',	'TEM',	1),
(478,	32,	'Tutong',	'TUT',	1),
(479,	33,	'Blagoevgrad',	'',	1),
(480,	33,	'Burgas',	'',	1),
(481,	33,	'Dobrich',	'',	1),
(482,	33,	'Gabrovo',	'',	1),
(483,	33,	'Haskovo',	'',	1),
(484,	33,	'Kardjali',	'',	1),
(485,	33,	'Kyustendil',	'',	1),
(486,	33,	'Lovech',	'',	1),
(487,	33,	'Montana',	'',	1),
(488,	33,	'Pazardjik',	'',	1),
(489,	33,	'Pernik',	'',	1),
(490,	33,	'Pleven',	'',	1),
(491,	33,	'Plovdiv',	'',	1),
(492,	33,	'Razgrad',	'',	1),
(493,	33,	'Shumen',	'',	1),
(494,	33,	'Silistra',	'',	1),
(495,	33,	'Sliven',	'',	1),
(496,	33,	'Smolyan',	'',	1),
(497,	33,	'Sofia',	'',	1),
(498,	33,	'Sofia - town',	'',	1),
(499,	33,	'Stara Zagora',	'',	1),
(500,	33,	'Targovishte',	'',	1),
(501,	33,	'Varna',	'',	1),
(502,	33,	'Veliko Tarnovo',	'',	1),
(503,	33,	'Vidin',	'',	1),
(504,	33,	'Vratza',	'',	1),
(505,	33,	'Yambol',	'',	1),
(506,	34,	'Bale',	'BAL',	1),
(507,	34,	'Bam',	'BAM',	1),
(508,	34,	'Banwa',	'BAN',	1),
(509,	34,	'Bazega',	'BAZ',	1),
(510,	34,	'Bougouriba',	'BOR',	1),
(511,	34,	'Boulgou',	'BLG',	1),
(512,	34,	'Boulkiemde',	'BOK',	1),
(513,	34,	'Comoe',	'COM',	1),
(514,	34,	'Ganzourgou',	'GAN',	1),
(515,	34,	'Gnagna',	'GNA',	1),
(516,	34,	'Gourma',	'GOU',	1),
(517,	34,	'Houet',	'HOU',	1),
(518,	34,	'Ioba',	'IOA',	1),
(519,	34,	'Kadiogo',	'KAD',	1),
(520,	34,	'Kenedougou',	'KEN',	1),
(521,	34,	'Komondjari',	'KOD',	1),
(522,	34,	'Kompienga',	'KOP',	1),
(523,	34,	'Kossi',	'KOS',	1),
(524,	34,	'Koulpelogo',	'KOL',	1),
(525,	34,	'Kouritenga',	'KOT',	1),
(526,	34,	'Kourweogo',	'KOW',	1),
(527,	34,	'Leraba',	'LER',	1),
(528,	34,	'Loroum',	'LOR',	1),
(529,	34,	'Mouhoun',	'MOU',	1),
(530,	34,	'Nahouri',	'NAH',	1),
(531,	34,	'Namentenga',	'NAM',	1),
(532,	34,	'Nayala',	'NAY',	1),
(533,	34,	'Noumbiel',	'NOU',	1),
(534,	34,	'Oubritenga',	'OUB',	1),
(535,	34,	'Oudalan',	'OUD',	1),
(536,	34,	'Passore',	'PAS',	1),
(537,	34,	'Poni',	'PON',	1),
(538,	34,	'Sanguie',	'SAG',	1),
(539,	34,	'Sanmatenga',	'SAM',	1),
(540,	34,	'Seno',	'SEN',	1),
(541,	34,	'Sissili',	'SIS',	1),
(542,	34,	'Soum',	'SOM',	1),
(543,	34,	'Sourou',	'SOR',	1),
(544,	34,	'Tapoa',	'TAP',	1),
(545,	34,	'Tuy',	'TUY',	1),
(546,	34,	'Yagha',	'YAG',	1),
(547,	34,	'Yatenga',	'YAT',	1),
(548,	34,	'Ziro',	'ZIR',	1),
(549,	34,	'Zondoma',	'ZOD',	1),
(550,	34,	'Zoundweogo',	'ZOW',	1),
(551,	35,	'Bubanza',	'BB',	1),
(552,	35,	'Bujumbura',	'BJ',	1),
(553,	35,	'Bururi',	'BR',	1),
(554,	35,	'Cankuzo',	'CA',	1),
(555,	35,	'Cibitoke',	'CI',	1),
(556,	35,	'Gitega',	'GI',	1),
(557,	35,	'Karuzi',	'KR',	1),
(558,	35,	'Kayanza',	'KY',	1),
(559,	35,	'Kirundo',	'KI',	1),
(560,	35,	'Makamba',	'MA',	1),
(561,	35,	'Muramvya',	'MU',	1),
(562,	35,	'Muyinga',	'MY',	1),
(563,	35,	'Mwaro',	'MW',	1),
(564,	35,	'Ngozi',	'NG',	1),
(565,	35,	'Rutana',	'RT',	1),
(566,	35,	'Ruyigi',	'RY',	1),
(567,	36,	'Phnom Penh',	'PP',	1),
(568,	36,	'Preah Seihanu (Kompong Som or Sihanoukville)',	'PS',	1),
(569,	36,	'Pailin',	'PA',	1),
(570,	36,	'Keb',	'KB',	1),
(571,	36,	'Banteay Meanchey',	'BM',	1),
(572,	36,	'Battambang',	'BA',	1),
(573,	36,	'Kampong Cham',	'KM',	1),
(574,	36,	'Kampong Chhnang',	'KN',	1),
(575,	36,	'Kampong Speu',	'KU',	1),
(576,	36,	'Kampong Som',	'KO',	1),
(577,	36,	'Kampong Thom',	'KT',	1),
(578,	36,	'Kampot',	'KP',	1),
(579,	36,	'Kandal',	'KL',	1),
(580,	36,	'Kaoh Kong',	'KK',	1),
(581,	36,	'Kratie',	'KR',	1),
(582,	36,	'Mondul Kiri',	'MK',	1),
(583,	36,	'Oddar Meancheay',	'OM',	1),
(584,	36,	'Pursat',	'PU',	1),
(585,	36,	'Preah Vihear',	'PR',	1),
(586,	36,	'Prey Veng',	'PG',	1),
(587,	36,	'Ratanak Kiri',	'RK',	1),
(588,	36,	'Siemreap',	'SI',	1),
(589,	36,	'Stung Treng',	'ST',	1),
(590,	36,	'Svay Rieng',	'SR',	1),
(591,	36,	'Takeo',	'TK',	1),
(592,	37,	'Adamawa (Adamaoua)',	'ADA',	1),
(593,	37,	'Centre',	'CEN',	1),
(594,	37,	'East (Est)',	'EST',	1),
(595,	37,	'Extreme North (Extreme-Nord)',	'EXN',	1),
(596,	37,	'Littoral',	'LIT',	1),
(597,	37,	'North (Nord)',	'NOR',	1),
(598,	37,	'Northwest (Nord-Ouest)',	'NOT',	1),
(599,	37,	'West (Ouest)',	'OUE',	1),
(600,	37,	'South (Sud)',	'SUD',	1),
(601,	37,	'Southwest (Sud-Ouest).',	'SOU',	1),
(602,	38,	'Alberta',	'AB',	1),
(603,	38,	'British Columbia',	'BC',	1),
(604,	38,	'Manitoba',	'MB',	1),
(605,	38,	'New Brunswick',	'NB',	1),
(606,	38,	'Newfoundland and Labrador',	'NL',	1),
(607,	38,	'Northwest Territories',	'NT',	1),
(608,	38,	'Nova Scotia',	'NS',	1),
(609,	38,	'Nunavut',	'NU',	1),
(610,	38,	'Ontario',	'ON',	1),
(611,	38,	'Prince Edward Island',	'PE',	1),
(612,	38,	'Qu&eacute;bec',	'QC',	1),
(613,	38,	'Saskatchewan',	'SK',	1),
(614,	38,	'Yukon Territory',	'YT',	1),
(615,	39,	'Boa Vista',	'BV',	1),
(616,	39,	'Brava',	'BR',	1),
(617,	39,	'Calheta de Sao Miguel',	'CS',	1),
(618,	39,	'Maio',	'MA',	1),
(619,	39,	'Mosteiros',	'MO',	1),
(620,	39,	'Paul',	'PA',	1),
(621,	39,	'Porto Novo',	'PN',	1),
(622,	39,	'Praia',	'PR',	1),
(623,	39,	'Ribeira Grande',	'RG',	1),
(624,	39,	'Sal',	'SL',	1),
(625,	39,	'Santa Catarina',	'CA',	1),
(626,	39,	'Santa Cruz',	'CR',	1),
(627,	39,	'Sao Domingos',	'SD',	1),
(628,	39,	'Sao Filipe',	'SF',	1),
(629,	39,	'Sao Nicolau',	'SN',	1),
(630,	39,	'Sao Vicente',	'SV',	1),
(631,	39,	'Tarrafal',	'TA',	1),
(632,	40,	'Creek',	'CR',	1),
(633,	40,	'Eastern',	'EA',	1),
(634,	40,	'Midland',	'ML',	1),
(635,	40,	'South Town',	'ST',	1),
(636,	40,	'Spot Bay',	'SP',	1),
(637,	40,	'Stake Bay',	'SK',	1),
(638,	40,	'West End',	'WD',	1),
(639,	40,	'Western',	'WN',	1),
(640,	41,	'Bamingui-Bangoran',	'BBA',	1),
(641,	41,	'Basse-Kotto',	'BKO',	1),
(642,	41,	'Haute-Kotto',	'HKO',	1),
(643,	41,	'Haut-Mbomou',	'HMB',	1),
(644,	41,	'Kemo',	'KEM',	1),
(645,	41,	'Lobaye',	'LOB',	1),
(646,	41,	'Mambere-Kade',	'MKD',	1),
(647,	41,	'Mbomou',	'MBO',	1),
(648,	41,	'Nana-Mambere',	'NMM',	1),
(649,	41,	'Ombella-M\'Poko',	'OMP',	1),
(650,	41,	'Ouaka',	'OUK',	1),
(651,	41,	'Ouham',	'OUH',	1),
(652,	41,	'Ouham-Pende',	'OPE',	1),
(653,	41,	'Vakaga',	'VAK',	1),
(654,	41,	'Nana-Grebizi',	'NGR',	1),
(655,	41,	'Sangha-Mbaere',	'SMB',	1),
(656,	41,	'Bangui',	'BAN',	1),
(657,	42,	'Batha',	'BA',	1),
(658,	42,	'Biltine',	'BI',	1),
(659,	42,	'Borkou-Ennedi-Tibesti',	'BE',	1),
(660,	42,	'Chari-Baguirmi',	'CB',	1),
(661,	42,	'Guera',	'GU',	1),
(662,	42,	'Kanem',	'KA',	1),
(663,	42,	'Lac',	'LA',	1),
(664,	42,	'Logone Occidental',	'LC',	1),
(665,	42,	'Logone Oriental',	'LR',	1),
(666,	42,	'Mayo-Kebbi',	'MK',	1),
(667,	42,	'Moyen-Chari',	'MC',	1),
(668,	42,	'Ouaddai',	'OU',	1),
(669,	42,	'Salamat',	'SA',	1),
(670,	42,	'Tandjile',	'TA',	1),
(671,	43,	'Aisen del General Carlos Ibanez',	'AI',	1),
(672,	43,	'Antofagasta',	'AN',	1),
(673,	43,	'Araucania',	'AR',	1),
(674,	43,	'Atacama',	'AT',	1),
(675,	43,	'Bio-Bio',	'BI',	1),
(676,	43,	'Coquimbo',	'CO',	1),
(677,	43,	'Libertador General Bernardo O\'Higgins',	'LI',	1),
(678,	43,	'Los Lagos',	'LL',	1),
(679,	43,	'Magallanes y de la Antartica Chilena',	'MA',	1),
(680,	43,	'Maule',	'ML',	1),
(681,	43,	'Region Metropolitana',	'RM',	1),
(682,	43,	'Tarapaca',	'TA',	1),
(683,	43,	'Valparaiso',	'VS',	1),
(684,	44,	'Anhui',	'AN',	1),
(685,	44,	'Beijing',	'BE',	1),
(686,	44,	'Chongqing',	'CH',	1),
(687,	44,	'Fujian',	'FU',	1),
(688,	44,	'Gansu',	'GA',	1),
(689,	44,	'Guangdong',	'GU',	1),
(690,	44,	'Guangxi',	'GX',	1),
(691,	44,	'Guizhou',	'GZ',	1),
(692,	44,	'Hainan',	'HA',	1),
(693,	44,	'Hebei',	'HB',	1),
(694,	44,	'Heilongjiang',	'HL',	1),
(695,	44,	'Henan',	'HE',	1),
(696,	44,	'Hong Kong',	'HK',	1),
(697,	44,	'Hubei',	'HU',	1),
(698,	44,	'Hunan',	'HN',	1),
(699,	44,	'Inner Mongolia',	'IM',	1),
(700,	44,	'Jiangsu',	'JI',	1),
(701,	44,	'Jiangxi',	'JX',	1),
(702,	44,	'Jilin',	'JL',	1),
(703,	44,	'Liaoning',	'LI',	1),
(704,	44,	'Macau',	'MA',	1),
(705,	44,	'Ningxia',	'NI',	1),
(706,	44,	'Shaanxi',	'SH',	1),
(707,	44,	'Shandong',	'SA',	1),
(708,	44,	'Shanghai',	'SG',	1),
(709,	44,	'Shanxi',	'SX',	1),
(710,	44,	'Sichuan',	'SI',	1),
(711,	44,	'Tianjin',	'TI',	1),
(712,	44,	'Xinjiang',	'XI',	1),
(713,	44,	'Yunnan',	'YU',	1),
(714,	44,	'Zhejiang',	'ZH',	1),
(715,	46,	'Direction Island',	'D',	1),
(716,	46,	'Home Island',	'H',	1),
(717,	46,	'Horsburgh Island',	'O',	1),
(718,	46,	'South Island',	'S',	1),
(719,	46,	'West Island',	'W',	1),
(720,	47,	'Amazonas',	'AMZ',	1),
(721,	47,	'Antioquia',	'ANT',	1),
(722,	47,	'Arauca',	'ARA',	1),
(723,	47,	'Atlantico',	'ATL',	1),
(724,	47,	'Bogota D.C.',	'BDC',	1),
(725,	47,	'Bolivar',	'BOL',	1),
(726,	47,	'Boyaca',	'BOY',	1),
(727,	47,	'Caldas',	'CAL',	1),
(728,	47,	'Caqueta',	'CAQ',	1),
(729,	47,	'Casanare',	'CAS',	1),
(730,	47,	'Cauca',	'CAU',	1),
(731,	47,	'Cesar',	'CES',	1),
(732,	47,	'Choco',	'CHO',	1),
(733,	47,	'Cordoba',	'COR',	1),
(734,	47,	'Cundinamarca',	'CAM',	1),
(735,	47,	'Guainia',	'GNA',	1),
(736,	47,	'Guajira',	'GJR',	1),
(737,	47,	'Guaviare',	'GVR',	1),
(738,	47,	'Huila',	'HUI',	1),
(739,	47,	'Magdalena',	'MAG',	1),
(740,	47,	'Meta',	'MET',	1),
(741,	47,	'Narino',	'NAR',	1),
(742,	47,	'Norte de Santander',	'NDS',	1),
(743,	47,	'Putumayo',	'PUT',	1),
(744,	47,	'Quindio',	'QUI',	1),
(745,	47,	'Risaralda',	'RIS',	1),
(746,	47,	'San Andres y Providencia',	'SAP',	1),
(747,	47,	'Santander',	'SAN',	1),
(748,	47,	'Sucre',	'SUC',	1),
(749,	47,	'Tolima',	'TOL',	1),
(750,	47,	'Valle del Cauca',	'VDC',	1),
(751,	47,	'Vaupes',	'VAU',	1),
(752,	47,	'Vichada',	'VIC',	1),
(753,	48,	'Grande Comore',	'G',	1),
(754,	48,	'Anjouan',	'A',	1),
(755,	48,	'Moheli',	'M',	1),
(756,	49,	'Bouenza',	'BO',	1),
(757,	49,	'Brazzaville',	'BR',	1),
(758,	49,	'Cuvette',	'CU',	1),
(759,	49,	'Cuvette-Ouest',	'CO',	1),
(760,	49,	'Kouilou',	'KO',	1),
(761,	49,	'Lekoumou',	'LE',	1),
(762,	49,	'Likouala',	'LI',	1),
(763,	49,	'Niari',	'NI',	1),
(764,	49,	'Plateaux',	'PL',	1),
(765,	49,	'Pool',	'PO',	1),
(766,	49,	'Sangha',	'SA',	1),
(767,	50,	'Pukapuka',	'PU',	1),
(768,	50,	'Rakahanga',	'RK',	1),
(769,	50,	'Manihiki',	'MK',	1),
(770,	50,	'Penrhyn',	'PE',	1),
(771,	50,	'Nassau Island',	'NI',	1),
(772,	50,	'Surwarrow',	'SU',	1),
(773,	50,	'Palmerston',	'PA',	1),
(774,	50,	'Aitutaki',	'AI',	1),
(775,	50,	'Manuae',	'MA',	1),
(776,	50,	'Takutea',	'TA',	1),
(777,	50,	'Mitiaro',	'MT',	1),
(778,	50,	'Atiu',	'AT',	1),
(779,	50,	'Mauke',	'MU',	1),
(780,	50,	'Rarotonga',	'RR',	1),
(781,	50,	'Mangaia',	'MG',	1),
(782,	51,	'Alajuela',	'AL',	1),
(783,	51,	'Cartago',	'CA',	1),
(784,	51,	'Guanacaste',	'GU',	1),
(785,	51,	'Heredia',	'HE',	1),
(786,	51,	'Limon',	'LI',	1),
(787,	51,	'Puntarenas',	'PU',	1),
(788,	51,	'San Jose',	'SJ',	1),
(789,	52,	'Abengourou',	'ABE',	1),
(790,	52,	'Abidjan',	'ABI',	1),
(791,	52,	'Aboisso',	'ABO',	1),
(792,	52,	'Adiake',	'ADI',	1),
(793,	52,	'Adzope',	'ADZ',	1),
(794,	52,	'Agboville',	'AGB',	1),
(795,	52,	'Agnibilekrou',	'AGN',	1),
(796,	52,	'Alepe',	'ALE',	1),
(797,	52,	'Bocanda',	'BOC',	1),
(798,	52,	'Bangolo',	'BAN',	1),
(799,	52,	'Beoumi',	'BEO',	1),
(800,	52,	'Biankouma',	'BIA',	1),
(801,	52,	'Bondoukou',	'BDK',	1),
(802,	52,	'Bongouanou',	'BGN',	1),
(803,	52,	'Bouafle',	'BFL',	1),
(804,	52,	'Bouake',	'BKE',	1),
(805,	52,	'Bouna',	'BNA',	1),
(806,	52,	'Boundiali',	'BDL',	1),
(807,	52,	'Dabakala',	'DKL',	1),
(808,	52,	'Dabou',	'DBU',	1),
(809,	52,	'Daloa',	'DAL',	1),
(810,	52,	'Danane',	'DAN',	1),
(811,	52,	'Daoukro',	'DAO',	1),
(812,	52,	'Dimbokro',	'DIM',	1),
(813,	52,	'Divo',	'DIV',	1),
(814,	52,	'Duekoue',	'DUE',	1),
(815,	52,	'Ferkessedougou',	'FER',	1),
(816,	52,	'Gagnoa',	'GAG',	1),
(817,	52,	'Grand-Bassam',	'GBA',	1),
(818,	52,	'Grand-Lahou',	'GLA',	1),
(819,	52,	'Guiglo',	'GUI',	1),
(820,	52,	'Issia',	'ISS',	1),
(821,	52,	'Jacqueville',	'JAC',	1),
(822,	52,	'Katiola',	'KAT',	1),
(823,	52,	'Korhogo',	'KOR',	1),
(824,	52,	'Lakota',	'LAK',	1),
(825,	52,	'Man',	'MAN',	1),
(826,	52,	'Mankono',	'MKN',	1),
(827,	52,	'Mbahiakro',	'MBA',	1),
(828,	52,	'Odienne',	'ODI',	1),
(829,	52,	'Oume',	'OUM',	1),
(830,	52,	'Sakassou',	'SAK',	1),
(831,	52,	'San-Pedro',	'SPE',	1),
(832,	52,	'Sassandra',	'SAS',	1),
(833,	52,	'Seguela',	'SEG',	1),
(834,	52,	'Sinfra',	'SIN',	1),
(835,	52,	'Soubre',	'SOU',	1),
(836,	52,	'Tabou',	'TAB',	1),
(837,	52,	'Tanda',	'TAN',	1),
(838,	52,	'Tiebissou',	'TIE',	1),
(839,	52,	'Tingrela',	'TIN',	1),
(840,	52,	'Tiassale',	'TIA',	1),
(841,	52,	'Touba',	'TBA',	1),
(842,	52,	'Toulepleu',	'TLP',	1),
(843,	52,	'Toumodi',	'TMD',	1),
(844,	52,	'Vavoua',	'VAV',	1),
(845,	52,	'Yamoussoukro',	'YAM',	1),
(846,	52,	'Zuenoula',	'ZUE',	1),
(847,	53,	'Bjelovarsko-bilogorska',	'BB',	1),
(848,	53,	'Grad Zagreb',	'GZ',	1),
(849,	53,	'Dubrovako-neretvanska',	'DN',	1),
(850,	53,	'Istarska',	'IS',	1),
(851,	53,	'Karlovaka',	'KA',	1),
(852,	53,	'Koprivniko-krievaka',	'KK',	1),
(853,	53,	'Krapinsko-zagorska',	'KZ',	1),
(854,	53,	'Liko-senjska',	'LS',	1),
(855,	53,	'Meimurska',	'ME',	1),
(856,	53,	'Osjeko-baranjska',	'OB',	1),
(857,	53,	'Poeko-slavonska',	'PS',	1),
(858,	53,	'Primorsko-goranska',	'PG',	1),
(859,	53,	'ibensko-kninska',	'SK',	1),
(860,	53,	'Sisako-moslavaka',	'SM',	1),
(861,	53,	'Brodsko-posavska',	'BP',	1),
(862,	53,	'Splitsko-dalmatinska',	'SD',	1),
(863,	53,	'Varadinska',	'VA',	1),
(864,	53,	'Virovitiko-podravska',	'VP',	1),
(865,	53,	'Vukovarsko-srijemska',	'VS',	1),
(866,	53,	'Zadarska',	'ZA',	1),
(867,	53,	'Zagrebaka',	'ZG',	1),
(868,	54,	'Camaguey',	'CA',	1),
(869,	54,	'Ciego de Avila',	'CD',	1),
(870,	54,	'Cienfuegos',	'CI',	1),
(871,	54,	'Ciudad de La Habana',	'CH',	1),
(872,	54,	'Granma',	'GR',	1),
(873,	54,	'Guantanamo',	'GU',	1),
(874,	54,	'Holguin',	'HO',	1),
(875,	54,	'Isla de la Juventud',	'IJ',	1),
(876,	54,	'La Habana',	'LH',	1),
(877,	54,	'Las Tunas',	'LT',	1),
(878,	54,	'Matanzas',	'MA',	1),
(879,	54,	'Pinar del Rio',	'PR',	1),
(880,	54,	'Sancti Spiritus',	'SS',	1),
(881,	54,	'Santiago de Cuba',	'SC',	1),
(882,	54,	'Villa Clara',	'VC',	1),
(883,	55,	'Famagusta',	'F',	1),
(884,	55,	'Kyrenia',	'K',	1),
(885,	55,	'Larnaca',	'A',	1),
(886,	55,	'Limassol',	'I',	1),
(887,	55,	'Nicosia',	'N',	1),
(888,	55,	'Paphos',	'P',	1),
(889,	56,	'steck',	'U',	1),
(890,	56,	'Jihoesk',	'C',	1),
(891,	56,	'Jihomoravsk',	'B',	1),
(892,	56,	'Karlovarsk',	'K',	1),
(893,	56,	'Krlovehradeck',	'H',	1),
(894,	56,	'Libereck',	'L',	1),
(895,	56,	'Moravskoslezsk',	'T',	1),
(896,	56,	'Olomouck',	'M',	1),
(897,	56,	'Pardubick',	'E',	1),
(898,	56,	'Plzesk',	'P',	1),
(899,	56,	'Praha',	'A',	1),
(900,	56,	'Stedoesk',	'S',	1),
(901,	56,	'Vysoina',	'J',	1),
(902,	56,	'Zlnsk',	'Z',	1),
(903,	57,	'Arhus',	'AR',	1),
(904,	57,	'Bornholm',	'BH',	1),
(905,	57,	'Copenhagen',	'CO',	1),
(906,	57,	'Faroe Islands',	'FO',	1),
(907,	57,	'Frederiksborg',	'FR',	1),
(908,	57,	'Fyn',	'FY',	1),
(909,	57,	'Kobenhavn',	'KO',	1),
(910,	57,	'Nordjylland',	'NO',	1),
(911,	57,	'Ribe',	'RI',	1),
(912,	57,	'Ringkobing',	'RK',	1),
(913,	57,	'Roskilde',	'RO',	1),
(914,	57,	'Sonderjylland',	'SO',	1),
(915,	57,	'Storstrom',	'ST',	1),
(916,	57,	'Vejle',	'VK',	1),
(917,	57,	'Vestj&aelig;lland',	'VJ',	1),
(918,	57,	'Viborg',	'VB',	1),
(919,	58,	'\'Ali Sabih',	'S',	1),
(920,	58,	'Dikhil',	'K',	1),
(921,	58,	'Djibouti',	'J',	1),
(922,	58,	'Obock',	'O',	1),
(923,	58,	'Tadjoura',	'T',	1),
(924,	59,	'Saint Andrew Parish',	'AND',	1),
(925,	59,	'Saint David Parish',	'DAV',	1),
(926,	59,	'Saint George Parish',	'GEO',	1),
(927,	59,	'Saint John Parish',	'JOH',	1),
(928,	59,	'Saint Joseph Parish',	'JOS',	1),
(929,	59,	'Saint Luke Parish',	'LUK',	1),
(930,	59,	'Saint Mark Parish',	'MAR',	1),
(931,	59,	'Saint Patrick Parish',	'PAT',	1),
(932,	59,	'Saint Paul Parish',	'PAU',	1),
(933,	59,	'Saint Peter Parish',	'PET',	1),
(934,	60,	'Distrito Nacional',	'DN',	1),
(935,	60,	'Azua',	'AZ',	1),
(936,	60,	'Baoruco',	'BC',	1),
(937,	60,	'Barahona',	'BH',	1),
(938,	60,	'Dajabon',	'DJ',	1),
(939,	60,	'Duarte',	'DU',	1),
(940,	60,	'Elias Pina',	'EL',	1),
(941,	60,	'El Seybo',	'SY',	1),
(942,	60,	'Espaillat',	'ET',	1),
(943,	60,	'Hato Mayor',	'HM',	1),
(944,	60,	'Independencia',	'IN',	1),
(945,	60,	'La Altagracia',	'AL',	1),
(946,	60,	'La Romana',	'RO',	1),
(947,	60,	'La Vega',	'VE',	1),
(948,	60,	'Maria Trinidad Sanchez',	'MT',	1),
(949,	60,	'Monsenor Nouel',	'MN',	1),
(950,	60,	'Monte Cristi',	'MC',	1),
(951,	60,	'Monte Plata',	'MP',	1),
(952,	60,	'Pedernales',	'PD',	1),
(953,	60,	'Peravia (Bani)',	'PR',	1),
(954,	60,	'Puerto Plata',	'PP',	1),
(955,	60,	'Salcedo',	'SL',	1),
(956,	60,	'Samana',	'SM',	1),
(957,	60,	'Sanchez Ramirez',	'SH',	1),
(958,	60,	'San Cristobal',	'SC',	1),
(959,	60,	'San Jose de Ocoa',	'JO',	1),
(960,	60,	'San Juan',	'SJ',	1),
(961,	60,	'San Pedro de Macoris',	'PM',	1),
(962,	60,	'Santiago',	'SA',	1),
(963,	60,	'Santiago Rodriguez',	'ST',	1),
(964,	60,	'Santo Domingo',	'SD',	1),
(965,	60,	'Valverde',	'VA',	1),
(966,	61,	'Aileu',	'AL',	1),
(967,	61,	'Ainaro',	'AN',	1),
(968,	61,	'Baucau',	'BA',	1),
(969,	61,	'Bobonaro',	'BO',	1),
(970,	61,	'Cova Lima',	'CO',	1),
(971,	61,	'Dili',	'DI',	1),
(972,	61,	'Ermera',	'ER',	1),
(973,	61,	'Lautem',	'LA',	1),
(974,	61,	'Liquica',	'LI',	1),
(975,	61,	'Manatuto',	'MT',	1),
(976,	61,	'Manufahi',	'MF',	1),
(977,	61,	'Oecussi',	'OE',	1),
(978,	61,	'Viqueque',	'VI',	1),
(979,	62,	'Azuay',	'AZU',	1),
(980,	62,	'Bolivar',	'BOL',	1),
(981,	62,	'Ca&ntilde;ar',	'CAN',	1),
(982,	62,	'Carchi',	'CAR',	1),
(983,	62,	'Chimborazo',	'CHI',	1),
(984,	62,	'Cotopaxi',	'COT',	1),
(985,	62,	'El Oro',	'EOR',	1),
(986,	62,	'Esmeraldas',	'ESM',	1),
(987,	62,	'Gal&aacute;pagos',	'GPS',	1),
(988,	62,	'Guayas',	'GUA',	1),
(989,	62,	'Imbabura',	'IMB',	1),
(990,	62,	'Loja',	'LOJ',	1),
(991,	62,	'Los Rios',	'LRO',	1),
(992,	62,	'Manab&iacute;',	'MAN',	1),
(993,	62,	'Morona Santiago',	'MSA',	1),
(994,	62,	'Napo',	'NAP',	1),
(995,	62,	'Orellana',	'ORE',	1),
(996,	62,	'Pastaza',	'PAS',	1),
(997,	62,	'Pichincha',	'PIC',	1),
(998,	62,	'Sucumb&iacute;os',	'SUC',	1),
(999,	62,	'Tungurahua',	'TUN',	1),
(1000,	62,	'Zamora Chinchipe',	'ZCH',	1),
(1001,	63,	'Ad Daqahliyah',	'DHY',	1),
(1002,	63,	'Al Bahr al Ahmar',	'BAM',	1),
(1003,	63,	'Al Buhayrah',	'BHY',	1),
(1004,	63,	'Al Fayyum',	'FYM',	1),
(1005,	63,	'Al Gharbiyah',	'GBY',	1),
(1006,	63,	'Al Iskandariyah',	'IDR',	1),
(1007,	63,	'Al Isma\'iliyah',	'IML',	1),
(1008,	63,	'Al Jizah',	'JZH',	1),
(1009,	63,	'Al Minufiyah',	'MFY',	1),
(1010,	63,	'Al Minya',	'MNY',	1),
(1011,	63,	'Al Qahirah',	'QHR',	1),
(1012,	63,	'Al Qalyubiyah',	'QLY',	1),
(1013,	63,	'Al Wadi al Jadid',	'WJD',	1),
(1014,	63,	'Ash Sharqiyah',	'SHQ',	1),
(1015,	63,	'As Suways',	'SWY',	1),
(1016,	63,	'Aswan',	'ASW',	1),
(1017,	63,	'Asyut',	'ASY',	1),
(1018,	63,	'Bani Suwayf',	'BSW',	1),
(1019,	63,	'Bur Sa\'id',	'BSD',	1),
(1020,	63,	'Dumyat',	'DMY',	1),
(1021,	63,	'Janub Sina\'',	'JNS',	1),
(1022,	63,	'Kafr ash Shaykh',	'KSH',	1),
(1023,	63,	'Matruh',	'MAT',	1),
(1024,	63,	'Qina',	'QIN',	1),
(1025,	63,	'Shamal Sina\'',	'SHS',	1),
(1026,	63,	'Suhaj',	'SUH',	1),
(1027,	64,	'Ahuachapan',	'AH',	1),
(1028,	64,	'Cabanas',	'CA',	1),
(1029,	64,	'Chalatenango',	'CH',	1),
(1030,	64,	'Cuscatlan',	'CU',	1),
(1031,	64,	'La Libertad',	'LB',	1),
(1032,	64,	'La Paz',	'PZ',	1),
(1033,	64,	'La Union',	'UN',	1),
(1034,	64,	'Morazan',	'MO',	1),
(1035,	64,	'San Miguel',	'SM',	1),
(1036,	64,	'San Salvador',	'SS',	1),
(1037,	64,	'San Vicente',	'SV',	1),
(1038,	64,	'Santa Ana',	'SA',	1),
(1039,	64,	'Sonsonate',	'SO',	1),
(1040,	64,	'Usulutan',	'US',	1),
(1041,	65,	'Provincia Annobon',	'AN',	1),
(1042,	65,	'Provincia Bioko Norte',	'BN',	1),
(1043,	65,	'Provincia Bioko Sur',	'BS',	1),
(1044,	65,	'Provincia Centro Sur',	'CS',	1),
(1045,	65,	'Provincia Kie-Ntem',	'KN',	1),
(1046,	65,	'Provincia Litoral',	'LI',	1),
(1047,	65,	'Provincia Wele-Nzas',	'WN',	1),
(1048,	66,	'Central (Maekel)',	'MA',	1),
(1049,	66,	'Anseba (Keren)',	'KE',	1),
(1050,	66,	'Southern Red Sea (Debub-Keih-Bahri)',	'DK',	1),
(1051,	66,	'Northern Red Sea (Semien-Keih-Bahri)',	'SK',	1),
(1052,	66,	'Southern (Debub)',	'DE',	1),
(1053,	66,	'Gash-Barka (Barentu)',	'BR',	1),
(1054,	67,	'Harjumaa (Tallinn)',	'HA',	1),
(1055,	67,	'Hiiumaa (Kardla)',	'HI',	1),
(1056,	67,	'Ida-Virumaa (Johvi)',	'IV',	1),
(1057,	67,	'Jarvamaa (Paide)',	'JA',	1),
(1058,	67,	'Jogevamaa (Jogeva)',	'JO',	1),
(1059,	67,	'Laane-Virumaa (Rakvere)',	'LV',	1),
(1060,	67,	'Laanemaa (Haapsalu)',	'LA',	1),
(1061,	67,	'Parnumaa (Parnu)',	'PA',	1),
(1062,	67,	'Polvamaa (Polva)',	'PO',	1),
(1063,	67,	'Raplamaa (Rapla)',	'RA',	1),
(1064,	67,	'Saaremaa (Kuessaare)',	'SA',	1),
(1065,	67,	'Tartumaa (Tartu)',	'TA',	1),
(1066,	67,	'Valgamaa (Valga)',	'VA',	1),
(1067,	67,	'Viljandimaa (Viljandi)',	'VI',	1),
(1068,	67,	'Vorumaa (Voru)',	'VO',	1),
(1069,	68,	'Afar',	'AF',	1),
(1070,	68,	'Amhara',	'AH',	1),
(1071,	68,	'Benishangul-Gumaz',	'BG',	1),
(1072,	68,	'Gambela',	'GB',	1),
(1073,	68,	'Hariai',	'HR',	1),
(1074,	68,	'Oromia',	'OR',	1),
(1075,	68,	'Somali',	'SM',	1),
(1076,	68,	'Southern Nations - Nationalities and Peoples Region',	'SN',	1),
(1077,	68,	'Tigray',	'TG',	1),
(1078,	68,	'Addis Ababa',	'AA',	1),
(1079,	68,	'Dire Dawa',	'DD',	1),
(1080,	71,	'Central Division',	'C',	1),
(1081,	71,	'Northern Division',	'N',	1),
(1082,	71,	'Eastern Division',	'E',	1),
(1083,	71,	'Western Division',	'W',	1),
(1084,	71,	'Rotuma',	'R',	1),
(1085,	72,	'Ahvenanmaan lni',	'AL',	1),
(1086,	72,	'Etel-Suomen lni',	'ES',	1),
(1087,	72,	'It-Suomen lni',	'IS',	1),
(1088,	72,	'Lnsi-Suomen lni',	'LS',	1),
(1089,	72,	'Lapin lni',	'LA',	1),
(1090,	72,	'Oulun lni',	'OU',	1),
(1114,	74,	'Ain',	'01',	1),
(1115,	74,	'Aisne',	'02',	1),
(1116,	74,	'Allier',	'03',	1),
(1117,	74,	'Alpes de Haute Provence',	'04',	1),
(1118,	74,	'Hautes-Alpes',	'05',	1),
(1119,	74,	'Alpes Maritimes',	'06',	1),
(1120,	74,	'Ard&egrave;che',	'07',	1),
(1121,	74,	'Ardennes',	'08',	1),
(1122,	74,	'Ari&egrave;ge',	'09',	1),
(1123,	74,	'Aube',	'10',	1),
(1124,	74,	'Aude',	'11',	1),
(1125,	74,	'Aveyron',	'12',	1),
(1126,	74,	'Bouches du Rh&ocirc;ne',	'13',	1),
(1127,	74,	'Calvados',	'14',	1),
(1128,	74,	'Cantal',	'15',	1),
(1129,	74,	'Charente',	'16',	1),
(1130,	74,	'Charente Maritime',	'17',	1),
(1131,	74,	'Cher',	'18',	1),
(1132,	74,	'Corr&egrave;ze',	'19',	1),
(1133,	74,	'Corse du Sud',	'2A',	1),
(1134,	74,	'Haute Corse',	'2B',	1),
(1135,	74,	'C&ocirc;te d&#039;or',	'21',	1),
(1136,	74,	'C&ocirc;tes d&#039;Armor',	'22',	1),
(1137,	74,	'Creuse',	'23',	1),
(1138,	74,	'Dordogne',	'24',	1),
(1139,	74,	'Doubs',	'25',	1),
(1140,	74,	'Dr&ocirc;me',	'26',	1),
(1141,	74,	'Eure',	'27',	1),
(1142,	74,	'Eure et Loir',	'28',	1),
(1143,	74,	'Finist&egrave;re',	'29',	1),
(1144,	74,	'Gard',	'30',	1),
(1145,	74,	'Haute Garonne',	'31',	1),
(1146,	74,	'Gers',	'32',	1),
(1147,	74,	'Gironde',	'33',	1),
(1148,	74,	'H&eacute;rault',	'34',	1),
(1149,	74,	'Ille et Vilaine',	'35',	1),
(1150,	74,	'Indre',	'36',	1),
(1151,	74,	'Indre et Loire',	'37',	1),
(1152,	74,	'Is&eacute;re',	'38',	1),
(1153,	74,	'Jura',	'39',	1),
(1154,	74,	'Landes',	'40',	1),
(1155,	74,	'Loir et Cher',	'41',	1),
(1156,	74,	'Loire',	'42',	1),
(1157,	74,	'Haute Loire',	'43',	1),
(1158,	74,	'Loire Atlantique',	'44',	1),
(1159,	74,	'Loiret',	'45',	1),
(1160,	74,	'Lot',	'46',	1),
(1161,	74,	'Lot et Garonne',	'47',	1),
(1162,	74,	'Loz&egrave;re',	'48',	1),
(1163,	74,	'Maine et Loire',	'49',	1),
(1164,	74,	'Manche',	'50',	1),
(1165,	74,	'Marne',	'51',	1),
(1166,	74,	'Haute Marne',	'52',	1),
(1167,	74,	'Mayenne',	'53',	1),
(1168,	74,	'Meurthe et Moselle',	'54',	1),
(1169,	74,	'Meuse',	'55',	1),
(1170,	74,	'Morbihan',	'56',	1),
(1171,	74,	'Moselle',	'57',	1),
(1172,	74,	'Ni&egrave;vre',	'58',	1),
(1173,	74,	'Nord',	'59',	1),
(1174,	74,	'Oise',	'60',	1),
(1175,	74,	'Orne',	'61',	1),
(1176,	74,	'Pas de Calais',	'62',	1),
(1177,	74,	'Puy de D&ocirc;me',	'63',	1),
(1178,	74,	'Pyr&eacute;n&eacute;es Atlantiques',	'64',	1),
(1179,	74,	'Hautes Pyr&eacute;n&eacute;es',	'65',	1),
(1180,	74,	'Pyr&eacute;n&eacute;es Orientales',	'66',	1),
(1181,	74,	'Bas Rhin',	'67',	1),
(1182,	74,	'Haut Rhin',	'68',	1),
(1183,	74,	'Rh&ocirc;ne',	'69',	1),
(1184,	74,	'Haute Sa&ocirc;ne',	'70',	1),
(1185,	74,	'Sa&ocirc;ne et Loire',	'71',	1),
(1186,	74,	'Sarthe',	'72',	1),
(1187,	74,	'Savoie',	'73',	1),
(1188,	74,	'Haute Savoie',	'74',	1),
(1189,	74,	'Paris',	'75',	1),
(1190,	74,	'Seine Maritime',	'76',	1),
(1191,	74,	'Seine et Marne',	'77',	1),
(1192,	74,	'Yvelines',	'78',	1),
(1193,	74,	'Deux S&egrave;vres',	'79',	1),
(1194,	74,	'Somme',	'80',	1),
(1195,	74,	'Tarn',	'81',	1),
(1196,	74,	'Tarn et Garonne',	'82',	1),
(1197,	74,	'Var',	'83',	1),
(1198,	74,	'Vaucluse',	'84',	1),
(1199,	74,	'Vend&eacute;e',	'85',	1),
(1200,	74,	'Vienne',	'86',	1),
(1201,	74,	'Haute Vienne',	'87',	1),
(1202,	74,	'Vosges',	'88',	1),
(1203,	74,	'Yonne',	'89',	1),
(1204,	74,	'Territoire de Belfort',	'90',	1),
(1205,	74,	'Essonne',	'91',	1),
(1206,	74,	'Hauts de Seine',	'92',	1),
(1207,	74,	'Seine St-Denis',	'93',	1),
(1208,	74,	'Val de Marne',	'94',	1),
(1209,	74,	'Val d\'Oise',	'95',	1),
(1210,	76,	'Archipel des Marquises',	'M',	1),
(1211,	76,	'Archipel des Tuamotu',	'T',	1),
(1212,	76,	'Archipel des Tubuai',	'I',	1),
(1213,	76,	'Iles du Vent',	'V',	1),
(1214,	76,	'Iles Sous-le-Vent',	'S',	1),
(1215,	77,	'Iles Crozet',	'C',	1),
(1216,	77,	'Iles Kerguelen',	'K',	1),
(1217,	77,	'Ile Amsterdam',	'A',	1),
(1218,	77,	'Ile Saint-Paul',	'P',	1),
(1219,	77,	'Adelie Land',	'D',	1),
(1220,	78,	'Estuaire',	'ES',	1),
(1221,	78,	'Haut-Ogooue',	'HO',	1),
(1222,	78,	'Moyen-Ogooue',	'MO',	1),
(1223,	78,	'Ngounie',	'NG',	1),
(1224,	78,	'Nyanga',	'NY',	1),
(1225,	78,	'Ogooue-Ivindo',	'OI',	1),
(1226,	78,	'Ogooue-Lolo',	'OL',	1),
(1227,	78,	'Ogooue-Maritime',	'OM',	1),
(1228,	78,	'Woleu-Ntem',	'WN',	1),
(1229,	79,	'Banjul',	'BJ',	1),
(1230,	79,	'Basse',	'BS',	1),
(1231,	79,	'Brikama',	'BR',	1),
(1232,	79,	'Janjangbure',	'JA',	1),
(1233,	79,	'Kanifeng',	'KA',	1),
(1234,	79,	'Kerewan',	'KE',	1),
(1235,	79,	'Kuntaur',	'KU',	1),
(1236,	79,	'Mansakonko',	'MA',	1),
(1237,	79,	'Lower River',	'LR',	1),
(1238,	79,	'Central River',	'CR',	1),
(1239,	79,	'North Bank',	'NB',	1),
(1240,	79,	'Upper River',	'UR',	1),
(1241,	79,	'Western',	'WE',	1),
(1242,	80,	'Abkhazia',	'AB',	1),
(1243,	80,	'Ajaria',	'AJ',	1),
(1244,	80,	'Tbilisi',	'TB',	1),
(1245,	80,	'Guria',	'GU',	1),
(1246,	80,	'Imereti',	'IM',	1),
(1247,	80,	'Kakheti',	'KA',	1),
(1248,	80,	'Kvemo Kartli',	'KK',	1),
(1249,	80,	'Mtskheta-Mtianeti',	'MM',	1),
(1250,	80,	'Racha Lechkhumi and Kvemo Svanet',	'RL',	1),
(1251,	80,	'Samegrelo-Zemo Svaneti',	'SZ',	1),
(1252,	80,	'Samtskhe-Javakheti',	'SJ',	1),
(1253,	80,	'Shida Kartli',	'SK',	1),
(1254,	81,	'Baden-W&uuml;rttemberg',	'BAW',	1),
(1255,	81,	'Bayern',	'BAY',	1),
(1256,	81,	'Berlin',	'BER',	1),
(1257,	81,	'Brandenburg',	'BRG',	1),
(1258,	81,	'Bremen',	'BRE',	1),
(1259,	81,	'Hamburg',	'HAM',	1),
(1260,	81,	'Hessen',	'HES',	1),
(1261,	81,	'Mecklenburg-Vorpommern',	'MEC',	1),
(1262,	81,	'Niedersachsen',	'NDS',	1),
(1263,	81,	'Nordrhein-Westfalen',	'NRW',	1),
(1264,	81,	'Rheinland-Pfalz',	'RHE',	1),
(1265,	81,	'Saarland',	'SAR',	1),
(1266,	81,	'Sachsen',	'SAS',	1),
(1267,	81,	'Sachsen-Anhalt',	'SAC',	1),
(1268,	81,	'Schleswig-Holstein',	'SCN',	1),
(1269,	81,	'Th&uuml;ringen',	'THE',	1),
(1270,	82,	'Ashanti Region',	'AS',	1),
(1271,	82,	'Brong-Ahafo Region',	'BA',	1),
(1272,	82,	'Central Region',	'CE',	1),
(1273,	82,	'Eastern Region',	'EA',	1),
(1274,	82,	'Greater Accra Region',	'GA',	1),
(1275,	82,	'Northern Region',	'NO',	1),
(1276,	82,	'Upper East Region',	'UE',	1),
(1277,	82,	'Upper West Region',	'UW',	1),
(1278,	82,	'Volta Region',	'VO',	1),
(1279,	82,	'Western Region',	'WE',	1),
(1280,	84,	'Attica',	'AT',	1),
(1281,	84,	'Central Greece',	'CN',	1),
(1282,	84,	'Central Macedonia',	'CM',	1),
(1283,	84,	'Crete',	'CR',	1),
(1284,	84,	'East Macedonia and Thrace',	'EM',	1),
(1285,	84,	'Epirus',	'EP',	1),
(1286,	84,	'Ionian Islands',	'II',	1),
(1287,	84,	'North Aegean',	'NA',	1),
(1288,	84,	'Peloponnesos',	'PP',	1),
(1289,	84,	'South Aegean',	'SA',	1),
(1290,	84,	'Thessaly',	'TH',	1),
(1291,	84,	'West Greece',	'WG',	1),
(1292,	84,	'West Macedonia',	'WM',	1),
(1293,	85,	'Avannaa',	'A',	1),
(1294,	85,	'Tunu',	'T',	1),
(1295,	85,	'Kitaa',	'K',	1),
(1296,	86,	'Saint Andrew',	'A',	1),
(1297,	86,	'Saint David',	'D',	1),
(1298,	86,	'Saint George',	'G',	1),
(1299,	86,	'Saint John',	'J',	1),
(1300,	86,	'Saint Mark',	'M',	1),
(1301,	86,	'Saint Patrick',	'P',	1),
(1302,	86,	'Carriacou',	'C',	1),
(1303,	86,	'Petit Martinique',	'Q',	1),
(1304,	89,	'Alta Verapaz',	'AV',	1),
(1305,	89,	'Baja Verapaz',	'BV',	1),
(1306,	89,	'Chimaltenango',	'CM',	1),
(1307,	89,	'Chiquimula',	'CQ',	1),
(1308,	89,	'El Peten',	'PE',	1),
(1309,	89,	'El Progreso',	'PR',	1),
(1310,	89,	'El Quiche',	'QC',	1),
(1311,	89,	'Escuintla',	'ES',	1),
(1312,	89,	'Guatemala',	'GU',	1),
(1313,	89,	'Huehuetenango',	'HU',	1),
(1314,	89,	'Izabal',	'IZ',	1),
(1315,	89,	'Jalapa',	'JA',	1),
(1316,	89,	'Jutiapa',	'JU',	1),
(1317,	89,	'Quetzaltenango',	'QZ',	1),
(1318,	89,	'Retalhuleu',	'RE',	1),
(1319,	89,	'Sacatepequez',	'ST',	1),
(1320,	89,	'San Marcos',	'SM',	1),
(1321,	89,	'Santa Rosa',	'SR',	1),
(1322,	89,	'Solola',	'SO',	1),
(1323,	89,	'Suchitepequez',	'SU',	1),
(1324,	89,	'Totonicapan',	'TO',	1),
(1325,	89,	'Zacapa',	'ZA',	1),
(1326,	90,	'Conakry',	'CNK',	1),
(1327,	90,	'Beyla',	'BYL',	1),
(1328,	90,	'Boffa',	'BFA',	1),
(1329,	90,	'Boke',	'BOK',	1),
(1330,	90,	'Coyah',	'COY',	1),
(1331,	90,	'Dabola',	'DBL',	1),
(1332,	90,	'Dalaba',	'DLB',	1),
(1333,	90,	'Dinguiraye',	'DGR',	1),
(1334,	90,	'Dubreka',	'DBR',	1),
(1335,	90,	'Faranah',	'FRN',	1),
(1336,	90,	'Forecariah',	'FRC',	1),
(1337,	90,	'Fria',	'FRI',	1),
(1338,	90,	'Gaoual',	'GAO',	1),
(1339,	90,	'Gueckedou',	'GCD',	1),
(1340,	90,	'Kankan',	'KNK',	1),
(1341,	90,	'Kerouane',	'KRN',	1),
(1342,	90,	'Kindia',	'KND',	1),
(1343,	90,	'Kissidougou',	'KSD',	1),
(1344,	90,	'Koubia',	'KBA',	1),
(1345,	90,	'Koundara',	'KDA',	1),
(1346,	90,	'Kouroussa',	'KRA',	1),
(1347,	90,	'Labe',	'LAB',	1),
(1348,	90,	'Lelouma',	'LLM',	1),
(1349,	90,	'Lola',	'LOL',	1),
(1350,	90,	'Macenta',	'MCT',	1),
(1351,	90,	'Mali',	'MAL',	1),
(1352,	90,	'Mamou',	'MAM',	1),
(1353,	90,	'Mandiana',	'MAN',	1),
(1354,	90,	'Nzerekore',	'NZR',	1),
(1355,	90,	'Pita',	'PIT',	1),
(1356,	90,	'Siguiri',	'SIG',	1),
(1357,	90,	'Telimele',	'TLM',	1),
(1358,	90,	'Tougue',	'TOG',	1),
(1359,	90,	'Yomou',	'YOM',	1),
(1360,	91,	'Bafata Region',	'BF',	1),
(1361,	91,	'Biombo Region',	'BB',	1),
(1362,	91,	'Bissau Region',	'BS',	1),
(1363,	91,	'Bolama Region',	'BL',	1),
(1364,	91,	'Cacheu Region',	'CA',	1),
(1365,	91,	'Gabu Region',	'GA',	1),
(1366,	91,	'Oio Region',	'OI',	1),
(1367,	91,	'Quinara Region',	'QU',	1),
(1368,	91,	'Tombali Region',	'TO',	1),
(1369,	92,	'Barima-Waini',	'BW',	1),
(1370,	92,	'Cuyuni-Mazaruni',	'CM',	1),
(1371,	92,	'Demerara-Mahaica',	'DM',	1),
(1372,	92,	'East Berbice-Corentyne',	'EC',	1),
(1373,	92,	'Essequibo Islands-West Demerara',	'EW',	1),
(1374,	92,	'Mahaica-Berbice',	'MB',	1),
(1375,	92,	'Pomeroon-Supenaam',	'PM',	1),
(1376,	92,	'Potaro-Siparuni',	'PI',	1),
(1377,	92,	'Upper Demerara-Berbice',	'UD',	1),
(1378,	92,	'Upper Takutu-Upper Essequibo',	'UT',	1),
(1379,	93,	'Artibonite',	'AR',	1),
(1380,	93,	'Centre',	'CE',	1),
(1381,	93,	'Grand\'Anse',	'GA',	1),
(1382,	93,	'Nord',	'ND',	1),
(1383,	93,	'Nord-Est',	'NE',	1),
(1384,	93,	'Nord-Ouest',	'NO',	1),
(1385,	93,	'Ouest',	'OU',	1),
(1386,	93,	'Sud',	'SD',	1),
(1387,	93,	'Sud-Est',	'SE',	1),
(1388,	94,	'Flat Island',	'F',	1),
(1389,	94,	'McDonald Island',	'M',	1),
(1390,	94,	'Shag Island',	'S',	1),
(1391,	94,	'Heard Island',	'H',	1),
(1392,	95,	'Atlantida',	'AT',	1),
(1393,	95,	'Choluteca',	'CH',	1),
(1394,	95,	'Colon',	'CL',	1),
(1395,	95,	'Comayagua',	'CM',	1),
(1396,	95,	'Copan',	'CP',	1),
(1397,	95,	'Cortes',	'CR',	1),
(1398,	95,	'El Paraiso',	'PA',	1),
(1399,	95,	'Francisco Morazan',	'FM',	1),
(1400,	95,	'Gracias a Dios',	'GD',	1),
(1401,	95,	'Intibuca',	'IN',	1),
(1402,	95,	'Islas de la Bahia (Bay Islands)',	'IB',	1),
(1403,	95,	'La Paz',	'PZ',	1),
(1404,	95,	'Lempira',	'LE',	1),
(1405,	95,	'Ocotepeque',	'OC',	1),
(1406,	95,	'Olancho',	'OL',	1),
(1407,	95,	'Santa Barbara',	'SB',	1),
(1408,	95,	'Valle',	'VA',	1),
(1409,	95,	'Yoro',	'YO',	1),
(1410,	96,	'Central and Western Hong Kong Island',	'HCW',	1),
(1411,	96,	'Eastern Hong Kong Island',	'HEA',	1),
(1412,	96,	'Southern Hong Kong Island',	'HSO',	1),
(1413,	96,	'Wan Chai Hong Kong Island',	'HWC',	1),
(1414,	96,	'Kowloon City Kowloon',	'KKC',	1),
(1415,	96,	'Kwun Tong Kowloon',	'KKT',	1),
(1416,	96,	'Sham Shui Po Kowloon',	'KSS',	1),
(1417,	96,	'Wong Tai Sin Kowloon',	'KWT',	1),
(1418,	96,	'Yau Tsim Mong Kowloon',	'KYT',	1),
(1419,	96,	'Islands New Territories',	'NIS',	1),
(1420,	96,	'Kwai Tsing New Territories',	'NKT',	1),
(1421,	96,	'North New Territories',	'NNO',	1),
(1422,	96,	'Sai Kung New Territories',	'NSK',	1),
(1423,	96,	'Sha Tin New Territories',	'NST',	1),
(1424,	96,	'Tai Po New Territories',	'NTP',	1),
(1425,	96,	'Tsuen Wan New Territories',	'NTW',	1),
(1426,	96,	'Tuen Mun New Territories',	'NTM',	1),
(1427,	96,	'Yuen Long New Territories',	'NYL',	1),
(1467,	98,	'Austurland',	'AL',	1),
(1468,	98,	'Hofuoborgarsvaeoi',	'HF',	1),
(1469,	98,	'Norourland eystra',	'NE',	1),
(1470,	98,	'Norourland vestra',	'NV',	1),
(1471,	98,	'Suourland',	'SL',	1),
(1472,	98,	'Suournes',	'SN',	1),
(1473,	98,	'Vestfiroir',	'VF',	1),
(1474,	98,	'Vesturland',	'VL',	1),
(1475,	99,	'Andaman and Nicobar Islands',	'AN',	1),
(1476,	99,	'Andhra Pradesh',	'AP',	1),
(1477,	99,	'Arunachal Pradesh',	'AR',	1),
(1478,	99,	'Assam',	'AS',	1),
(1479,	99,	'Bihar',	'BI',	1),
(1480,	99,	'Chandigarh',	'CH',	1),
(1481,	99,	'Dadra and Nagar Haveli',	'DA',	1),
(1482,	99,	'Daman and Diu',	'DM',	1),
(1483,	99,	'Delhi',	'DE',	1),
(1484,	99,	'Goa',	'GO',	1),
(1485,	99,	'Gujarat',	'GU',	1),
(1486,	99,	'Haryana',	'HA',	1),
(1487,	99,	'Himachal Pradesh',	'HP',	1),
(1488,	99,	'Jammu and Kashmir',	'JA',	1),
(1489,	99,	'Karnataka',	'KA',	1),
(1490,	99,	'Kerala',	'KE',	1),
(1491,	99,	'Lakshadweep Islands',	'LI',	1),
(1492,	99,	'Madhya Pradesh',	'MP',	1),
(1493,	99,	'Maharashtra',	'MA',	1),
(1494,	99,	'Manipur',	'MN',	1),
(1495,	99,	'Meghalaya',	'ME',	1),
(1496,	99,	'Mizoram',	'MI',	1),
(1497,	99,	'Nagaland',	'NA',	1),
(1498,	99,	'Orissa',	'OR',	1),
(1499,	99,	'Puducherry',	'PO',	1),
(1500,	99,	'Punjab',	'PU',	1),
(1501,	99,	'Rajasthan',	'RA',	1),
(1502,	99,	'Sikkim',	'SI',	1),
(1503,	99,	'Tamil Nadu',	'TN',	1),
(1504,	99,	'Tripura',	'TR',	1),
(1505,	99,	'Uttar Pradesh',	'UP',	1),
(1506,	99,	'West Bengal',	'WB',	1),
(1507,	100,	'Aceh',	'AC',	1),
(1508,	100,	'Bali',	'BA',	1),
(1509,	100,	'Banten',	'BT',	1),
(1510,	100,	'Bengkulu',	'BE',	1),
(1511,	100,	'BoDeTaBek',	'BD',	1),
(1512,	100,	'Gorontalo',	'GO',	1),
(1513,	100,	'Jakarta Raya',	'JK',	1),
(1514,	100,	'Jambi',	'JA',	1),
(1515,	100,	'Jawa Barat',	'JB',	1),
(1516,	100,	'Jawa Tengah',	'JT',	1),
(1517,	100,	'Jawa Timur',	'JI',	1),
(1518,	100,	'Kalimantan Barat',	'KB',	1),
(1519,	100,	'Kalimantan Selatan',	'KS',	1),
(1520,	100,	'Kalimantan Tengah',	'KT',	1),
(1521,	100,	'Kalimantan Timur',	'KI',	1),
(1522,	100,	'Kepulauan Bangka Belitung',	'BB',	1),
(1523,	100,	'Lampung',	'LA',	1),
(1524,	100,	'Maluku',	'MA',	1),
(1525,	100,	'Maluku Utara',	'MU',	1),
(1526,	100,	'Nusa Tenggara Barat',	'NB',	1),
(1527,	100,	'Nusa Tenggara Timur',	'NT',	1),
(1528,	100,	'Papua',	'PA',	1),
(1529,	100,	'Riau',	'RI',	1),
(1530,	100,	'Sulawesi Selatan',	'SN',	1),
(1531,	100,	'Sulawesi Tengah',	'ST',	1),
(1532,	100,	'Sulawesi Tenggara',	'SG',	1),
(1533,	100,	'Sulawesi Utara',	'SA',	1),
(1534,	100,	'Sumatera Barat',	'SB',	1),
(1535,	100,	'Sumatera Selatan',	'SS',	1),
(1536,	100,	'Sumatera Utara',	'SU',	1),
(1537,	100,	'Yogyakarta',	'YO',	1),
(1538,	101,	'Tehran',	'TEH',	1),
(1539,	101,	'Qom',	'QOM',	1),
(1540,	101,	'Markazi',	'MKZ',	1),
(1541,	101,	'Qazvin',	'QAZ',	1),
(1542,	101,	'Gilan',	'GIL',	1),
(1543,	101,	'Ardabil',	'ARD',	1),
(1544,	101,	'Zanjan',	'ZAN',	1),
(1545,	101,	'East Azarbaijan',	'EAZ',	1),
(1546,	101,	'West Azarbaijan',	'WEZ',	1),
(1547,	101,	'Kurdistan',	'KRD',	1),
(1548,	101,	'Hamadan',	'HMD',	1),
(1549,	101,	'Kermanshah',	'KRM',	1),
(1550,	101,	'Ilam',	'ILM',	1),
(1551,	101,	'Lorestan',	'LRS',	1),
(1552,	101,	'Khuzestan',	'KZT',	1),
(1553,	101,	'Chahar Mahaal and Bakhtiari',	'CMB',	1),
(1554,	101,	'Kohkiluyeh and Buyer Ahmad',	'KBA',	1),
(1555,	101,	'Bushehr',	'BSH',	1),
(1556,	101,	'Fars',	'FAR',	1),
(1557,	101,	'Hormozgan',	'HRM',	1),
(1558,	101,	'Sistan and Baluchistan',	'SBL',	1),
(1559,	101,	'Kerman',	'KRB',	1),
(1560,	101,	'Yazd',	'YZD',	1),
(1561,	101,	'Esfahan',	'EFH',	1),
(1562,	101,	'Semnan',	'SMN',	1),
(1563,	101,	'Mazandaran',	'MZD',	1),
(1564,	101,	'Golestan',	'GLS',	1),
(1565,	101,	'North Khorasan',	'NKH',	1),
(1566,	101,	'Razavi Khorasan',	'RKH',	1),
(1567,	101,	'South Khorasan',	'SKH',	1),
(1568,	102,	'Baghdad',	'BD',	1),
(1569,	102,	'Salah ad Din',	'SD',	1),
(1570,	102,	'Diyala',	'DY',	1),
(1571,	102,	'Wasit',	'WS',	1),
(1572,	102,	'Maysan',	'MY',	1),
(1573,	102,	'Al Basrah',	'BA',	1),
(1574,	102,	'Dhi Qar',	'DQ',	1),
(1575,	102,	'Al Muthanna',	'MU',	1),
(1576,	102,	'Al Qadisyah',	'QA',	1),
(1577,	102,	'Babil',	'BB',	1),
(1578,	102,	'Al Karbala',	'KB',	1),
(1579,	102,	'An Najaf',	'NJ',	1),
(1580,	102,	'Al Anbar',	'AB',	1),
(1581,	102,	'Ninawa',	'NN',	1),
(1582,	102,	'Dahuk',	'DH',	1),
(1583,	102,	'Arbil',	'AL',	1),
(1584,	102,	'At Ta\'mim',	'TM',	1),
(1585,	102,	'As Sulaymaniyah',	'SL',	1),
(1586,	103,	'Carlow',	'CA',	1),
(1587,	103,	'Cavan',	'CV',	1),
(1588,	103,	'Clare',	'CL',	1),
(1589,	103,	'Cork',	'CO',	1),
(1590,	103,	'Donegal',	'DO',	1),
(1591,	103,	'Dublin',	'DU',	1),
(1592,	103,	'Galway',	'GA',	1),
(1593,	103,	'Kerry',	'KE',	1),
(1594,	103,	'Kildare',	'KI',	1),
(1595,	103,	'Kilkenny',	'KL',	1),
(1596,	103,	'Laois',	'LA',	1),
(1597,	103,	'Leitrim',	'LE',	1),
(1598,	103,	'Limerick',	'LI',	1),
(1599,	103,	'Longford',	'LO',	1),
(1600,	103,	'Louth',	'LU',	1),
(1601,	103,	'Mayo',	'MA',	1),
(1602,	103,	'Meath',	'ME',	1),
(1603,	103,	'Monaghan',	'MO',	1),
(1604,	103,	'Offaly',	'OF',	1),
(1605,	103,	'Roscommon',	'RO',	1),
(1606,	103,	'Sligo',	'SL',	1),
(1607,	103,	'Tipperary',	'TI',	1),
(1608,	103,	'Waterford',	'WA',	1),
(1609,	103,	'Westmeath',	'WE',	1),
(1610,	103,	'Wexford',	'WX',	1),
(1611,	103,	'Wicklow',	'WI',	1),
(1612,	104,	'Be\'er Sheva',	'BS',	1),
(1613,	104,	'Bika\'at Hayarden',	'BH',	1),
(1614,	104,	'Eilat and Arava',	'EA',	1),
(1615,	104,	'Galil',	'GA',	1),
(1616,	104,	'Haifa',	'HA',	1),
(1617,	104,	'Jehuda Mountains',	'JM',	1),
(1618,	104,	'Jerusalem',	'JE',	1),
(1619,	104,	'Negev',	'NE',	1),
(1620,	104,	'Semaria',	'SE',	1),
(1621,	104,	'Sharon',	'SH',	1),
(1622,	104,	'Tel Aviv (Gosh Dan)',	'TA',	1),
(3860,	105,	'Caltanissetta',	'CL',	1),
(3842,	105,	'Agrigento',	'AG',	1),
(3843,	105,	'Alessandria',	'AL',	1),
(3844,	105,	'Ancona',	'AN',	1),
(3845,	105,	'Aosta',	'AO',	1),
(3846,	105,	'Arezzo',	'AR',	1),
(3847,	105,	'Ascoli Piceno',	'AP',	1),
(3848,	105,	'Asti',	'AT',	1),
(3849,	105,	'Avellino',	'AV',	1),
(3850,	105,	'Bari',	'BA',	1),
(3851,	105,	'Belluno',	'BL',	1),
(3852,	105,	'Benevento',	'BN',	1),
(3853,	105,	'Bergamo',	'BG',	1),
(3854,	105,	'Biella',	'BI',	1),
(3855,	105,	'Bologna',	'BO',	1),
(3856,	105,	'Bolzano',	'BZ',	1),
(3857,	105,	'Brescia',	'BS',	1),
(3858,	105,	'Brindisi',	'BR',	1),
(3859,	105,	'Cagliari',	'CA',	1),
(1643,	106,	'Clarendon Parish',	'CLA',	1),
(1644,	106,	'Hanover Parish',	'HAN',	1),
(1645,	106,	'Kingston Parish',	'KIN',	1),
(1646,	106,	'Manchester Parish',	'MAN',	1),
(1647,	106,	'Portland Parish',	'POR',	1),
(1648,	106,	'Saint Andrew Parish',	'AND',	1),
(1649,	106,	'Saint Ann Parish',	'ANN',	1),
(1650,	106,	'Saint Catherine Parish',	'CAT',	1),
(1651,	106,	'Saint Elizabeth Parish',	'ELI',	1),
(1652,	106,	'Saint James Parish',	'JAM',	1),
(1653,	106,	'Saint Mary Parish',	'MAR',	1),
(1654,	106,	'Saint Thomas Parish',	'THO',	1),
(1655,	106,	'Trelawny Parish',	'TRL',	1),
(1656,	106,	'Westmoreland Parish',	'WML',	1),
(1657,	107,	'Aichi',	'AI',	1),
(1658,	107,	'Akita',	'AK',	1),
(1659,	107,	'Aomori',	'AO',	1),
(1660,	107,	'Chiba',	'CH',	1),
(1661,	107,	'Ehime',	'EH',	1),
(1662,	107,	'Fukui',	'FK',	1),
(1663,	107,	'Fukuoka',	'FU',	1),
(1664,	107,	'Fukushima',	'FS',	1),
(1665,	107,	'Gifu',	'GI',	1),
(1666,	107,	'Gumma',	'GU',	1),
(1667,	107,	'Hiroshima',	'HI',	1),
(1668,	107,	'Hokkaido',	'HO',	1),
(1669,	107,	'Hyogo',	'HY',	1),
(1670,	107,	'Ibaraki',	'IB',	1),
(1671,	107,	'Ishikawa',	'IS',	1),
(1672,	107,	'Iwate',	'IW',	1),
(1673,	107,	'Kagawa',	'KA',	1),
(1674,	107,	'Kagoshima',	'KG',	1),
(1675,	107,	'Kanagawa',	'KN',	1),
(1676,	107,	'Kochi',	'KO',	1),
(1677,	107,	'Kumamoto',	'KU',	1),
(1678,	107,	'Kyoto',	'KY',	1),
(1679,	107,	'Mie',	'MI',	1),
(1680,	107,	'Miyagi',	'MY',	1),
(1681,	107,	'Miyazaki',	'MZ',	1),
(1682,	107,	'Nagano',	'NA',	1),
(1683,	107,	'Nagasaki',	'NG',	1),
(1684,	107,	'Nara',	'NR',	1),
(1685,	107,	'Niigata',	'NI',	1),
(1686,	107,	'Oita',	'OI',	1),
(1687,	107,	'Okayama',	'OK',	1),
(1688,	107,	'Okinawa',	'ON',	1),
(1689,	107,	'Osaka',	'OS',	1),
(1690,	107,	'Saga',	'SA',	1),
(1691,	107,	'Saitama',	'SI',	1),
(1692,	107,	'Shiga',	'SH',	1),
(1693,	107,	'Shimane',	'SM',	1),
(1694,	107,	'Shizuoka',	'SZ',	1),
(1695,	107,	'Tochigi',	'TO',	1),
(1696,	107,	'Tokushima',	'TS',	1),
(1697,	107,	'Tokyo',	'TK',	1),
(1698,	107,	'Tottori',	'TT',	1),
(1699,	107,	'Toyama',	'TY',	1),
(1700,	107,	'Wakayama',	'WA',	1),
(1701,	107,	'Yamagata',	'YA',	1),
(1702,	107,	'Yamaguchi',	'YM',	1),
(1703,	107,	'Yamanashi',	'YN',	1),
(1704,	108,	'\'Amman',	'AM',	1),
(1705,	108,	'Ajlun',	'AJ',	1),
(1706,	108,	'Al \'Aqabah',	'AA',	1),
(1707,	108,	'Al Balqa\'',	'AB',	1),
(1708,	108,	'Al Karak',	'AK',	1),
(1709,	108,	'Al Mafraq',	'AL',	1),
(1710,	108,	'At Tafilah',	'AT',	1),
(1711,	108,	'Az Zarqa\'',	'AZ',	1),
(1712,	108,	'Irbid',	'IR',	1),
(1713,	108,	'Jarash',	'JA',	1),
(1714,	108,	'Ma\'an',	'MA',	1),
(1715,	108,	'Madaba',	'MD',	1),
(1716,	109,	'Almaty',	'AL',	1),
(1717,	109,	'Almaty City',	'AC',	1),
(1718,	109,	'Aqmola',	'AM',	1),
(1719,	109,	'Aqtobe',	'AQ',	1),
(1720,	109,	'Astana City',	'AS',	1),
(1721,	109,	'Atyrau',	'AT',	1),
(1722,	109,	'Batys Qazaqstan',	'BA',	1),
(1723,	109,	'Bayqongyr City',	'BY',	1),
(1724,	109,	'Mangghystau',	'MA',	1),
(1725,	109,	'Ongtustik Qazaqstan',	'ON',	1),
(1726,	109,	'Pavlodar',	'PA',	1),
(1727,	109,	'Qaraghandy',	'QA',	1),
(1728,	109,	'Qostanay',	'QO',	1),
(1729,	109,	'Qyzylorda',	'QY',	1),
(1730,	109,	'Shyghys Qazaqstan',	'SH',	1),
(1731,	109,	'Soltustik Qazaqstan',	'SO',	1),
(1732,	109,	'Zhambyl',	'ZH',	1),
(1733,	110,	'Central',	'CE',	1),
(1734,	110,	'Coast',	'CO',	1),
(1735,	110,	'Eastern',	'EA',	1),
(1736,	110,	'Nairobi Area',	'NA',	1),
(1737,	110,	'North Eastern',	'NE',	1),
(1738,	110,	'Nyanza',	'NY',	1),
(1739,	110,	'Rift Valley',	'RV',	1),
(1740,	110,	'Western',	'WE',	1),
(1741,	111,	'Abaiang',	'AG',	1),
(1742,	111,	'Abemama',	'AM',	1),
(1743,	111,	'Aranuka',	'AK',	1),
(1744,	111,	'Arorae',	'AO',	1),
(1745,	111,	'Banaba',	'BA',	1),
(1746,	111,	'Beru',	'BE',	1),
(1747,	111,	'Butaritari',	'bT',	1),
(1748,	111,	'Kanton',	'KA',	1),
(1749,	111,	'Kiritimati',	'KR',	1),
(1750,	111,	'Kuria',	'KU',	1),
(1751,	111,	'Maiana',	'MI',	1),
(1752,	111,	'Makin',	'MN',	1),
(1753,	111,	'Marakei',	'ME',	1),
(1754,	111,	'Nikunau',	'NI',	1),
(1755,	111,	'Nonouti',	'NO',	1),
(1756,	111,	'Onotoa',	'ON',	1),
(1757,	111,	'Tabiteuea',	'TT',	1),
(1758,	111,	'Tabuaeran',	'TR',	1),
(1759,	111,	'Tamana',	'TM',	1),
(1760,	111,	'Tarawa',	'TW',	1),
(1761,	111,	'Teraina',	'TE',	1),
(1762,	112,	'Chagang-do',	'CHA',	1),
(1763,	112,	'Hamgyong-bukto',	'HAB',	1),
(1764,	112,	'Hamgyong-namdo',	'HAN',	1),
(1765,	112,	'Hwanghae-bukto',	'HWB',	1),
(1766,	112,	'Hwanghae-namdo',	'HWN',	1),
(1767,	112,	'Kangwon-do',	'KAN',	1),
(1768,	112,	'P\'yongan-bukto',	'PYB',	1),
(1769,	112,	'P\'yongan-namdo',	'PYN',	1),
(1770,	112,	'Ryanggang-do (Yanggang-do)',	'YAN',	1),
(1771,	112,	'Rason Directly Governed City',	'NAJ',	1),
(1772,	112,	'P\'yongyang Special City',	'PYO',	1),
(1773,	113,	'Ch\'ungch\'ong-bukto',	'CO',	1),
(1774,	113,	'Ch\'ungch\'ong-namdo',	'CH',	1),
(1775,	113,	'Cheju-do',	'CD',	1),
(1776,	113,	'Cholla-bukto',	'CB',	1),
(1777,	113,	'Cholla-namdo',	'CN',	1),
(1778,	113,	'Inch\'on-gwangyoksi',	'IG',	1),
(1779,	113,	'Kangwon-do',	'KA',	1),
(1780,	113,	'Kwangju-gwangyoksi',	'KG',	1),
(1781,	113,	'Kyonggi-do',	'KD',	1),
(1782,	113,	'Kyongsang-bukto',	'KB',	1),
(1783,	113,	'Kyongsang-namdo',	'KN',	1),
(1784,	113,	'Pusan-gwangyoksi',	'PG',	1),
(1785,	113,	'Soul-t\'ukpyolsi',	'SO',	1),
(1786,	113,	'Taegu-gwangyoksi',	'TA',	1),
(1787,	113,	'Taejon-gwangyoksi',	'TG',	1),
(1788,	114,	'Al \'Asimah',	'AL',	1),
(1789,	114,	'Al Ahmadi',	'AA',	1),
(1790,	114,	'Al Farwaniyah',	'AF',	1),
(1791,	114,	'Al Jahra\'',	'AJ',	1),
(1792,	114,	'Hawalli',	'HA',	1),
(1793,	115,	'Bishkek',	'GB',	1),
(1794,	115,	'Batken',	'B',	1),
(1795,	115,	'Chu',	'C',	1),
(1796,	115,	'Jalal-Abad',	'J',	1),
(1797,	115,	'Naryn',	'N',	1),
(1798,	115,	'Osh',	'O',	1),
(1799,	115,	'Talas',	'T',	1),
(1800,	115,	'Ysyk-Kol',	'Y',	1),
(1801,	116,	'Vientiane',	'VT',	1),
(1802,	116,	'Attapu',	'AT',	1),
(1803,	116,	'Bokeo',	'BK',	1),
(1804,	116,	'Bolikhamxai',	'BL',	1),
(1805,	116,	'Champasak',	'CH',	1),
(1806,	116,	'Houaphan',	'HO',	1),
(1807,	116,	'Khammouan',	'KH',	1),
(1808,	116,	'Louang Namtha',	'LM',	1),
(1809,	116,	'Louangphabang',	'LP',	1),
(1810,	116,	'Oudomxai',	'OU',	1),
(1811,	116,	'Phongsali',	'PH',	1),
(1812,	116,	'Salavan',	'SL',	1),
(1813,	116,	'Savannakhet',	'SV',	1),
(1814,	116,	'Vientiane',	'VI',	1),
(1815,	116,	'Xaignabouli',	'XA',	1),
(1816,	116,	'Xekong',	'XE',	1),
(1817,	116,	'Xiangkhoang',	'XI',	1),
(1818,	116,	'Xaisomboun',	'XN',	1),
(1852,	119,	'Berea',	'BE',	1),
(1853,	119,	'Butha-Buthe',	'BB',	1),
(1854,	119,	'Leribe',	'LE',	1),
(1855,	119,	'Mafeteng',	'MF',	1),
(1856,	119,	'Maseru',	'MS',	1),
(1857,	119,	'Mohale\'s Hoek',	'MH',	1),
(1858,	119,	'Mokhotlong',	'MK',	1),
(1859,	119,	'Qacha\'s Nek',	'QN',	1),
(1860,	119,	'Quthing',	'QT',	1),
(1861,	119,	'Thaba-Tseka',	'TT',	1),
(1862,	120,	'Bomi',	'BI',	1),
(1863,	120,	'Bong',	'BG',	1),
(1864,	120,	'Grand Bassa',	'GB',	1),
(1865,	120,	'Grand Cape Mount',	'CM',	1),
(1866,	120,	'Grand Gedeh',	'GG',	1),
(1867,	120,	'Grand Kru',	'GK',	1),
(1868,	120,	'Lofa',	'LO',	1),
(1869,	120,	'Margibi',	'MG',	1),
(1870,	120,	'Maryland',	'ML',	1),
(1871,	120,	'Montserrado',	'MS',	1),
(1872,	120,	'Nimba',	'NB',	1),
(1873,	120,	'River Cess',	'RC',	1),
(1874,	120,	'Sinoe',	'SN',	1),
(1875,	121,	'Ajdabiya',	'AJ',	1),
(1876,	121,	'Al \'Aziziyah',	'AZ',	1),
(1877,	121,	'Al Fatih',	'FA',	1),
(1878,	121,	'Al Jabal al Akhdar',	'JA',	1),
(1879,	121,	'Al Jufrah',	'JU',	1),
(1880,	121,	'Al Khums',	'KH',	1),
(1881,	121,	'Al Kufrah',	'KU',	1),
(1882,	121,	'An Nuqat al Khams',	'NK',	1),
(1883,	121,	'Ash Shati\'',	'AS',	1),
(1884,	121,	'Awbari',	'AW',	1),
(1885,	121,	'Az Zawiyah',	'ZA',	1),
(1886,	121,	'Banghazi',	'BA',	1),
(1887,	121,	'Darnah',	'DA',	1),
(1888,	121,	'Ghadamis',	'GD',	1),
(1889,	121,	'Gharyan',	'GY',	1),
(1890,	121,	'Misratah',	'MI',	1),
(1891,	121,	'Murzuq',	'MZ',	1),
(1892,	121,	'Sabha',	'SB',	1),
(1893,	121,	'Sawfajjin',	'SW',	1),
(1894,	121,	'Surt',	'SU',	1),
(1895,	121,	'Tarabulus (Tripoli)',	'TL',	1),
(1896,	121,	'Tarhunah',	'TH',	1),
(1897,	121,	'Tubruq',	'TU',	1),
(1898,	121,	'Yafran',	'YA',	1),
(1899,	121,	'Zlitan',	'ZL',	1),
(1900,	122,	'Vaduz',	'V',	1),
(1901,	122,	'Schaan',	'A',	1),
(1902,	122,	'Balzers',	'B',	1),
(1903,	122,	'Triesen',	'N',	1),
(1904,	122,	'Eschen',	'E',	1),
(1905,	122,	'Mauren',	'M',	1),
(1906,	122,	'Triesenberg',	'T',	1),
(1907,	122,	'Ruggell',	'R',	1),
(1908,	122,	'Gamprin',	'G',	1),
(1909,	122,	'Schellenberg',	'L',	1),
(1910,	122,	'Planken',	'P',	1),
(1911,	123,	'Alytus',	'AL',	1),
(1912,	123,	'Kaunas',	'KA',	1),
(1913,	123,	'Klaipeda',	'KL',	1),
(1914,	123,	'Marijampole',	'MA',	1),
(1915,	123,	'Panevezys',	'PA',	1),
(1916,	123,	'Siauliai',	'SI',	1),
(1917,	123,	'Taurage',	'TA',	1),
(1918,	123,	'Telsiai',	'TE',	1),
(1919,	123,	'Utena',	'UT',	1),
(1920,	123,	'Vilnius',	'VI',	1),
(1921,	124,	'Diekirch',	'DD',	1),
(1922,	124,	'Clervaux',	'DC',	1),
(1923,	124,	'Redange',	'DR',	1),
(1924,	124,	'Vianden',	'DV',	1),
(1925,	124,	'Wiltz',	'DW',	1),
(1926,	124,	'Grevenmacher',	'GG',	1),
(1927,	124,	'Echternach',	'GE',	1),
(1928,	124,	'Remich',	'GR',	1),
(1929,	124,	'Luxembourg',	'LL',	1),
(1930,	124,	'Capellen',	'LC',	1),
(1931,	124,	'Esch-sur-Alzette',	'LE',	1),
(1932,	124,	'Mersch',	'LM',	1),
(1933,	125,	'Our Lady Fatima Parish',	'OLF',	1),
(1934,	125,	'St. Anthony Parish',	'ANT',	1),
(1935,	125,	'St. Lazarus Parish',	'LAZ',	1),
(1936,	125,	'Cathedral Parish',	'CAT',	1),
(1937,	125,	'St. Lawrence Parish',	'LAW',	1),
(1938,	127,	'Antananarivo',	'AN',	1),
(1939,	127,	'Antsiranana',	'AS',	1),
(1940,	127,	'Fianarantsoa',	'FN',	1),
(1941,	127,	'Mahajanga',	'MJ',	1),
(1942,	127,	'Toamasina',	'TM',	1),
(1943,	127,	'Toliara',	'TL',	1),
(1944,	128,	'Balaka',	'BLK',	1),
(1945,	128,	'Blantyre',	'BLT',	1),
(1946,	128,	'Chikwawa',	'CKW',	1),
(1947,	128,	'Chiradzulu',	'CRD',	1),
(1948,	128,	'Chitipa',	'CTP',	1),
(1949,	128,	'Dedza',	'DDZ',	1),
(1950,	128,	'Dowa',	'DWA',	1),
(1951,	128,	'Karonga',	'KRG',	1),
(1952,	128,	'Kasungu',	'KSG',	1),
(1953,	128,	'Likoma',	'LKM',	1),
(1954,	128,	'Lilongwe',	'LLG',	1),
(1955,	128,	'Machinga',	'MCG',	1),
(1956,	128,	'Mangochi',	'MGC',	1),
(1957,	128,	'Mchinji',	'MCH',	1),
(1958,	128,	'Mulanje',	'MLJ',	1),
(1959,	128,	'Mwanza',	'MWZ',	1),
(1960,	128,	'Mzimba',	'MZM',	1),
(1961,	128,	'Ntcheu',	'NTU',	1),
(1962,	128,	'Nkhata Bay',	'NKB',	1),
(1963,	128,	'Nkhotakota',	'NKH',	1),
(1964,	128,	'Nsanje',	'NSJ',	1),
(1965,	128,	'Ntchisi',	'NTI',	1),
(1966,	128,	'Phalombe',	'PHL',	1),
(1967,	128,	'Rumphi',	'RMP',	1),
(1968,	128,	'Salima',	'SLM',	1),
(1969,	128,	'Thyolo',	'THY',	1),
(1970,	128,	'Zomba',	'ZBA',	1),
(1971,	129,	'Johor',	'MY-01',	1),
(1972,	129,	'Kedah',	'MY-02',	1),
(1973,	129,	'Kelantan',	'MY-03',	1),
(1974,	129,	'Labuan',	'MY-15',	1),
(1975,	129,	'Melaka',	'MY-04',	1),
(1976,	129,	'Negeri Sembilan',	'MY-05',	1),
(1977,	129,	'Pahang',	'MY-06',	1),
(1978,	129,	'Perak',	'MY-08',	1),
(1979,	129,	'Perlis',	'MY-09',	1),
(1980,	129,	'Pulau Pinang',	'MY-07',	1),
(1981,	129,	'Sabah',	'MY-12',	1),
(1982,	129,	'Sarawak',	'MY-13',	1),
(1983,	129,	'Selangor',	'MY-10',	1),
(1984,	129,	'Terengganu',	'MY-11',	1),
(1985,	129,	'Kuala Lumpur',	'MY-14',	1),
(4035,	129,	'Putrajaya',	'MY-16',	1),
(1986,	130,	'Thiladhunmathi Uthuru',	'THU',	1),
(1987,	130,	'Thiladhunmathi Dhekunu',	'THD',	1),
(1988,	130,	'Miladhunmadulu Uthuru',	'MLU',	1),
(1989,	130,	'Miladhunmadulu Dhekunu',	'MLD',	1),
(1990,	130,	'Maalhosmadulu Uthuru',	'MAU',	1),
(1991,	130,	'Maalhosmadulu Dhekunu',	'MAD',	1),
(1992,	130,	'Faadhippolhu',	'FAA',	1),
(1993,	130,	'Male Atoll',	'MAA',	1),
(1994,	130,	'Ari Atoll Uthuru',	'AAU',	1),
(1995,	130,	'Ari Atoll Dheknu',	'AAD',	1),
(1996,	130,	'Felidhe Atoll',	'FEA',	1),
(1997,	130,	'Mulaku Atoll',	'MUA',	1),
(1998,	130,	'Nilandhe Atoll Uthuru',	'NAU',	1),
(1999,	130,	'Nilandhe Atoll Dhekunu',	'NAD',	1),
(2000,	130,	'Kolhumadulu',	'KLH',	1),
(2001,	130,	'Hadhdhunmathi',	'HDH',	1),
(2002,	130,	'Huvadhu Atoll Uthuru',	'HAU',	1),
(2003,	130,	'Huvadhu Atoll Dhekunu',	'HAD',	1),
(2004,	130,	'Fua Mulaku',	'FMU',	1),
(2005,	130,	'Addu',	'ADD',	1),
(2006,	131,	'Gao',	'GA',	1),
(2007,	131,	'Kayes',	'KY',	1),
(2008,	131,	'Kidal',	'KD',	1),
(2009,	131,	'Koulikoro',	'KL',	1),
(2010,	131,	'Mopti',	'MP',	1),
(2011,	131,	'Segou',	'SG',	1),
(2012,	131,	'Sikasso',	'SK',	1),
(2013,	131,	'Tombouctou',	'TB',	1),
(2014,	131,	'Bamako Capital District',	'CD',	1),
(2015,	132,	'Attard',	'ATT',	1),
(2016,	132,	'Balzan',	'BAL',	1),
(2017,	132,	'Birgu',	'BGU',	1),
(2018,	132,	'Birkirkara',	'BKK',	1),
(2019,	132,	'Birzebbuga',	'BRZ',	1),
(2020,	132,	'Bormla',	'BOR',	1),
(2021,	132,	'Dingli',	'DIN',	1),
(2022,	132,	'Fgura',	'FGU',	1),
(2023,	132,	'Floriana',	'FLO',	1),
(2024,	132,	'Gudja',	'GDJ',	1),
(2025,	132,	'Gzira',	'GZR',	1),
(2026,	132,	'Gargur',	'GRG',	1),
(2027,	132,	'Gaxaq',	'GXQ',	1),
(2028,	132,	'Hamrun',	'HMR',	1),
(2029,	132,	'Iklin',	'IKL',	1),
(2030,	132,	'Isla',	'ISL',	1),
(2031,	132,	'Kalkara',	'KLK',	1),
(2032,	132,	'Kirkop',	'KRK',	1),
(2033,	132,	'Lija',	'LIJ',	1),
(2034,	132,	'Luqa',	'LUQ',	1),
(2035,	132,	'Marsa',	'MRS',	1),
(2036,	132,	'Marsaskala',	'MKL',	1),
(2037,	132,	'Marsaxlokk',	'MXL',	1),
(2038,	132,	'Mdina',	'MDN',	1),
(2039,	132,	'Melliea',	'MEL',	1),
(2040,	132,	'Mgarr',	'MGR',	1),
(2041,	132,	'Mosta',	'MST',	1),
(2042,	132,	'Mqabba',	'MQA',	1),
(2043,	132,	'Msida',	'MSI',	1),
(2044,	132,	'Mtarfa',	'MTF',	1),
(2045,	132,	'Naxxar',	'NAX',	1),
(2046,	132,	'Paola',	'PAO',	1),
(2047,	132,	'Pembroke',	'PEM',	1),
(2048,	132,	'Pieta',	'PIE',	1),
(2049,	132,	'Qormi',	'QOR',	1),
(2050,	132,	'Qrendi',	'QRE',	1),
(2051,	132,	'Rabat',	'RAB',	1),
(2052,	132,	'Safi',	'SAF',	1),
(2053,	132,	'San Giljan',	'SGI',	1),
(2054,	132,	'Santa Lucija',	'SLU',	1),
(2055,	132,	'San Pawl il-Bahar',	'SPB',	1),
(2056,	132,	'San Gwann',	'SGW',	1),
(2057,	132,	'Santa Venera',	'SVE',	1),
(2058,	132,	'Siggiewi',	'SIG',	1),
(2059,	132,	'Sliema',	'SLM',	1),
(2060,	132,	'Swieqi',	'SWQ',	1),
(2061,	132,	'Ta Xbiex',	'TXB',	1),
(2062,	132,	'Tarxien',	'TRX',	1),
(2063,	132,	'Valletta',	'VLT',	1),
(2064,	132,	'Xgajra',	'XGJ',	1),
(2065,	132,	'Zabbar',	'ZBR',	1),
(2066,	132,	'Zebbug',	'ZBG',	1),
(2067,	132,	'Zejtun',	'ZJT',	1),
(2068,	132,	'Zurrieq',	'ZRQ',	1),
(2069,	132,	'Fontana',	'FNT',	1),
(2070,	132,	'Ghajnsielem',	'GHJ',	1),
(2071,	132,	'Gharb',	'GHR',	1),
(2072,	132,	'Ghasri',	'GHS',	1),
(2073,	132,	'Kercem',	'KRC',	1),
(2074,	132,	'Munxar',	'MUN',	1),
(2075,	132,	'Nadur',	'NAD',	1),
(2076,	132,	'Qala',	'QAL',	1),
(2077,	132,	'Victoria',	'VIC',	1),
(2078,	132,	'San Lawrenz',	'SLA',	1),
(2079,	132,	'Sannat',	'SNT',	1),
(2080,	132,	'Xagra',	'ZAG',	1),
(2081,	132,	'Xewkija',	'XEW',	1),
(2082,	132,	'Zebbug',	'ZEB',	1),
(2083,	133,	'Ailinginae',	'ALG',	1),
(2084,	133,	'Ailinglaplap',	'ALL',	1),
(2085,	133,	'Ailuk',	'ALK',	1),
(2086,	133,	'Arno',	'ARN',	1),
(2087,	133,	'Aur',	'AUR',	1),
(2088,	133,	'Bikar',	'BKR',	1),
(2089,	133,	'Bikini',	'BKN',	1),
(2090,	133,	'Bokak',	'BKK',	1),
(2091,	133,	'Ebon',	'EBN',	1),
(2092,	133,	'Enewetak',	'ENT',	1),
(2093,	133,	'Erikub',	'EKB',	1),
(2094,	133,	'Jabat',	'JBT',	1),
(2095,	133,	'Jaluit',	'JLT',	1),
(2096,	133,	'Jemo',	'JEM',	1),
(2097,	133,	'Kili',	'KIL',	1),
(2098,	133,	'Kwajalein',	'KWJ',	1),
(2099,	133,	'Lae',	'LAE',	1),
(2100,	133,	'Lib',	'LIB',	1),
(2101,	133,	'Likiep',	'LKP',	1),
(2102,	133,	'Majuro',	'MJR',	1),
(2103,	133,	'Maloelap',	'MLP',	1),
(2104,	133,	'Mejit',	'MJT',	1),
(2105,	133,	'Mili',	'MIL',	1),
(2106,	133,	'Namorik',	'NMK',	1),
(2107,	133,	'Namu',	'NAM',	1),
(2108,	133,	'Rongelap',	'RGL',	1),
(2109,	133,	'Rongrik',	'RGK',	1),
(2110,	133,	'Toke',	'TOK',	1),
(2111,	133,	'Ujae',	'UJA',	1),
(2112,	133,	'Ujelang',	'UJL',	1),
(2113,	133,	'Utirik',	'UTK',	1),
(2114,	133,	'Wotho',	'WTH',	1),
(2115,	133,	'Wotje',	'WTJ',	1),
(2116,	135,	'Adrar',	'AD',	1),
(2117,	135,	'Assaba',	'AS',	1),
(2118,	135,	'Brakna',	'BR',	1),
(2119,	135,	'Dakhlet Nouadhibou',	'DN',	1),
(2120,	135,	'Gorgol',	'GO',	1),
(2121,	135,	'Guidimaka',	'GM',	1),
(2122,	135,	'Hodh Ech Chargui',	'HC',	1),
(2123,	135,	'Hodh El Gharbi',	'HG',	1),
(2124,	135,	'Inchiri',	'IN',	1),
(2125,	135,	'Tagant',	'TA',	1),
(2126,	135,	'Tiris Zemmour',	'TZ',	1),
(2127,	135,	'Trarza',	'TR',	1),
(2128,	135,	'Nouakchott',	'NO',	1),
(2129,	136,	'Beau Bassin-Rose Hill',	'BR',	1),
(2130,	136,	'Curepipe',	'CU',	1),
(2131,	136,	'Port Louis',	'PU',	1),
(2132,	136,	'Quatre Bornes',	'QB',	1),
(2133,	136,	'Vacoas-Phoenix',	'VP',	1),
(2134,	136,	'Agalega Islands',	'AG',	1),
(2135,	136,	'Cargados Carajos Shoals (Saint Brandon Islands)',	'CC',	1),
(2136,	136,	'Rodrigues',	'RO',	1),
(2137,	136,	'Black River',	'BL',	1),
(2138,	136,	'Flacq',	'FL',	1),
(2139,	136,	'Grand Port',	'GP',	1),
(2140,	136,	'Moka',	'MO',	1),
(2141,	136,	'Pamplemousses',	'PA',	1),
(2142,	136,	'Plaines Wilhems',	'PW',	1),
(2143,	136,	'Port Louis',	'PL',	1),
(2144,	136,	'Riviere du Rempart',	'RR',	1),
(2145,	136,	'Savanne',	'SA',	1),
(2146,	138,	'Baja California Norte',	'BN',	1),
(2147,	138,	'Baja California Sur',	'BS',	1),
(2148,	138,	'Campeche',	'CA',	1),
(2149,	138,	'Chiapas',	'CI',	1),
(2150,	138,	'Chihuahua',	'CH',	1),
(2151,	138,	'Coahuila de Zaragoza',	'CZ',	1),
(2152,	138,	'Colima',	'CL',	1),
(2153,	138,	'Distrito Federal',	'DF',	1),
(2154,	138,	'Durango',	'DU',	1),
(2155,	138,	'Guanajuato',	'GA',	1),
(2156,	138,	'Guerrero',	'GE',	1),
(2157,	138,	'Hidalgo',	'HI',	1),
(2158,	138,	'Jalisco',	'JA',	1),
(2159,	138,	'Mexico',	'ME',	1),
(2160,	138,	'Michoacan de Ocampo',	'MI',	1),
(2161,	138,	'Morelos',	'MO',	1),
(2162,	138,	'Nayarit',	'NA',	1),
(2163,	138,	'Nuevo Leon',	'NL',	1),
(2164,	138,	'Oaxaca',	'OA',	1),
(2165,	138,	'Puebla',	'PU',	1),
(2166,	138,	'Queretaro de Arteaga',	'QA',	1),
(2167,	138,	'Quintana Roo',	'QR',	1),
(2168,	138,	'San Luis Potosi',	'SA',	1),
(2169,	138,	'Sinaloa',	'SI',	1),
(2170,	138,	'Sonora',	'SO',	1),
(2171,	138,	'Tabasco',	'TB',	1),
(2172,	138,	'Tamaulipas',	'TM',	1),
(2173,	138,	'Tlaxcala',	'TL',	1),
(2174,	138,	'Veracruz-Llave',	'VE',	1),
(2175,	138,	'Yucatan',	'YU',	1),
(2176,	138,	'Zacatecas',	'ZA',	1),
(2177,	139,	'Chuuk',	'C',	1),
(2178,	139,	'Kosrae',	'K',	1),
(2179,	139,	'Pohnpei',	'P',	1),
(2180,	139,	'Yap',	'Y',	1),
(2181,	140,	'Gagauzia',	'GA',	1),
(2182,	140,	'Chisinau',	'CU',	1),
(2183,	140,	'Balti',	'BA',	1),
(2184,	140,	'Cahul',	'CA',	1),
(2185,	140,	'Edinet',	'ED',	1),
(2186,	140,	'Lapusna',	'LA',	1),
(2187,	140,	'Orhei',	'OR',	1),
(2188,	140,	'Soroca',	'SO',	1),
(2189,	140,	'Tighina',	'TI',	1),
(2190,	140,	'Ungheni',	'UN',	1),
(2191,	140,	'Stnga Nistrului',	'SN',	1),
(2192,	141,	'Fontvieille',	'FV',	1),
(2193,	141,	'La Condamine',	'LC',	1),
(2194,	141,	'Monaco-Ville',	'MV',	1),
(2195,	141,	'Monte-Carlo',	'MC',	1),
(2196,	142,	'Ulanbaatar',	'1',	1),
(2197,	142,	'Orhon',	'035',	1),
(2198,	142,	'Darhan uul',	'037',	1),
(2199,	142,	'Hentiy',	'039',	1),
(2200,	142,	'Hovsgol',	'041',	1),
(2201,	142,	'Hovd',	'043',	1),
(2202,	142,	'Uvs',	'046',	1),
(2203,	142,	'Tov',	'047',	1),
(2204,	142,	'Selenge',	'049',	1),
(2205,	142,	'Suhbaatar',	'051',	1),
(2206,	142,	'Omnogovi',	'053',	1),
(2207,	142,	'Ovorhangay',	'055',	1),
(2208,	142,	'Dzavhan',	'057',	1),
(2209,	142,	'DundgovL',	'059',	1),
(2210,	142,	'Dornod',	'061',	1),
(2211,	142,	'Dornogov',	'063',	1),
(2212,	142,	'Govi-Sumber',	'064',	1),
(2213,	142,	'Govi-Altay',	'065',	1),
(2214,	142,	'Bulgan',	'067',	1),
(2215,	142,	'Bayanhongor',	'069',	1),
(2216,	142,	'Bayan-Olgiy',	'071',	1),
(2217,	142,	'Arhangay',	'073',	1),
(2218,	143,	'Saint Anthony',	'A',	1),
(2219,	143,	'Saint Georges',	'G',	1),
(2220,	143,	'Saint Peter',	'P',	1),
(2221,	144,	'Agadir',	'AGD',	1),
(2222,	144,	'Al Hoceima',	'HOC',	1),
(2223,	144,	'Azilal',	'AZI',	1),
(2224,	144,	'Beni Mellal',	'BME',	1),
(2225,	144,	'Ben Slimane',	'BSL',	1),
(2226,	144,	'Boulemane',	'BLM',	1),
(2227,	144,	'Casablanca',	'CBL',	1),
(2228,	144,	'Chaouen',	'CHA',	1),
(2229,	144,	'El Jadida',	'EJA',	1),
(2230,	144,	'El Kelaa des Sraghna',	'EKS',	1),
(2231,	144,	'Er Rachidia',	'ERA',	1),
(2232,	144,	'Essaouira',	'ESS',	1),
(2233,	144,	'Fes',	'FES',	1),
(2234,	144,	'Figuig',	'FIG',	1),
(2235,	144,	'Guelmim',	'GLM',	1),
(2236,	144,	'Ifrane',	'IFR',	1),
(2237,	144,	'Kenitra',	'KEN',	1),
(2238,	144,	'Khemisset',	'KHM',	1),
(2239,	144,	'Khenifra',	'KHN',	1),
(2240,	144,	'Khouribga',	'KHO',	1),
(2241,	144,	'Laayoune',	'LYN',	1),
(2242,	144,	'Larache',	'LAR',	1),
(2243,	144,	'Marrakech',	'MRK',	1),
(2244,	144,	'Meknes',	'MKN',	1),
(2245,	144,	'Nador',	'NAD',	1),
(2246,	144,	'Ouarzazate',	'ORZ',	1),
(2247,	144,	'Oujda',	'OUJ',	1),
(2248,	144,	'Rabat-Sale',	'RSA',	1),
(2249,	144,	'Safi',	'SAF',	1),
(2250,	144,	'Settat',	'SET',	1),
(2251,	144,	'Sidi Kacem',	'SKA',	1),
(2252,	144,	'Tangier',	'TGR',	1),
(2253,	144,	'Tan-Tan',	'TAN',	1),
(2254,	144,	'Taounate',	'TAO',	1),
(2255,	144,	'Taroudannt',	'TRD',	1),
(2256,	144,	'Tata',	'TAT',	1),
(2257,	144,	'Taza',	'TAZ',	1),
(2258,	144,	'Tetouan',	'TET',	1),
(2259,	144,	'Tiznit',	'TIZ',	1),
(2260,	144,	'Ad Dakhla',	'ADK',	1),
(2261,	144,	'Boujdour',	'BJD',	1),
(2262,	144,	'Es Smara',	'ESM',	1),
(2263,	145,	'Cabo Delgado',	'CD',	1),
(2264,	145,	'Gaza',	'GZ',	1),
(2265,	145,	'Inhambane',	'IN',	1),
(2266,	145,	'Manica',	'MN',	1),
(2267,	145,	'Maputo (city)',	'MC',	1),
(2268,	145,	'Maputo',	'MP',	1),
(2269,	145,	'Nampula',	'NA',	1),
(2270,	145,	'Niassa',	'NI',	1),
(2271,	145,	'Sofala',	'SO',	1),
(2272,	145,	'Tete',	'TE',	1),
(2273,	145,	'Zambezia',	'ZA',	1),
(2274,	146,	'Ayeyarwady',	'AY',	1),
(2275,	146,	'Bago',	'BG',	1),
(2276,	146,	'Magway',	'MG',	1),
(2277,	146,	'Mandalay',	'MD',	1),
(2278,	146,	'Sagaing',	'SG',	1),
(2279,	146,	'Tanintharyi',	'TN',	1),
(2280,	146,	'Yangon',	'YG',	1),
(2281,	146,	'Chin State',	'CH',	1),
(2282,	146,	'Kachin State',	'KC',	1),
(2283,	146,	'Kayah State',	'KH',	1),
(2284,	146,	'Kayin State',	'KN',	1),
(2285,	146,	'Mon State',	'MN',	1),
(2286,	146,	'Rakhine State',	'RK',	1),
(2287,	146,	'Shan State',	'SH',	1),
(2288,	147,	'Caprivi',	'CA',	1),
(2289,	147,	'Erongo',	'ER',	1),
(2290,	147,	'Hardap',	'HA',	1),
(2291,	147,	'Karas',	'KR',	1),
(2292,	147,	'Kavango',	'KV',	1),
(2293,	147,	'Khomas',	'KH',	1),
(2294,	147,	'Kunene',	'KU',	1),
(2295,	147,	'Ohangwena',	'OW',	1),
(2296,	147,	'Omaheke',	'OK',	1),
(2297,	147,	'Omusati',	'OT',	1),
(2298,	147,	'Oshana',	'ON',	1),
(2299,	147,	'Oshikoto',	'OO',	1),
(2300,	147,	'Otjozondjupa',	'OJ',	1),
(2301,	148,	'Aiwo',	'AO',	1),
(2302,	148,	'Anabar',	'AA',	1),
(2303,	148,	'Anetan',	'AT',	1),
(2304,	148,	'Anibare',	'AI',	1),
(2305,	148,	'Baiti',	'BA',	1),
(2306,	148,	'Boe',	'BO',	1),
(2307,	148,	'Buada',	'BU',	1),
(2308,	148,	'Denigomodu',	'DE',	1),
(2309,	148,	'Ewa',	'EW',	1),
(2310,	148,	'Ijuw',	'IJ',	1),
(2311,	148,	'Meneng',	'ME',	1),
(2312,	148,	'Nibok',	'NI',	1),
(2313,	148,	'Uaboe',	'UA',	1),
(2314,	148,	'Yaren',	'YA',	1),
(2315,	149,	'Bagmati',	'BA',	1),
(2316,	149,	'Bheri',	'BH',	1),
(2317,	149,	'Dhawalagiri',	'DH',	1),
(2318,	149,	'Gandaki',	'GA',	1),
(2319,	149,	'Janakpur',	'JA',	1),
(2320,	149,	'Karnali',	'KA',	1),
(2321,	149,	'Kosi',	'KO',	1),
(2322,	149,	'Lumbini',	'LU',	1),
(2323,	149,	'Mahakali',	'MA',	1),
(2324,	149,	'Mechi',	'ME',	1),
(2325,	149,	'Narayani',	'NA',	1),
(2326,	149,	'Rapti',	'RA',	1),
(2327,	149,	'Sagarmatha',	'SA',	1),
(2328,	149,	'Seti',	'SE',	1),
(2329,	150,	'Drenthe',	'DR',	1),
(2330,	150,	'Flevoland',	'FL',	1),
(2331,	150,	'Friesland',	'FR',	1),
(2332,	150,	'Gelderland',	'GE',	1),
(2333,	150,	'Groningen',	'GR',	1),
(2334,	150,	'Limburg',	'LI',	1),
(2335,	150,	'Noord Brabant',	'NB',	1),
(2336,	150,	'Noord Holland',	'NH',	1),
(2337,	150,	'Overijssel',	'OV',	1),
(2338,	150,	'Utrecht',	'UT',	1),
(2339,	150,	'Zeeland',	'ZE',	1),
(2340,	150,	'Zuid Holland',	'ZH',	1),
(2341,	152,	'Iles Loyaute',	'L',	1),
(2342,	152,	'Nord',	'N',	1),
(2343,	152,	'Sud',	'S',	1),
(2344,	153,	'Auckland',	'AUK',	1),
(2345,	153,	'Bay of Plenty',	'BOP',	1),
(2346,	153,	'Canterbury',	'CAN',	1),
(2347,	153,	'Coromandel',	'COR',	1),
(2348,	153,	'Gisborne',	'GIS',	1),
(2349,	153,	'Fiordland',	'FIO',	1),
(2350,	153,	'Hawke\'s Bay',	'HKB',	1),
(2351,	153,	'Marlborough',	'MBH',	1),
(2352,	153,	'Manawatu-Wanganui',	'MWT',	1),
(2353,	153,	'Mt Cook-Mackenzie',	'MCM',	1),
(2354,	153,	'Nelson',	'NSN',	1),
(2355,	153,	'Northland',	'NTL',	1),
(2356,	153,	'Otago',	'OTA',	1),
(2357,	153,	'Southland',	'STL',	1),
(2358,	153,	'Taranaki',	'TKI',	1),
(2359,	153,	'Wellington',	'WGN',	1),
(2360,	153,	'Waikato',	'WKO',	1),
(2361,	153,	'Wairarapa',	'WAI',	1),
(2362,	153,	'West Coast',	'WTC',	1),
(2363,	154,	'Atlantico Norte',	'AN',	1),
(2364,	154,	'Atlantico Sur',	'AS',	1),
(2365,	154,	'Boaco',	'BO',	1),
(2366,	154,	'Carazo',	'CA',	1),
(2367,	154,	'Chinandega',	'CI',	1),
(2368,	154,	'Chontales',	'CO',	1),
(2369,	154,	'Esteli',	'ES',	1),
(2370,	154,	'Granada',	'GR',	1),
(2371,	154,	'Jinotega',	'JI',	1),
(2372,	154,	'Leon',	'LE',	1),
(2373,	154,	'Madriz',	'MD',	1),
(2374,	154,	'Managua',	'MN',	1),
(2375,	154,	'Masaya',	'MS',	1),
(2376,	154,	'Matagalpa',	'MT',	1),
(2377,	154,	'Nuevo Segovia',	'NS',	1),
(2378,	154,	'Rio San Juan',	'RS',	1),
(2379,	154,	'Rivas',	'RI',	1),
(2380,	155,	'Agadez',	'AG',	1),
(2381,	155,	'Diffa',	'DF',	1),
(2382,	155,	'Dosso',	'DS',	1),
(2383,	155,	'Maradi',	'MA',	1),
(2384,	155,	'Niamey',	'NM',	1),
(2385,	155,	'Tahoua',	'TH',	1),
(2386,	155,	'Tillaberi',	'TL',	1),
(2387,	155,	'Zinder',	'ZD',	1),
(2388,	156,	'Abia',	'AB',	1),
(2389,	156,	'Abuja Federal Capital Territory',	'CT',	1),
(2390,	156,	'Adamawa',	'AD',	1),
(2391,	156,	'Akwa Ibom',	'AK',	1),
(2392,	156,	'Anambra',	'AN',	1),
(2393,	156,	'Bauchi',	'BC',	1),
(2394,	156,	'Bayelsa',	'BY',	1),
(2395,	156,	'Benue',	'BN',	1),
(2396,	156,	'Borno',	'BO',	1),
(2397,	156,	'Cross River',	'CR',	1),
(2398,	156,	'Delta',	'DE',	1),
(2399,	156,	'Ebonyi',	'EB',	1),
(2400,	156,	'Edo',	'ED',	1),
(2401,	156,	'Ekiti',	'EK',	1),
(2402,	156,	'Enugu',	'EN',	1),
(2403,	156,	'Gombe',	'GO',	1),
(2404,	156,	'Imo',	'IM',	1),
(2405,	156,	'Jigawa',	'JI',	1),
(2406,	156,	'Kaduna',	'KD',	1),
(2407,	156,	'Kano',	'KN',	1),
(2408,	156,	'Katsina',	'KT',	1),
(2409,	156,	'Kebbi',	'KE',	1),
(2410,	156,	'Kogi',	'KO',	1),
(2411,	156,	'Kwara',	'KW',	1),
(2412,	156,	'Lagos',	'LA',	1),
(2413,	156,	'Nassarawa',	'NA',	1),
(2414,	156,	'Niger',	'NI',	1),
(2415,	156,	'Ogun',	'OG',	1),
(2416,	156,	'Ondo',	'ONG',	1),
(2417,	156,	'Osun',	'OS',	1),
(2418,	156,	'Oyo',	'OY',	1),
(2419,	156,	'Plateau',	'PL',	1),
(2420,	156,	'Rivers',	'RI',	1),
(2421,	156,	'Sokoto',	'SO',	1),
(2422,	156,	'Taraba',	'TA',	1),
(2423,	156,	'Yobe',	'YO',	1),
(2424,	156,	'Zamfara',	'ZA',	1),
(2425,	159,	'Northern Islands',	'N',	1),
(2426,	159,	'Rota',	'R',	1),
(2427,	159,	'Saipan',	'S',	1),
(2428,	159,	'Tinian',	'T',	1),
(2429,	160,	'Akershus',	'AK',	1),
(2430,	160,	'Aust-Agder',	'AA',	1),
(2431,	160,	'Buskerud',	'BU',	1),
(2432,	160,	'Finnmark',	'FM',	1),
(2433,	160,	'Hedmark',	'HM',	1),
(2434,	160,	'Hordaland',	'HL',	1),
(2435,	160,	'More og Romdal',	'MR',	1),
(2436,	160,	'Nord-Trondelag',	'NT',	1),
(2437,	160,	'Nordland',	'NL',	1),
(2438,	160,	'Ostfold',	'OF',	1),
(2439,	160,	'Oppland',	'OP',	1),
(2440,	160,	'Oslo',	'OL',	1),
(2441,	160,	'Rogaland',	'RL',	1),
(2442,	160,	'Sor-Trondelag',	'ST',	1),
(2443,	160,	'Sogn og Fjordane',	'SJ',	1),
(2444,	160,	'Svalbard',	'SV',	1),
(2445,	160,	'Telemark',	'TM',	1),
(2446,	160,	'Troms',	'TR',	1),
(2447,	160,	'Vest-Agder',	'VA',	1),
(2448,	160,	'Vestfold',	'VF',	1),
(2449,	161,	'Ad Dakhiliyah',	'DA',	1),
(2450,	161,	'Al Batinah',	'BA',	1),
(2451,	161,	'Al Wusta',	'WU',	1),
(2452,	161,	'Ash Sharqiyah',	'SH',	1),
(2453,	161,	'Az Zahirah',	'ZA',	1),
(2454,	161,	'Masqat',	'MA',	1),
(2455,	161,	'Musandam',	'MU',	1),
(2456,	161,	'Zufar',	'ZU',	1),
(2457,	162,	'Balochistan',	'B',	1),
(2458,	162,	'Federally Administered Tribal Areas',	'T',	1),
(2459,	162,	'Islamabad Capital Territory',	'I',	1),
(2460,	162,	'North-West Frontier',	'N',	1),
(2461,	162,	'Punjab',	'P',	1),
(2462,	162,	'Sindh',	'S',	1),
(2463,	163,	'Aimeliik',	'AM',	1),
(2464,	163,	'Airai',	'AR',	1),
(2465,	163,	'Angaur',	'AN',	1),
(2466,	163,	'Hatohobei',	'HA',	1),
(2467,	163,	'Kayangel',	'KA',	1),
(2468,	163,	'Koror',	'KO',	1),
(2469,	163,	'Melekeok',	'ME',	1),
(2470,	163,	'Ngaraard',	'NA',	1),
(2471,	163,	'Ngarchelong',	'NG',	1),
(2472,	163,	'Ngardmau',	'ND',	1),
(2473,	163,	'Ngatpang',	'NT',	1),
(2474,	163,	'Ngchesar',	'NC',	1),
(2475,	163,	'Ngeremlengui',	'NR',	1),
(2476,	163,	'Ngiwal',	'NW',	1),
(2477,	163,	'Peleliu',	'PE',	1),
(2478,	163,	'Sonsorol',	'SO',	1),
(2479,	164,	'Bocas del Toro',	'BT',	1),
(2480,	164,	'Chiriqui',	'CH',	1),
(2481,	164,	'Cocle',	'CC',	1),
(2482,	164,	'Colon',	'CL',	1),
(2483,	164,	'Darien',	'DA',	1),
(2484,	164,	'Herrera',	'HE',	1),
(2485,	164,	'Los Santos',	'LS',	1),
(2486,	164,	'Panama',	'PA',	1),
(2487,	164,	'San Blas',	'SB',	1),
(2488,	164,	'Veraguas',	'VG',	1),
(2489,	165,	'Bougainville',	'BV',	1),
(2490,	165,	'Central',	'CE',	1),
(2491,	165,	'Chimbu',	'CH',	1),
(2492,	165,	'Eastern Highlands',	'EH',	1),
(2493,	165,	'East New Britain',	'EB',	1),
(2494,	165,	'East Sepik',	'ES',	1),
(2495,	165,	'Enga',	'EN',	1),
(2496,	165,	'Gulf',	'GU',	1),
(2497,	165,	'Madang',	'MD',	1),
(2498,	165,	'Manus',	'MN',	1),
(2499,	165,	'Milne Bay',	'MB',	1),
(2500,	165,	'Morobe',	'MR',	1),
(2501,	165,	'National Capital',	'NC',	1),
(2502,	165,	'New Ireland',	'NI',	1),
(2503,	165,	'Northern',	'NO',	1),
(2504,	165,	'Sandaun',	'SA',	1),
(2505,	165,	'Southern Highlands',	'SH',	1),
(2506,	165,	'Western',	'WE',	1),
(2507,	165,	'Western Highlands',	'WH',	1),
(2508,	165,	'West New Britain',	'WB',	1),
(2509,	166,	'Alto Paraguay',	'AG',	1),
(2510,	166,	'Alto Parana',	'AN',	1),
(2511,	166,	'Amambay',	'AM',	1),
(2512,	166,	'Asuncion',	'AS',	1),
(2513,	166,	'Boqueron',	'BO',	1),
(2514,	166,	'Caaguazu',	'CG',	1),
(2515,	166,	'Caazapa',	'CZ',	1),
(2516,	166,	'Canindeyu',	'CN',	1),
(2517,	166,	'Central',	'CE',	1),
(2518,	166,	'Concepcion',	'CC',	1),
(2519,	166,	'Cordillera',	'CD',	1),
(2520,	166,	'Guaira',	'GU',	1),
(2521,	166,	'Itapua',	'IT',	1),
(2522,	166,	'Misiones',	'MI',	1),
(2523,	166,	'Neembucu',	'NE',	1),
(2524,	166,	'Paraguari',	'PA',	1),
(2525,	166,	'Presidente Hayes',	'PH',	1),
(2526,	166,	'San Pedro',	'SP',	1),
(2527,	167,	'Amazonas',	'AM',	1),
(2528,	167,	'Ancash',	'AN',	1),
(2529,	167,	'Apurimac',	'AP',	1),
(2530,	167,	'Arequipa',	'AR',	1),
(2531,	167,	'Ayacucho',	'AY',	1),
(2532,	167,	'Cajamarca',	'CJ',	1),
(2533,	167,	'Callao',	'CL',	1),
(2534,	167,	'Cusco',	'CU',	1),
(2535,	167,	'Huancavelica',	'HV',	1),
(2536,	167,	'Huanuco',	'HO',	1),
(2537,	167,	'Ica',	'IC',	1),
(2538,	167,	'Junin',	'JU',	1),
(2539,	167,	'La Libertad',	'LD',	1),
(2540,	167,	'Lambayeque',	'LY',	1),
(2541,	167,	'Lima',	'LI',	1),
(2542,	167,	'Loreto',	'LO',	1),
(2543,	167,	'Madre de Dios',	'MD',	1),
(2544,	167,	'Moquegua',	'MO',	1),
(2545,	167,	'Pasco',	'PA',	1),
(2546,	167,	'Piura',	'PI',	1),
(2547,	167,	'Puno',	'PU',	1),
(2548,	167,	'San Martin',	'SM',	1),
(2549,	167,	'Tacna',	'TA',	1),
(2550,	167,	'Tumbes',	'TU',	1),
(2551,	167,	'Ucayali',	'UC',	1),
(2552,	168,	'Abra',	'ABR',	1),
(2553,	168,	'Agusan del Norte',	'ANO',	1),
(2554,	168,	'Agusan del Sur',	'ASU',	1),
(2555,	168,	'Aklan',	'AKL',	1),
(2556,	168,	'Albay',	'ALB',	1),
(2557,	168,	'Antique',	'ANT',	1),
(2558,	168,	'Apayao',	'APY',	1),
(2559,	168,	'Aurora',	'AUR',	1),
(2560,	168,	'Basilan',	'BAS',	1),
(2561,	168,	'Bataan',	'BTA',	1),
(2562,	168,	'Batanes',	'BTE',	1),
(2563,	168,	'Batangas',	'BTG',	1),
(2564,	168,	'Biliran',	'BLR',	1),
(2565,	168,	'Benguet',	'BEN',	1),
(2566,	168,	'Bohol',	'BOL',	1),
(2567,	168,	'Bukidnon',	'BUK',	1),
(2568,	168,	'Bulacan',	'BUL',	1),
(2569,	168,	'Cagayan',	'CAG',	1),
(2570,	168,	'Camarines Norte',	'CNO',	1),
(2571,	168,	'Camarines Sur',	'CSU',	1),
(2572,	168,	'Camiguin',	'CAM',	1),
(2573,	168,	'Capiz',	'CAP',	1),
(2574,	168,	'Catanduanes',	'CAT',	1),
(2575,	168,	'Cavite',	'CAV',	1),
(2576,	168,	'Cebu',	'CEB',	1),
(2577,	168,	'Compostela',	'CMP',	1),
(2578,	168,	'Davao del Norte',	'DNO',	1),
(2579,	168,	'Davao del Sur',	'DSU',	1),
(2580,	168,	'Davao Oriental',	'DOR',	1),
(2581,	168,	'Eastern Samar',	'ESA',	1),
(2582,	168,	'Guimaras',	'GUI',	1),
(2583,	168,	'Ifugao',	'IFU',	1),
(2584,	168,	'Ilocos Norte',	'INO',	1),
(2585,	168,	'Ilocos Sur',	'ISU',	1),
(2586,	168,	'Iloilo',	'ILO',	1),
(2587,	168,	'Isabela',	'ISA',	1),
(2588,	168,	'Kalinga',	'KAL',	1),
(2589,	168,	'Laguna',	'LAG',	1),
(2590,	168,	'Lanao del Norte',	'LNO',	1),
(2591,	168,	'Lanao del Sur',	'LSU',	1),
(2592,	168,	'La Union',	'UNI',	1),
(2593,	168,	'Leyte',	'LEY',	1),
(2594,	168,	'Maguindanao',	'MAG',	1),
(2595,	168,	'Marinduque',	'MRN',	1),
(2596,	168,	'Masbate',	'MSB',	1),
(2597,	168,	'Mindoro Occidental',	'MIC',	1),
(2598,	168,	'Mindoro Oriental',	'MIR',	1),
(2599,	168,	'Misamis Occidental',	'MSC',	1),
(2600,	168,	'Misamis Oriental',	'MOR',	1),
(2601,	168,	'Mountain',	'MOP',	1),
(2602,	168,	'Negros Occidental',	'NOC',	1),
(2603,	168,	'Negros Oriental',	'NOR',	1),
(2604,	168,	'North Cotabato',	'NCT',	1),
(2605,	168,	'Northern Samar',	'NSM',	1),
(2606,	168,	'Nueva Ecija',	'NEC',	1),
(2607,	168,	'Nueva Vizcaya',	'NVZ',	1),
(2608,	168,	'Palawan',	'PLW',	1),
(2609,	168,	'Pampanga',	'PMP',	1),
(2610,	168,	'Pangasinan',	'PNG',	1),
(2611,	168,	'Quezon',	'QZN',	1),
(2612,	168,	'Quirino',	'QRN',	1),
(2613,	168,	'Rizal',	'RIZ',	1),
(2614,	168,	'Romblon',	'ROM',	1),
(2615,	168,	'Samar',	'SMR',	1),
(2616,	168,	'Sarangani',	'SRG',	1),
(2617,	168,	'Siquijor',	'SQJ',	1),
(2618,	168,	'Sorsogon',	'SRS',	1),
(2619,	168,	'South Cotabato',	'SCO',	1),
(2620,	168,	'Southern Leyte',	'SLE',	1),
(2621,	168,	'Sultan Kudarat',	'SKU',	1),
(2622,	168,	'Sulu',	'SLU',	1),
(2623,	168,	'Surigao del Norte',	'SNO',	1),
(2624,	168,	'Surigao del Sur',	'SSU',	1),
(2625,	168,	'Tarlac',	'TAR',	1),
(2626,	168,	'Tawi-Tawi',	'TAW',	1),
(2627,	168,	'Zambales',	'ZBL',	1),
(2628,	168,	'Zamboanga del Norte',	'ZNO',	1),
(2629,	168,	'Zamboanga del Sur',	'ZSU',	1),
(2630,	168,	'Zamboanga Sibugay',	'ZSI',	1),
(2631,	170,	'Dolnoslaskie',	'DO',	1),
(2632,	170,	'Kujawsko-Pomorskie',	'KP',	1),
(2633,	170,	'Lodzkie',	'LO',	1),
(2634,	170,	'Lubelskie',	'LL',	1),
(2635,	170,	'Lubuskie',	'LU',	1),
(2636,	170,	'Malopolskie',	'ML',	1),
(2637,	170,	'Mazowieckie',	'MZ',	1),
(2638,	170,	'Opolskie',	'OP',	1),
(2639,	170,	'Podkarpackie',	'PP',	1),
(2640,	170,	'Podlaskie',	'PL',	1),
(2641,	170,	'Pomorskie',	'PM',	1),
(2642,	170,	'Slaskie',	'SL',	1),
(2643,	170,	'Swietokrzyskie',	'SW',	1),
(2644,	170,	'Warminsko-Mazurskie',	'WM',	1),
(2645,	170,	'Wielkopolskie',	'WP',	1),
(2646,	170,	'Zachodniopomorskie',	'ZA',	1),
(2647,	198,	'Saint Pierre',	'P',	1),
(2648,	198,	'Miquelon',	'M',	1),
(2649,	171,	'A&ccedil;ores',	'AC',	1),
(2650,	171,	'Aveiro',	'AV',	1),
(2651,	171,	'Beja',	'BE',	1),
(2652,	171,	'Braga',	'BR',	1),
(2653,	171,	'Bragan&ccedil;a',	'BA',	1),
(2654,	171,	'Castelo Branco',	'CB',	1),
(2655,	171,	'Coimbra',	'CO',	1),
(2656,	171,	'&Eacute;vora',	'EV',	1),
(2657,	171,	'Faro',	'FA',	1),
(2658,	171,	'Guarda',	'GU',	1),
(2659,	171,	'Leiria',	'LE',	1),
(2660,	171,	'Lisboa',	'LI',	1),
(2661,	171,	'Madeira',	'ME',	1),
(2662,	171,	'Portalegre',	'PO',	1),
(2663,	171,	'Porto',	'PR',	1),
(2664,	171,	'Santar&eacute;m',	'SA',	1),
(2665,	171,	'Set&uacute;bal',	'SE',	1),
(2666,	171,	'Viana do Castelo',	'VC',	1),
(2667,	171,	'Vila Real',	'VR',	1),
(2668,	171,	'Viseu',	'VI',	1),
(2669,	173,	'Ad Dawhah',	'DW',	1),
(2670,	173,	'Al Ghuwayriyah',	'GW',	1),
(2671,	173,	'Al Jumayliyah',	'JM',	1),
(2672,	173,	'Al Khawr',	'KR',	1),
(2673,	173,	'Al Wakrah',	'WK',	1),
(2674,	173,	'Ar Rayyan',	'RN',	1),
(2675,	173,	'Jarayan al Batinah',	'JB',	1),
(2676,	173,	'Madinat ash Shamal',	'MS',	1),
(2677,	173,	'Umm Sa\'id',	'UD',	1),
(2678,	173,	'Umm Salal',	'UL',	1),
(2679,	175,	'Alba',	'AB',	1),
(2680,	175,	'Arad',	'AR',	1),
(2681,	175,	'Arges',	'AG',	1),
(2682,	175,	'Bacau',	'BC',	1),
(2683,	175,	'Bihor',	'BH',	1),
(2684,	175,	'Bistrita-Nasaud',	'BN',	1),
(2685,	175,	'Botosani',	'BT',	1),
(2686,	175,	'Brasov',	'BV',	1),
(2687,	175,	'Braila',	'BR',	1),
(2688,	175,	'Bucuresti',	'B',	1),
(2689,	175,	'Buzau',	'BZ',	1),
(2690,	175,	'Caras-Severin',	'CS',	1),
(2691,	175,	'Calarasi',	'CL',	1),
(2692,	175,	'Cluj',	'CJ',	1),
(2693,	175,	'Constanta',	'CT',	1),
(2694,	175,	'Covasna',	'CV',	1),
(2695,	175,	'Dimbovita',	'DB',	1),
(2696,	175,	'Dolj',	'DJ',	1),
(2697,	175,	'Galati',	'GL',	1),
(2698,	175,	'Giurgiu',	'GR',	1),
(2699,	175,	'Gorj',	'GJ',	1),
(2700,	175,	'Harghita',	'HR',	1),
(2701,	175,	'Hunedoara',	'HD',	1),
(2702,	175,	'Ialomita',	'IL',	1),
(2703,	175,	'Iasi',	'IS',	1),
(2704,	175,	'Ilfov',	'IF',	1),
(2705,	175,	'Maramures',	'MM',	1),
(2706,	175,	'Mehedinti',	'MH',	1),
(2707,	175,	'Mures',	'MS',	1),
(2708,	175,	'Neamt',	'NT',	1),
(2709,	175,	'Olt',	'OT',	1),
(2710,	175,	'Prahova',	'PH',	1),
(2711,	175,	'Satu-Mare',	'SM',	1),
(2712,	175,	'Salaj',	'SJ',	1),
(2713,	175,	'Sibiu',	'SB',	1),
(2714,	175,	'Suceava',	'SV',	1),
(2715,	175,	'Teleorman',	'TR',	1),
(2716,	175,	'Timis',	'TM',	1),
(2717,	175,	'Tulcea',	'TL',	1),
(2718,	175,	'Vaslui',	'VS',	1),
(2719,	175,	'Valcea',	'VL',	1),
(2720,	175,	'Vrancea',	'VN',	1),
(2721,	176,	'Abakan',	'AB',	1),
(2722,	176,	'Aginskoye',	'AG',	1),
(2723,	176,	'Anadyr',	'AN',	1),
(2724,	176,	'Arkahangelsk',	'AR',	1),
(2725,	176,	'Astrakhan',	'AS',	1),
(2726,	176,	'Barnaul',	'BA',	1),
(2727,	176,	'Belgorod',	'BE',	1),
(2728,	176,	'Birobidzhan',	'BI',	1),
(2729,	176,	'Blagoveshchensk',	'BL',	1),
(2730,	176,	'Bryansk',	'BR',	1),
(2731,	176,	'Cheboksary',	'CH',	1),
(2732,	176,	'Chelyabinsk',	'CL',	1),
(2733,	176,	'Cherkessk',	'CR',	1),
(2734,	176,	'Chita',	'CI',	1),
(2735,	176,	'Dudinka',	'DU',	1),
(2736,	176,	'Elista',	'EL',	1),
(2737,	176,	'Gomo-Altaysk',	'GO',	1),
(2738,	176,	'Gorno-Altaysk',	'GA',	1),
(2739,	176,	'Groznyy',	'GR',	1),
(2740,	176,	'Irkutsk',	'IR',	1),
(2741,	176,	'Ivanovo',	'IV',	1),
(2742,	176,	'Izhevsk',	'IZ',	1),
(2743,	176,	'Kalinigrad',	'KA',	1),
(2744,	176,	'Kaluga',	'KL',	1),
(2745,	176,	'Kasnodar',	'KS',	1),
(2746,	176,	'Kazan',	'KZ',	1),
(2747,	176,	'Kemerovo',	'KE',	1),
(2748,	176,	'Khabarovsk',	'KH',	1),
(2749,	176,	'Khanty-Mansiysk',	'KM',	1),
(2750,	176,	'Kostroma',	'KO',	1),
(2751,	176,	'Krasnodar',	'KR',	1),
(2752,	176,	'Krasnoyarsk',	'KN',	1),
(2753,	176,	'Kudymkar',	'KU',	1),
(2754,	176,	'Kurgan',	'KG',	1),
(2755,	176,	'Kursk',	'KK',	1),
(2756,	176,	'Kyzyl',	'KY',	1),
(2757,	176,	'Lipetsk',	'LI',	1),
(2758,	176,	'Magadan',	'MA',	1),
(2759,	176,	'Makhachkala',	'MK',	1),
(2760,	176,	'Maykop',	'MY',	1),
(2761,	176,	'Moscow',	'MO',	1),
(2762,	176,	'Murmansk',	'MU',	1),
(2763,	176,	'Nalchik',	'NA',	1),
(2764,	176,	'Naryan Mar',	'NR',	1),
(2765,	176,	'Nazran',	'NZ',	1),
(2766,	176,	'Nizhniy Novgorod',	'NI',	1),
(2767,	176,	'Novgorod',	'NO',	1),
(2768,	176,	'Novosibirsk',	'NV',	1),
(2769,	176,	'Omsk',	'OM',	1),
(2770,	176,	'Orel',	'OR',	1),
(2771,	176,	'Orenburg',	'OE',	1),
(2772,	176,	'Palana',	'PA',	1),
(2773,	176,	'Penza',	'PE',	1),
(2774,	176,	'Perm',	'PR',	1),
(2775,	176,	'Petropavlovsk-Kamchatskiy',	'PK',	1),
(2776,	176,	'Petrozavodsk',	'PT',	1),
(2777,	176,	'Pskov',	'PS',	1),
(2778,	176,	'Rostov-na-Donu',	'RO',	1),
(2779,	176,	'Ryazan',	'RY',	1),
(2780,	176,	'Salekhard',	'SL',	1),
(2781,	176,	'Samara',	'SA',	1),
(2782,	176,	'Saransk',	'SR',	1),
(2783,	176,	'Saratov',	'SV',	1),
(2784,	176,	'Smolensk',	'SM',	1),
(2785,	176,	'St. Petersburg',	'SP',	1),
(2786,	176,	'Stavropol',	'ST',	1),
(2787,	176,	'Syktyvkar',	'SY',	1),
(2788,	176,	'Tambov',	'TA',	1),
(2789,	176,	'Tomsk',	'TO',	1),
(2790,	176,	'Tula',	'TU',	1),
(2791,	176,	'Tura',	'TR',	1),
(2792,	176,	'Tver',	'TV',	1),
(2793,	176,	'Tyumen',	'TY',	1),
(2794,	176,	'Ufa',	'UF',	1),
(2795,	176,	'Ul\'yanovsk',	'UL',	1),
(2796,	176,	'Ulan-Ude',	'UU',	1),
(2797,	176,	'Ust\'-Ordynskiy',	'US',	1),
(2798,	176,	'Vladikavkaz',	'VL',	1),
(2799,	176,	'Vladimir',	'VA',	1),
(2800,	176,	'Vladivostok',	'VV',	1),
(2801,	176,	'Volgograd',	'VG',	1),
(2802,	176,	'Vologda',	'VD',	1),
(2803,	176,	'Voronezh',	'VO',	1),
(2804,	176,	'Vyatka',	'VY',	1),
(2805,	176,	'Yakutsk',	'YA',	1),
(2806,	176,	'Yaroslavl',	'YR',	1),
(2807,	176,	'Yekaterinburg',	'YE',	1),
(2808,	176,	'Yoshkar-Ola',	'YO',	1),
(2809,	177,	'Butare',	'BU',	1),
(2810,	177,	'Byumba',	'BY',	1),
(2811,	177,	'Cyangugu',	'CY',	1),
(2812,	177,	'Gikongoro',	'GK',	1),
(2813,	177,	'Gisenyi',	'GS',	1),
(2814,	177,	'Gitarama',	'GT',	1),
(2815,	177,	'Kibungo',	'KG',	1),
(2816,	177,	'Kibuye',	'KY',	1),
(2817,	177,	'Kigali Rurale',	'KR',	1),
(2818,	177,	'Kigali-ville',	'KV',	1),
(2819,	177,	'Ruhengeri',	'RU',	1),
(2820,	177,	'Umutara',	'UM',	1),
(2821,	178,	'Christ Church Nichola Town',	'CCN',	1),
(2822,	178,	'Saint Anne Sandy Point',	'SAS',	1),
(2823,	178,	'Saint George Basseterre',	'SGB',	1),
(2824,	178,	'Saint George Gingerland',	'SGG',	1),
(2825,	178,	'Saint James Windward',	'SJW',	1),
(2826,	178,	'Saint John Capesterre',	'SJC',	1),
(2827,	178,	'Saint John Figtree',	'SJF',	1),
(2828,	178,	'Saint Mary Cayon',	'SMC',	1),
(2829,	178,	'Saint Paul Capesterre',	'CAP',	1),
(2830,	178,	'Saint Paul Charlestown',	'CHA',	1),
(2831,	178,	'Saint Peter Basseterre',	'SPB',	1),
(2832,	178,	'Saint Thomas Lowland',	'STL',	1),
(2833,	178,	'Saint Thomas Middle Island',	'STM',	1),
(2834,	178,	'Trinity Palmetto Point',	'TPP',	1),
(2835,	179,	'Anse-la-Raye',	'AR',	1),
(2836,	179,	'Castries',	'CA',	1),
(2837,	179,	'Choiseul',	'CH',	1),
(2838,	179,	'Dauphin',	'DA',	1),
(2839,	179,	'Dennery',	'DE',	1),
(2840,	179,	'Gros-Islet',	'GI',	1),
(2841,	179,	'Laborie',	'LA',	1),
(2842,	179,	'Micoud',	'MI',	1),
(2843,	179,	'Praslin',	'PR',	1),
(2844,	179,	'Soufriere',	'SO',	1),
(2845,	179,	'Vieux-Fort',	'VF',	1),
(2846,	180,	'Charlotte',	'C',	1),
(2847,	180,	'Grenadines',	'R',	1),
(2848,	180,	'Saint Andrew',	'A',	1),
(2849,	180,	'Saint David',	'D',	1),
(2850,	180,	'Saint George',	'G',	1),
(2851,	180,	'Saint Patrick',	'P',	1),
(2852,	181,	'A\'ana',	'AN',	1),
(2853,	181,	'Aiga-i-le-Tai',	'AI',	1),
(2854,	181,	'Atua',	'AT',	1),
(2855,	181,	'Fa\'asaleleaga',	'FA',	1),
(2856,	181,	'Gaga\'emauga',	'GE',	1),
(2857,	181,	'Gagaifomauga',	'GF',	1),
(2858,	181,	'Palauli',	'PA',	1),
(2859,	181,	'Satupa\'itea',	'SA',	1),
(2860,	181,	'Tuamasaga',	'TU',	1),
(2861,	181,	'Va\'a-o-Fonoti',	'VF',	1),
(2862,	181,	'Vaisigano',	'VS',	1),
(2863,	182,	'Acquaviva',	'AC',	1),
(2864,	182,	'Borgo Maggiore',	'BM',	1),
(2865,	182,	'Chiesanuova',	'CH',	1),
(2866,	182,	'Domagnano',	'DO',	1),
(2867,	182,	'Faetano',	'FA',	1),
(2868,	182,	'Fiorentino',	'FI',	1),
(2869,	182,	'Montegiardino',	'MO',	1),
(2870,	182,	'Citta di San Marino',	'SM',	1),
(2871,	182,	'Serravalle',	'SE',	1),
(2872,	183,	'Sao Tome',	'S',	1),
(2873,	183,	'Principe',	'P',	1),
(2874,	184,	'Al Bahah',	'BH',	1),
(2875,	184,	'Al Hudud ash Shamaliyah',	'HS',	1),
(2876,	184,	'Al Jawf',	'JF',	1),
(2877,	184,	'Al Madinah',	'MD',	1),
(2878,	184,	'Al Qasim',	'QS',	1),
(2879,	184,	'Ar Riyad',	'RD',	1),
(2880,	184,	'Ash Sharqiyah (Eastern)',	'AQ',	1),
(2881,	184,	'\'Asir',	'AS',	1),
(2882,	184,	'Ha\'il',	'HL',	1),
(2883,	184,	'Jizan',	'JZ',	1),
(2884,	184,	'Makkah',	'ML',	1),
(2885,	184,	'Najran',	'NR',	1),
(2886,	184,	'Tabuk',	'TB',	1),
(2887,	185,	'Dakar',	'DA',	1),
(2888,	185,	'Diourbel',	'DI',	1),
(2889,	185,	'Fatick',	'FA',	1),
(2890,	185,	'Kaolack',	'KA',	1),
(2891,	185,	'Kolda',	'KO',	1),
(2892,	185,	'Louga',	'LO',	1),
(2893,	185,	'Matam',	'MA',	1),
(2894,	185,	'Saint-Louis',	'SL',	1),
(2895,	185,	'Tambacounda',	'TA',	1),
(2896,	185,	'Thies',	'TH',	1),
(2897,	185,	'Ziguinchor',	'ZI',	1),
(2898,	186,	'Anse aux Pins',	'AP',	1),
(2899,	186,	'Anse Boileau',	'AB',	1),
(2900,	186,	'Anse Etoile',	'AE',	1),
(2901,	186,	'Anse Louis',	'AL',	1),
(2902,	186,	'Anse Royale',	'AR',	1),
(2903,	186,	'Baie Lazare',	'BL',	1),
(2904,	186,	'Baie Sainte Anne',	'BS',	1),
(2905,	186,	'Beau Vallon',	'BV',	1),
(2906,	186,	'Bel Air',	'BA',	1),
(2907,	186,	'Bel Ombre',	'BO',	1),
(2908,	186,	'Cascade',	'CA',	1),
(2909,	186,	'Glacis',	'GL',	1),
(2910,	186,	'Grand\' Anse (on Mahe)',	'GM',	1),
(2911,	186,	'Grand\' Anse (on Praslin)',	'GP',	1),
(2912,	186,	'La Digue',	'DG',	1),
(2913,	186,	'La Riviere Anglaise',	'RA',	1),
(2914,	186,	'Mont Buxton',	'MB',	1),
(2915,	186,	'Mont Fleuri',	'MF',	1),
(2916,	186,	'Plaisance',	'PL',	1),
(2917,	186,	'Pointe La Rue',	'PR',	1),
(2918,	186,	'Port Glaud',	'PG',	1),
(2919,	186,	'Saint Louis',	'SL',	1),
(2920,	186,	'Takamaka',	'TA',	1),
(2921,	187,	'Eastern',	'E',	1),
(2922,	187,	'Northern',	'N',	1),
(2923,	187,	'Southern',	'S',	1),
(2924,	187,	'Western',	'W',	1),
(2925,	189,	'Banskobystrick',	'BA',	1),
(2926,	189,	'Bratislavsk',	'BR',	1),
(2927,	189,	'Koick',	'KO',	1),
(2928,	189,	'Nitriansky',	'NI',	1),
(2929,	189,	'Preovsk',	'PR',	1),
(2930,	189,	'Treniansky',	'TC',	1),
(2931,	189,	'Trnavsk',	'TV',	1),
(2932,	189,	'ilinsk',	'ZI',	1),
(2933,	191,	'Central',	'CE',	1),
(2934,	191,	'Choiseul',	'CH',	1),
(2935,	191,	'Guadalcanal',	'GC',	1),
(2936,	191,	'Honiara',	'HO',	1),
(2937,	191,	'Isabel',	'IS',	1),
(2938,	191,	'Makira',	'MK',	1),
(2939,	191,	'Malaita',	'ML',	1),
(2940,	191,	'Rennell and Bellona',	'RB',	1),
(2941,	191,	'Temotu',	'TM',	1),
(2942,	191,	'Western',	'WE',	1),
(2943,	192,	'Awdal',	'AW',	1),
(2944,	192,	'Bakool',	'BK',	1),
(2945,	192,	'Banaadir',	'BN',	1),
(2946,	192,	'Bari',	'BR',	1),
(2947,	192,	'Bay',	'BY',	1),
(2948,	192,	'Galguduud',	'GA',	1),
(2949,	192,	'Gedo',	'GE',	1),
(2950,	192,	'Hiiraan',	'HI',	1),
(2951,	192,	'Jubbada Dhexe',	'JD',	1),
(2952,	192,	'Jubbada Hoose',	'JH',	1),
(2953,	192,	'Mudug',	'MU',	1),
(2954,	192,	'Nugaal',	'NU',	1),
(2955,	192,	'Sanaag',	'SA',	1),
(2956,	192,	'Shabeellaha Dhexe',	'SD',	1),
(2957,	192,	'Shabeellaha Hoose',	'SH',	1),
(2958,	192,	'Sool',	'SL',	1),
(2959,	192,	'Togdheer',	'TO',	1),
(2960,	192,	'Woqooyi Galbeed',	'WG',	1),
(2961,	193,	'Eastern Cape',	'EC',	1),
(2962,	193,	'Free State',	'FS',	1),
(2963,	193,	'Gauteng',	'GT',	1),
(2964,	193,	'KwaZulu-Natal',	'KN',	1),
(2965,	193,	'Limpopo',	'LP',	1),
(2966,	193,	'Mpumalanga',	'MP',	1),
(2967,	193,	'North West',	'NW',	1),
(2968,	193,	'Northern Cape',	'NC',	1),
(2969,	193,	'Western Cape',	'WC',	1),
(2970,	195,	'La Coru&ntilde;a',	'CA',	1),
(2971,	195,	'&Aacute;lava',	'AL',	1),
(2972,	195,	'Albacete',	'AB',	1),
(2973,	195,	'Alicante',	'AC',	1),
(2974,	195,	'Almeria',	'AM',	1),
(2975,	195,	'Asturias',	'AS',	1),
(2976,	195,	'&Aacute;vila',	'AV',	1),
(2977,	195,	'Badajoz',	'BJ',	1),
(2978,	195,	'Baleares',	'IB',	1),
(2979,	195,	'Barcelona',	'BA',	1),
(2980,	195,	'Burgos',	'BU',	1),
(2981,	195,	'C&aacute;ceres',	'CC',	1),
(2982,	195,	'C&aacute;diz',	'CZ',	1),
(2983,	195,	'Cantabria',	'CT',	1),
(2984,	195,	'Castell&oacute;n',	'CL',	1),
(2985,	195,	'Ceuta',	'CE',	1),
(2986,	195,	'Ciudad Real',	'CR',	1),
(2987,	195,	'C&oacute;rdoba',	'CD',	1),
(2988,	195,	'Cuenca',	'CU',	1),
(2989,	195,	'Girona',	'GI',	1),
(2990,	195,	'Granada',	'GD',	1),
(2991,	195,	'Guadalajara',	'GJ',	1),
(2992,	195,	'Guip&uacute;zcoa',	'GP',	1),
(2993,	195,	'Huelva',	'HL',	1),
(2994,	195,	'Huesca',	'HS',	1),
(2995,	195,	'Ja&eacute;n',	'JN',	1),
(2996,	195,	'La Rioja',	'RJ',	1),
(2997,	195,	'Las Palmas',	'PM',	1),
(2998,	195,	'Leon',	'LE',	1),
(2999,	195,	'Lleida',	'LL',	1),
(3000,	195,	'Lugo',	'LG',	1),
(3001,	195,	'Madrid',	'MD',	1),
(3002,	195,	'Malaga',	'MA',	1),
(3003,	195,	'Melilla',	'ML',	1),
(3004,	195,	'Murcia',	'MU',	1),
(3005,	195,	'Navarra',	'NV',	1),
(3006,	195,	'Ourense',	'OU',	1),
(3007,	195,	'Palencia',	'PL',	1),
(3008,	195,	'Pontevedra',	'PO',	1),
(3009,	195,	'Salamanca',	'SL',	1),
(3010,	195,	'Santa Cruz de Tenerife',	'SC',	1),
(3011,	195,	'Segovia',	'SG',	1),
(3012,	195,	'Sevilla',	'SV',	1),
(3013,	195,	'Soria',	'SO',	1),
(3014,	195,	'Tarragona',	'TA',	1),
(3015,	195,	'Teruel',	'TE',	1),
(3016,	195,	'Toledo',	'TO',	1),
(3017,	195,	'Valencia',	'VC',	1),
(3018,	195,	'Valladolid',	'VD',	1),
(3019,	195,	'Vizcaya',	'VZ',	1),
(3020,	195,	'Zamora',	'ZM',	1),
(3021,	195,	'Zaragoza',	'ZR',	1),
(3022,	196,	'Central',	'CE',	1),
(3023,	196,	'Eastern',	'EA',	1),
(3024,	196,	'North Central',	'NC',	1),
(3025,	196,	'Northern',	'NO',	1),
(3026,	196,	'North Western',	'NW',	1),
(3027,	196,	'Sabaragamuwa',	'SA',	1),
(3028,	196,	'Southern',	'SO',	1),
(3029,	196,	'Uva',	'UV',	1),
(3030,	196,	'Western',	'WE',	1),
(3032,	197,	'Saint Helena',	'S',	1),
(3034,	199,	'A\'ali an Nil',	'ANL',	1),
(3035,	199,	'Al Bahr al Ahmar',	'BAM',	1),
(3036,	199,	'Al Buhayrat',	'BRT',	1),
(3037,	199,	'Al Jazirah',	'JZR',	1),
(3038,	199,	'Al Khartum',	'KRT',	1),
(3039,	199,	'Al Qadarif',	'QDR',	1),
(3040,	199,	'Al Wahdah',	'WDH',	1),
(3041,	199,	'An Nil al Abyad',	'ANB',	1),
(3042,	199,	'An Nil al Azraq',	'ANZ',	1),
(3043,	199,	'Ash Shamaliyah',	'ASH',	1),
(3044,	199,	'Bahr al Jabal',	'BJA',	1),
(3045,	199,	'Gharb al Istiwa\'iyah',	'GIS',	1),
(3046,	199,	'Gharb Bahr al Ghazal',	'GBG',	1),
(3047,	199,	'Gharb Darfur',	'GDA',	1),
(3048,	199,	'Gharb Kurdufan',	'GKU',	1),
(3049,	199,	'Janub Darfur',	'JDA',	1),
(3050,	199,	'Janub Kurdufan',	'JKU',	1),
(3051,	199,	'Junqali',	'JQL',	1),
(3052,	199,	'Kassala',	'KSL',	1),
(3053,	199,	'Nahr an Nil',	'NNL',	1),
(3054,	199,	'Shamal Bahr al Ghazal',	'SBG',	1),
(3055,	199,	'Shamal Darfur',	'SDA',	1),
(3056,	199,	'Shamal Kurdufan',	'SKU',	1),
(3057,	199,	'Sharq al Istiwa\'iyah',	'SIS',	1),
(3058,	199,	'Sinnar',	'SNR',	1),
(3059,	199,	'Warab',	'WRB',	1),
(3060,	200,	'Brokopondo',	'BR',	1),
(3061,	200,	'Commewijne',	'CM',	1),
(3062,	200,	'Coronie',	'CR',	1),
(3063,	200,	'Marowijne',	'MA',	1),
(3064,	200,	'Nickerie',	'NI',	1),
(3065,	200,	'Para',	'PA',	1),
(3066,	200,	'Paramaribo',	'PM',	1),
(3067,	200,	'Saramacca',	'SA',	1),
(3068,	200,	'Sipaliwini',	'SI',	1),
(3069,	200,	'Wanica',	'WA',	1),
(3070,	202,	'Hhohho',	'H',	1),
(3071,	202,	'Lubombo',	'L',	1),
(3072,	202,	'Manzini',	'M',	1),
(3073,	202,	'Shishelweni',	'S',	1),
(3074,	203,	'Blekinge',	'K',	1),
(3075,	203,	'Dalarna',	'W',	1),
(3076,	203,	'G&auml;vleborg',	'X',	1),
(3077,	203,	'Gotland',	'I',	1),
(3078,	203,	'Halland',	'N',	1),
(3079,	203,	'J&auml;mtland',	'Z',	1),
(3080,	203,	'J&ouml;nk&ouml;ping',	'F',	1),
(3081,	203,	'Kalmar',	'H',	1),
(3082,	203,	'Kronoberg',	'G',	1),
(3083,	203,	'Norrbotten',	'BD',	1),
(3084,	203,	'&Ouml;rebro',	'T',	1),
(3085,	203,	'&Ouml;sterg&ouml;tland',	'E',	1),
(3086,	203,	'Sk&aring;ne',	'M',	1),
(3087,	203,	'S&ouml;dermanland',	'D',	1),
(3088,	203,	'Stockholm',	'AB',	1),
(3089,	203,	'Uppsala',	'C',	1),
(3090,	203,	'V&auml;rmland',	'S',	1),
(3091,	203,	'V&auml;sterbotten',	'AC',	1),
(3092,	203,	'V&auml;sternorrland',	'Y',	1),
(3093,	203,	'V&auml;stmanland',	'U',	1),
(3094,	203,	'V&auml;stra G&ouml;taland',	'O',	1),
(3095,	204,	'Aargau',	'AG',	1),
(3096,	204,	'Appenzell Ausserrhoden',	'AR',	1),
(3097,	204,	'Appenzell Innerrhoden',	'AI',	1),
(3098,	204,	'Basel-Stadt',	'BS',	1),
(3099,	204,	'Basel-Landschaft',	'BL',	1),
(3100,	204,	'Bern',	'BE',	1),
(3101,	204,	'Fribourg',	'FR',	1),
(3102,	204,	'Gen&egrave;ve',	'GE',	1),
(3103,	204,	'Glarus',	'GL',	1),
(3104,	204,	'Graub&uuml;nden',	'GR',	1),
(3105,	204,	'Jura',	'JU',	1),
(3106,	204,	'Luzern',	'LU',	1),
(3107,	204,	'Neuch&acirc;tel',	'NE',	1),
(3108,	204,	'Nidwald',	'NW',	1),
(3109,	204,	'Obwald',	'OW',	1),
(3110,	204,	'St. Gallen',	'SG',	1),
(3111,	204,	'Schaffhausen',	'SH',	1),
(3112,	204,	'Schwyz',	'SZ',	1),
(3113,	204,	'Solothurn',	'SO',	1),
(3114,	204,	'Thurgau',	'TG',	1),
(3115,	204,	'Ticino',	'TI',	1),
(3116,	204,	'Uri',	'UR',	1),
(3117,	204,	'Valais',	'VS',	1),
(3118,	204,	'Vaud',	'VD',	1),
(3119,	204,	'Zug',	'ZG',	1),
(3120,	204,	'Z&uuml;rich',	'ZH',	1),
(3121,	205,	'Al Hasakah',	'HA',	1),
(3122,	205,	'Al Ladhiqiyah',	'LA',	1),
(3123,	205,	'Al Qunaytirah',	'QU',	1),
(3124,	205,	'Ar Raqqah',	'RQ',	1),
(3125,	205,	'As Suwayda',	'SU',	1),
(3126,	205,	'Dara',	'DA',	1),
(3127,	205,	'Dayr az Zawr',	'DZ',	1),
(3128,	205,	'Dimashq',	'DI',	1),
(3129,	205,	'Halab',	'HL',	1),
(3130,	205,	'Hamah',	'HM',	1),
(3131,	205,	'Hims',	'HI',	1),
(3132,	205,	'Idlib',	'ID',	1),
(3133,	205,	'Rif Dimashq',	'RD',	1),
(3134,	205,	'Tartus',	'TA',	1),
(3135,	206,	'Chang-hua',	'CH',	1),
(3136,	206,	'Chia-i',	'CI',	1),
(3137,	206,	'Hsin-chu',	'HS',	1),
(3138,	206,	'Hua-lien',	'HL',	1),
(3139,	206,	'I-lan',	'IL',	1),
(3140,	206,	'Kao-hsiung county',	'KH',	1),
(3141,	206,	'Kin-men',	'KM',	1),
(3142,	206,	'Lien-chiang',	'LC',	1),
(3143,	206,	'Miao-li',	'ML',	1),
(3144,	206,	'Nan-t\'ou',	'NT',	1),
(3145,	206,	'P\'eng-hu',	'PH',	1),
(3146,	206,	'P\'ing-tung',	'PT',	1),
(3147,	206,	'T\'ai-chung',	'TG',	1),
(3148,	206,	'T\'ai-nan',	'TA',	1),
(3149,	206,	'T\'ai-pei county',	'TP',	1),
(3150,	206,	'T\'ai-tung',	'TT',	1),
(3151,	206,	'T\'ao-yuan',	'TY',	1),
(3152,	206,	'Yun-lin',	'YL',	1),
(3153,	206,	'Chia-i city',	'CC',	1),
(3154,	206,	'Chi-lung',	'CL',	1),
(3155,	206,	'Hsin-chu',	'HC',	1),
(3156,	206,	'T\'ai-chung',	'TH',	1),
(3157,	206,	'T\'ai-nan',	'TN',	1),
(3158,	206,	'Kao-hsiung city',	'KC',	1),
(3159,	206,	'T\'ai-pei city',	'TC',	1),
(3160,	207,	'Gorno-Badakhstan',	'GB',	1),
(3161,	207,	'Khatlon',	'KT',	1),
(3162,	207,	'Sughd',	'SU',	1),
(3163,	208,	'Arusha',	'AR',	1),
(3164,	208,	'Dar es Salaam',	'DS',	1),
(3165,	208,	'Dodoma',	'DO',	1),
(3166,	208,	'Iringa',	'IR',	1),
(3167,	208,	'Kagera',	'KA',	1),
(3168,	208,	'Kigoma',	'KI',	1),
(3169,	208,	'Kilimanjaro',	'KJ',	1),
(3170,	208,	'Lindi',	'LN',	1),
(3171,	208,	'Manyara',	'MY',	1),
(3172,	208,	'Mara',	'MR',	1),
(3173,	208,	'Mbeya',	'MB',	1),
(3174,	208,	'Morogoro',	'MO',	1),
(3175,	208,	'Mtwara',	'MT',	1),
(3176,	208,	'Mwanza',	'MW',	1),
(3177,	208,	'Pemba North',	'PN',	1),
(3178,	208,	'Pemba South',	'PS',	1),
(3179,	208,	'Pwani',	'PW',	1),
(3180,	208,	'Rukwa',	'RK',	1),
(3181,	208,	'Ruvuma',	'RV',	1),
(3182,	208,	'Shinyanga',	'SH',	1),
(3183,	208,	'Singida',	'SI',	1),
(3184,	208,	'Tabora',	'TB',	1),
(3185,	208,	'Tanga',	'TN',	1),
(3186,	208,	'Zanzibar Central/South',	'ZC',	1),
(3187,	208,	'Zanzibar North',	'ZN',	1),
(3188,	208,	'Zanzibar Urban/West',	'ZU',	1),
(3189,	209,	'Amnat Charoen',	'Amnat Charoen',	1),
(3190,	209,	'Ang Thong',	'Ang Thong',	1),
(3191,	209,	'Ayutthaya',	'Ayutthaya',	1),
(3192,	209,	'Bangkok',	'Bangkok',	1),
(3193,	209,	'Buriram',	'Buriram',	1),
(3194,	209,	'Chachoengsao',	'Chachoengsao',	1),
(3195,	209,	'Chai Nat',	'Chai Nat',	1),
(3196,	209,	'Chaiyaphum',	'Chaiyaphum',	1),
(3197,	209,	'Chanthaburi',	'Chanthaburi',	1),
(3198,	209,	'Chiang Mai',	'Chiang Mai',	1),
(3199,	209,	'Chiang Rai',	'Chiang Rai',	1),
(3200,	209,	'Chon Buri',	'Chon Buri',	1),
(3201,	209,	'Chumphon',	'Chumphon',	1),
(3202,	209,	'Kalasin',	'Kalasin',	1),
(3203,	209,	'Kamphaeng Phet',	'Kamphaeng Phet',	1),
(3204,	209,	'Kanchanaburi',	'Kanchanaburi',	1),
(3205,	209,	'Khon Kaen',	'Khon Kaen',	1),
(3206,	209,	'Krabi',	'Krabi',	1),
(3207,	209,	'Lampang',	'Lampang',	1),
(3208,	209,	'Lamphun',	'Lamphun',	1),
(3209,	209,	'Loei',	'Loei',	1),
(3210,	209,	'Lop Buri',	'Lop Buri',	1),
(3211,	209,	'Mae Hong Son',	'Mae Hong Son',	1),
(3212,	209,	'Maha Sarakham',	'Maha Sarakham',	1),
(3213,	209,	'Mukdahan',	'Mukdahan',	1),
(3214,	209,	'Nakhon Nayok',	'Nakhon Nayok',	1),
(3215,	209,	'Nakhon Pathom',	'Nakhon Pathom',	1),
(3216,	209,	'Nakhon Phanom',	'Nakhon Phanom',	1),
(3217,	209,	'Nakhon Ratchasima',	'Nakhon Ratchasima',	1),
(3218,	209,	'Nakhon Sawan',	'Nakhon Sawan',	1),
(3219,	209,	'Nakhon Si Thammarat',	'Nakhon Si Thammarat',	1),
(3220,	209,	'Nan',	'Nan',	1),
(3221,	209,	'Narathiwat',	'Narathiwat',	1),
(3222,	209,	'Nong Bua Lamphu',	'Nong Bua Lamphu',	1),
(3223,	209,	'Nong Khai',	'Nong Khai',	1),
(3224,	209,	'Nonthaburi',	'Nonthaburi',	1),
(3225,	209,	'Pathum Thani',	'Pathum Thani',	1),
(3226,	209,	'Pattani',	'Pattani',	1),
(3227,	209,	'Phangnga',	'Phangnga',	1),
(3228,	209,	'Phatthalung',	'Phatthalung',	1),
(3229,	209,	'Phayao',	'Phayao',	1),
(3230,	209,	'Phetchabun',	'Phetchabun',	1),
(3231,	209,	'Phetchaburi',	'Phetchaburi',	1),
(3232,	209,	'Phichit',	'Phichit',	1),
(3233,	209,	'Phitsanulok',	'Phitsanulok',	1),
(3234,	209,	'Phrae',	'Phrae',	1),
(3235,	209,	'Phuket',	'Phuket',	1),
(3236,	209,	'Prachin Buri',	'Prachin Buri',	1),
(3237,	209,	'Prachuap Khiri Khan',	'Prachuap Khiri Khan',	1),
(3238,	209,	'Ranong',	'Ranong',	1),
(3239,	209,	'Ratchaburi',	'Ratchaburi',	1),
(3240,	209,	'Rayong',	'Rayong',	1),
(3241,	209,	'Roi Et',	'Roi Et',	1),
(3242,	209,	'Sa Kaeo',	'Sa Kaeo',	1),
(3243,	209,	'Sakon Nakhon',	'Sakon Nakhon',	1),
(3244,	209,	'Samut Prakan',	'Samut Prakan',	1),
(3245,	209,	'Samut Sakhon',	'Samut Sakhon',	1),
(3246,	209,	'Samut Songkhram',	'Samut Songkhram',	1),
(3247,	209,	'Sara Buri',	'Sara Buri',	1),
(3248,	209,	'Satun',	'Satun',	1),
(3249,	209,	'Sing Buri',	'Sing Buri',	1),
(3250,	209,	'Sisaket',	'Sisaket',	1),
(3251,	209,	'Songkhla',	'Songkhla',	1),
(3252,	209,	'Sukhothai',	'Sukhothai',	1),
(3253,	209,	'Suphan Buri',	'Suphan Buri',	1),
(3254,	209,	'Surat Thani',	'Surat Thani',	1),
(3255,	209,	'Surin',	'Surin',	1),
(3256,	209,	'Tak',	'Tak',	1),
(3257,	209,	'Trang',	'Trang',	1),
(3258,	209,	'Trat',	'Trat',	1),
(3259,	209,	'Ubon Ratchathani',	'Ubon Ratchathani',	1),
(3260,	209,	'Udon Thani',	'Udon Thani',	1),
(3261,	209,	'Uthai Thani',	'Uthai Thani',	1),
(3262,	209,	'Uttaradit',	'Uttaradit',	1),
(3263,	209,	'Yala',	'Yala',	1),
(3264,	209,	'Yasothon',	'Yasothon',	1),
(3265,	210,	'Kara',	'K',	1),
(3266,	210,	'Plateaux',	'P',	1),
(3267,	210,	'Savanes',	'S',	1),
(3268,	210,	'Centrale',	'C',	1),
(3269,	210,	'Maritime',	'M',	1),
(3270,	211,	'Atafu',	'A',	1),
(3271,	211,	'Fakaofo',	'F',	1),
(3272,	211,	'Nukunonu',	'N',	1),
(3273,	212,	'Ha\'apai',	'H',	1),
(3274,	212,	'Tongatapu',	'T',	1),
(3275,	212,	'Vava\'u',	'V',	1),
(3276,	213,	'Couva/Tabaquite/Talparo',	'CT',	1),
(3277,	213,	'Diego Martin',	'DM',	1),
(3278,	213,	'Mayaro/Rio Claro',	'MR',	1),
(3279,	213,	'Penal/Debe',	'PD',	1),
(3280,	213,	'Princes Town',	'PT',	1),
(3281,	213,	'Sangre Grande',	'SG',	1),
(3282,	213,	'San Juan/Laventille',	'SL',	1),
(3283,	213,	'Siparia',	'SI',	1),
(3284,	213,	'Tunapuna/Piarco',	'TP',	1),
(3285,	213,	'Port of Spain',	'PS',	1),
(3286,	213,	'San Fernando',	'SF',	1),
(3287,	213,	'Arima',	'AR',	1),
(3288,	213,	'Point Fortin',	'PF',	1),
(3289,	213,	'Chaguanas',	'CH',	1),
(3290,	213,	'Tobago',	'TO',	1),
(3291,	214,	'Ariana',	'AR',	1),
(3292,	214,	'Beja',	'BJ',	1),
(3293,	214,	'Ben Arous',	'BA',	1),
(3294,	214,	'Bizerte',	'BI',	1),
(3295,	214,	'Gabes',	'GB',	1),
(3296,	214,	'Gafsa',	'GF',	1),
(3297,	214,	'Jendouba',	'JE',	1),
(3298,	214,	'Kairouan',	'KR',	1),
(3299,	214,	'Kasserine',	'KS',	1),
(3300,	214,	'Kebili',	'KB',	1),
(3301,	214,	'Kef',	'KF',	1),
(3302,	214,	'Mahdia',	'MH',	1),
(3303,	214,	'Manouba',	'MN',	1),
(3304,	214,	'Medenine',	'ME',	1),
(3305,	214,	'Monastir',	'MO',	1),
(3306,	214,	'Nabeul',	'NA',	1),
(3307,	214,	'Sfax',	'SF',	1),
(3308,	214,	'Sidi',	'SD',	1),
(3309,	214,	'Siliana',	'SL',	1),
(3310,	214,	'Sousse',	'SO',	1),
(3311,	214,	'Tataouine',	'TA',	1),
(3312,	214,	'Tozeur',	'TO',	1),
(3313,	214,	'Tunis',	'TU',	1),
(3314,	214,	'Zaghouan',	'ZA',	1),
(3315,	215,	'Adana',	'ADA',	1),
(3316,	215,	'Adyaman',	'ADI',	1),
(3317,	215,	'Afyonkarahisar',	'AFY',	1),
(3318,	215,	'Ar',	'AGR',	1),
(3319,	215,	'Aksaray',	'AKS',	1),
(3320,	215,	'Amasya',	'AMA',	1),
(3321,	215,	'Ankara',	'ANK',	1),
(3322,	215,	'Antalya',	'ANT',	1),
(3323,	215,	'Ardahan',	'ARD',	1),
(3324,	215,	'Artvin',	'ART',	1),
(3325,	215,	'Aydn',	'AYI',	1),
(3326,	215,	'Balkesir',	'BAL',	1),
(3327,	215,	'Bartn',	'BAR',	1),
(3328,	215,	'Batman',	'BAT',	1),
(3329,	215,	'Bayburt',	'BAY',	1),
(3330,	215,	'Bilecik',	'BIL',	1),
(3331,	215,	'Bingl',	'BIN',	1),
(3332,	215,	'Bitlis',	'BIT',	1),
(3333,	215,	'Bolu',	'BOL',	1),
(3334,	215,	'Burdur',	'BRD',	1),
(3335,	215,	'Bursa',	'BRS',	1),
(3336,	215,	'anakkale',	'CKL',	1),
(3337,	215,	'ankr',	'CKR',	1),
(3338,	215,	'orum',	'COR',	1),
(3339,	215,	'Denizli',	'DEN',	1),
(3340,	215,	'Diyarbakr',	'DIY',	1),
(3341,	215,	'Dzce',	'DUZ',	1),
(3342,	215,	'Edirne',	'EDI',	1),
(3343,	215,	'Elaz',	'ELA',	1),
(3344,	215,	'Erzincan',	'EZC',	1),
(3345,	215,	'Erzurum',	'EZR',	1),
(3346,	215,	'Eskiehir',	'ESK',	1),
(3347,	215,	'Gaziantep',	'GAZ',	1),
(3348,	215,	'Giresun',	'GIR',	1),
(3349,	215,	'Gmhane',	'GMS',	1),
(3350,	215,	'Hakkari',	'HKR',	1),
(3351,	215,	'Hatay',	'HTY',	1),
(3352,	215,	'Idr',	'IGD',	1),
(3353,	215,	'Isparta',	'ISP',	1),
(3354,	215,	'stanbul',	'IST',	1),
(3355,	215,	'zmir',	'IZM',	1),
(3356,	215,	'Kahramanmara',	'KAH',	1),
(3357,	215,	'Karabk',	'KRB',	1),
(3358,	215,	'Karaman',	'KRM',	1),
(3359,	215,	'Kars',	'KRS',	1),
(3360,	215,	'Kastamonu',	'KAS',	1),
(3361,	215,	'Kayseri',	'KAY',	1),
(3362,	215,	'Kilis',	'KLS',	1),
(3363,	215,	'Krkkale',	'KRK',	1),
(3364,	215,	'Krklareli',	'KLR',	1),
(3365,	215,	'Krehir',	'KRH',	1),
(3366,	215,	'Kocaeli',	'KOC',	1),
(3367,	215,	'Konya',	'KON',	1),
(3368,	215,	'Ktahya',	'KUT',	1),
(3369,	215,	'Malatya',	'MAL',	1),
(3370,	215,	'Manisa',	'MAN',	1),
(3371,	215,	'Mardin',	'MAR',	1),
(3372,	215,	'Mersin',	'MER',	1),
(3373,	215,	'Mula',	'MUG',	1),
(3374,	215,	'Mu',	'MUS',	1),
(3375,	215,	'Nevehir',	'NEV',	1),
(3376,	215,	'Nide',	'NIG',	1),
(3377,	215,	'Ordu',	'ORD',	1),
(3378,	215,	'Osmaniye',	'OSM',	1),
(3379,	215,	'Rize',	'RIZ',	1),
(3380,	215,	'Sakarya',	'SAK',	1),
(3381,	215,	'Samsun',	'SAM',	1),
(3382,	215,	'anlurfa',	'SAN',	1),
(3383,	215,	'Siirt',	'SII',	1),
(3384,	215,	'Sinop',	'SIN',	1),
(3385,	215,	'rnak',	'SIR',	1),
(3386,	215,	'Sivas',	'SIV',	1),
(3387,	215,	'Tekirda',	'TEL',	1),
(3388,	215,	'Tokat',	'TOK',	1),
(3389,	215,	'Trabzon',	'TRA',	1),
(3390,	215,	'Tunceli',	'TUN',	1),
(3391,	215,	'Uak',	'USK',	1),
(3392,	215,	'Van',	'VAN',	1),
(3393,	215,	'Yalova',	'YAL',	1),
(3394,	215,	'Yozgat',	'YOZ',	1),
(3395,	215,	'Zonguldak',	'ZON',	1),
(3396,	216,	'Ahal Welayaty',	'A',	1),
(3397,	216,	'Balkan Welayaty',	'B',	1),
(3398,	216,	'Dashhowuz Welayaty',	'D',	1),
(3399,	216,	'Lebap Welayaty',	'L',	1),
(3400,	216,	'Mary Welayaty',	'M',	1),
(3401,	217,	'Ambergris Cays',	'AC',	1),
(3402,	217,	'Dellis Cay',	'DC',	1),
(3403,	217,	'French Cay',	'FC',	1),
(3404,	217,	'Little Water Cay',	'LW',	1),
(3405,	217,	'Parrot Cay',	'RC',	1),
(3406,	217,	'Pine Cay',	'PN',	1),
(3407,	217,	'Salt Cay',	'SL',	1),
(3408,	217,	'Grand Turk',	'GT',	1),
(3409,	217,	'South Caicos',	'SC',	1),
(3410,	217,	'East Caicos',	'EC',	1),
(3411,	217,	'Middle Caicos',	'MC',	1),
(3412,	217,	'North Caicos',	'NC',	1),
(3413,	217,	'Providenciales',	'PR',	1),
(3414,	217,	'West Caicos',	'WC',	1),
(3415,	218,	'Nanumanga',	'NMG',	1),
(3416,	218,	'Niulakita',	'NLK',	1),
(3417,	218,	'Niutao',	'NTO',	1),
(3418,	218,	'Funafuti',	'FUN',	1),
(3419,	218,	'Nanumea',	'NME',	1),
(3420,	218,	'Nui',	'NUI',	1),
(3421,	218,	'Nukufetau',	'NFT',	1),
(3422,	218,	'Nukulaelae',	'NLL',	1),
(3423,	218,	'Vaitupu',	'VAI',	1),
(3424,	219,	'Kalangala',	'KAL',	1),
(3425,	219,	'Kampala',	'KMP',	1),
(3426,	219,	'Kayunga',	'KAY',	1),
(3427,	219,	'Kiboga',	'KIB',	1),
(3428,	219,	'Luwero',	'LUW',	1),
(3429,	219,	'Masaka',	'MAS',	1),
(3430,	219,	'Mpigi',	'MPI',	1),
(3431,	219,	'Mubende',	'MUB',	1),
(3432,	219,	'Mukono',	'MUK',	1),
(3433,	219,	'Nakasongola',	'NKS',	1),
(3434,	219,	'Rakai',	'RAK',	1),
(3435,	219,	'Sembabule',	'SEM',	1),
(3436,	219,	'Wakiso',	'WAK',	1),
(3437,	219,	'Bugiri',	'BUG',	1),
(3438,	219,	'Busia',	'BUS',	1),
(3439,	219,	'Iganga',	'IGA',	1),
(3440,	219,	'Jinja',	'JIN',	1),
(3441,	219,	'Kaberamaido',	'KAB',	1),
(3442,	219,	'Kamuli',	'KML',	1),
(3443,	219,	'Kapchorwa',	'KPC',	1),
(3444,	219,	'Katakwi',	'KTK',	1),
(3445,	219,	'Kumi',	'KUM',	1),
(3446,	219,	'Mayuge',	'MAY',	1),
(3447,	219,	'Mbale',	'MBA',	1),
(3448,	219,	'Pallisa',	'PAL',	1),
(3449,	219,	'Sironko',	'SIR',	1),
(3450,	219,	'Soroti',	'SOR',	1),
(3451,	219,	'Tororo',	'TOR',	1),
(3452,	219,	'Adjumani',	'ADJ',	1),
(3453,	219,	'Apac',	'APC',	1),
(3454,	219,	'Arua',	'ARU',	1),
(3455,	219,	'Gulu',	'GUL',	1),
(3456,	219,	'Kitgum',	'KIT',	1),
(3457,	219,	'Kotido',	'KOT',	1),
(3458,	219,	'Lira',	'LIR',	1),
(3459,	219,	'Moroto',	'MRT',	1),
(3460,	219,	'Moyo',	'MOY',	1),
(3461,	219,	'Nakapiripirit',	'NAK',	1),
(3462,	219,	'Nebbi',	'NEB',	1),
(3463,	219,	'Pader',	'PAD',	1),
(3464,	219,	'Yumbe',	'YUM',	1),
(3465,	219,	'Bundibugyo',	'BUN',	1),
(3466,	219,	'Bushenyi',	'BSH',	1),
(3467,	219,	'Hoima',	'HOI',	1),
(3468,	219,	'Kabale',	'KBL',	1),
(3469,	219,	'Kabarole',	'KAR',	1),
(3470,	219,	'Kamwenge',	'KAM',	1),
(3471,	219,	'Kanungu',	'KAN',	1),
(3472,	219,	'Kasese',	'KAS',	1),
(3473,	219,	'Kibaale',	'KBA',	1),
(3474,	219,	'Kisoro',	'KIS',	1),
(3475,	219,	'Kyenjojo',	'KYE',	1),
(3476,	219,	'Masindi',	'MSN',	1),
(3477,	219,	'Mbarara',	'MBR',	1),
(3478,	219,	'Ntungamo',	'NTU',	1),
(3479,	219,	'Rukungiri',	'RUK',	1),
(3480,	220,	'Cherkas\'ka Oblast\'',	'71',	1),
(3481,	220,	'Chernihivs\'ka Oblast\'',	'74',	1),
(3482,	220,	'Chernivets\'ka Oblast\'',	'77',	1),
(3483,	220,	'Crimea',	'43',	1),
(3484,	220,	'Dnipropetrovs\'ka Oblast\'',	'12',	1),
(3485,	220,	'Donets\'ka Oblast\'',	'14',	1),
(3486,	220,	'Ivano-Frankivs\'ka Oblast\'',	'26',	1),
(3487,	220,	'Khersons\'ka Oblast\'',	'65',	1),
(3488,	220,	'Khmel\'nyts\'ka Oblast\'',	'68',	1),
(3489,	220,	'Kirovohrads\'ka Oblast\'',	'35',	1),
(3490,	220,	'Kyiv',	'30',	1),
(3491,	220,	'Kyivs\'ka Oblast\'',	'32',	1),
(3492,	220,	'Luhans\'ka Oblast\'',	'09',	1),
(3493,	220,	'L\'vivs\'ka Oblast\'',	'46',	1),
(3494,	220,	'Mykolayivs\'ka Oblast\'',	'48',	1),
(3495,	220,	'Odes\'ka Oblast\'',	'51',	1),
(3496,	220,	'Poltavs\'ka Oblast\'',	'53',	1),
(3497,	220,	'Rivnens\'ka Oblast\'',	'56',	1),
(3498,	220,	'Sevastopol\'',	'40',	1),
(3499,	220,	'Sums\'ka Oblast\'',	'59',	1),
(3500,	220,	'Ternopil\'s\'ka Oblast\'',	'61',	1),
(3501,	220,	'Vinnyts\'ka Oblast\'',	'05',	1),
(3502,	220,	'Volyns\'ka Oblast\'',	'07',	1),
(3503,	220,	'Zakarpats\'ka Oblast\'',	'21',	1),
(3504,	220,	'Zaporiz\'ka Oblast\'',	'23',	1),
(3505,	220,	'Zhytomyrs\'ka oblast\'',	'18',	1),
(3506,	221,	'Abu Dhabi',	'ADH',	1),
(3507,	221,	'\'Ajman',	'AJ',	1),
(3508,	221,	'Al Fujayrah',	'FU',	1),
(3509,	221,	'Ash Shariqah',	'SH',	1),
(3510,	221,	'Dubai',	'DU',	1),
(3511,	221,	'R\'as al Khaymah',	'RK',	1),
(3512,	221,	'Umm al Qaywayn',	'UQ',	1),
(3513,	222,	'Aberdeen',	'ABN',	1),
(3514,	222,	'Aberdeenshire',	'ABNS',	1),
(3515,	222,	'Anglesey',	'ANG',	1),
(3516,	222,	'Angus',	'AGS',	1),
(3517,	222,	'Argyll and Bute',	'ARY',	1),
(3518,	222,	'Bedfordshire',	'BEDS',	1),
(3519,	222,	'Berkshire',	'BERKS',	1),
(3520,	222,	'Blaenau Gwent',	'BLA',	1),
(3521,	222,	'Bridgend',	'BRI',	1),
(3522,	222,	'Bristol',	'BSTL',	1),
(3523,	222,	'Buckinghamshire',	'BUCKS',	1),
(3524,	222,	'Caerphilly',	'CAE',	1),
(3525,	222,	'Cambridgeshire',	'CAMBS',	1),
(3526,	222,	'Cardiff',	'CDF',	1),
(3527,	222,	'Carmarthenshire',	'CARM',	1),
(3528,	222,	'Ceredigion',	'CDGN',	1),
(3529,	222,	'Cheshire',	'CHES',	1),
(3530,	222,	'Clackmannanshire',	'CLACK',	1),
(3531,	222,	'Conwy',	'CON',	1),
(3532,	222,	'Cornwall',	'CORN',	1),
(3533,	222,	'Denbighshire',	'DNBG',	1),
(3534,	222,	'Derbyshire',	'DERBY',	1),
(3535,	222,	'Devon',	'DVN',	1),
(3536,	222,	'Dorset',	'DOR',	1),
(3537,	222,	'Dumfries and Galloway',	'DGL',	1),
(3538,	222,	'Dundee',	'DUND',	1),
(3539,	222,	'Durham',	'DHM',	1),
(3540,	222,	'East Ayrshire',	'ARYE',	1),
(3541,	222,	'East Dunbartonshire',	'DUNBE',	1),
(3542,	222,	'East Lothian',	'LOTE',	1),
(3543,	222,	'East Renfrewshire',	'RENE',	1),
(3544,	222,	'East Riding of Yorkshire',	'ERYS',	1),
(3545,	222,	'East Sussex',	'SXE',	1),
(3546,	222,	'Edinburgh',	'EDIN',	1),
(3547,	222,	'Essex',	'ESX',	1),
(3548,	222,	'Falkirk',	'FALK',	1),
(3549,	222,	'Fife',	'FFE',	1),
(3550,	222,	'Flintshire',	'FLINT',	1),
(3551,	222,	'Glasgow',	'GLAS',	1),
(3552,	222,	'Gloucestershire',	'GLOS',	1),
(3553,	222,	'Greater London',	'LDN',	1),
(3554,	222,	'Greater Manchester',	'MCH',	1),
(3555,	222,	'Gwynedd',	'GDD',	1),
(3556,	222,	'Hampshire',	'HANTS',	1),
(3557,	222,	'Herefordshire',	'HWR',	1),
(3558,	222,	'Hertfordshire',	'HERTS',	1),
(3559,	222,	'Highlands',	'HLD',	1),
(3560,	222,	'Inverclyde',	'IVER',	1),
(3561,	222,	'Isle of Wight',	'IOW',	1),
(3562,	222,	'Kent',	'KNT',	1),
(3563,	222,	'Lancashire',	'LANCS',	1),
(3564,	222,	'Leicestershire',	'LEICS',	1),
(3565,	222,	'Lincolnshire',	'LINCS',	1),
(3566,	222,	'Merseyside',	'MSY',	1),
(3567,	222,	'Merthyr Tydfil',	'MERT',	1),
(3568,	222,	'Midlothian',	'MLOT',	1),
(3569,	222,	'Monmouthshire',	'MMOUTH',	1),
(3570,	222,	'Moray',	'MORAY',	1),
(3571,	222,	'Neath Port Talbot',	'NPRTAL',	1),
(3572,	222,	'Newport',	'NEWPT',	1),
(3573,	222,	'Norfolk',	'NOR',	1),
(3574,	222,	'North Ayrshire',	'ARYN',	1),
(3575,	222,	'North Lanarkshire',	'LANN',	1),
(3576,	222,	'North Yorkshire',	'YSN',	1),
(3577,	222,	'Northamptonshire',	'NHM',	1),
(3578,	222,	'Northumberland',	'NLD',	1),
(3579,	222,	'Nottinghamshire',	'NOT',	1),
(3580,	222,	'Orkney Islands',	'ORK',	1),
(3581,	222,	'Oxfordshire',	'OFE',	1),
(3582,	222,	'Pembrokeshire',	'PEM',	1),
(3583,	222,	'Perth and Kinross',	'PERTH',	1),
(3584,	222,	'Powys',	'PWS',	1),
(3585,	222,	'Renfrewshire',	'REN',	1),
(3586,	222,	'Rhondda Cynon Taff',	'RHON',	1),
(3587,	222,	'Rutland',	'RUT',	1),
(3588,	222,	'Scottish Borders',	'BOR',	1),
(3589,	222,	'Shetland Islands',	'SHET',	1),
(3590,	222,	'Shropshire',	'SPE',	1),
(3591,	222,	'Somerset',	'SOM',	1),
(3592,	222,	'South Ayrshire',	'ARYS',	1),
(3593,	222,	'South Lanarkshire',	'LANS',	1),
(3594,	222,	'South Yorkshire',	'YSS',	1),
(3595,	222,	'Staffordshire',	'SFD',	1),
(3596,	222,	'Stirling',	'STIR',	1),
(3597,	222,	'Suffolk',	'SFK',	1),
(3598,	222,	'Surrey',	'SRY',	1),
(3599,	222,	'Swansea',	'SWAN',	1),
(3600,	222,	'Torfaen',	'TORF',	1),
(3601,	222,	'Tyne and Wear',	'TWR',	1),
(3602,	222,	'Vale of Glamorgan',	'VGLAM',	1),
(3603,	222,	'Warwickshire',	'WARKS',	1),
(3604,	222,	'West Dunbartonshire',	'WDUN',	1),
(3605,	222,	'West Lothian',	'WLOT',	1),
(3606,	222,	'West Midlands',	'WMD',	1),
(3607,	222,	'West Sussex',	'SXW',	1),
(3608,	222,	'West Yorkshire',	'YSW',	1),
(3609,	222,	'Western Isles',	'WIL',	1),
(3610,	222,	'Wiltshire',	'WLT',	1),
(3611,	222,	'Worcestershire',	'WORCS',	1),
(3612,	222,	'Wrexham',	'WRX',	1),
(3613,	223,	'Alabama',	'AL',	1),
(3614,	223,	'Alaska',	'AK',	1),
(3615,	223,	'American Samoa',	'AS',	1),
(3616,	223,	'Arizona',	'AZ',	1),
(3617,	223,	'Arkansas',	'AR',	1),
(3618,	223,	'Armed Forces Africa',	'AF',	1),
(3619,	223,	'Armed Forces Americas',	'AA',	1),
(3620,	223,	'Armed Forces Canada',	'AC',	1),
(3621,	223,	'Armed Forces Europe',	'AE',	1),
(3622,	223,	'Armed Forces Middle East',	'AM',	1),
(3623,	223,	'Armed Forces Pacific',	'AP',	1),
(3624,	223,	'California',	'CA',	1),
(3625,	223,	'Colorado',	'CO',	1),
(3626,	223,	'Connecticut',	'CT',	1),
(3627,	223,	'Delaware',	'DE',	1),
(3628,	223,	'District of Columbia',	'DC',	1),
(3629,	223,	'Federated States Of Micronesia',	'FM',	1),
(3630,	223,	'Florida',	'FL',	1),
(3631,	223,	'Georgia',	'GA',	1),
(3632,	223,	'Guam',	'GU',	1),
(3633,	223,	'Hawaii',	'HI',	1),
(3634,	223,	'Idaho',	'ID',	1),
(3635,	223,	'Illinois',	'IL',	1),
(3636,	223,	'Indiana',	'IN',	1),
(3637,	223,	'Iowa',	'IA',	1),
(3638,	223,	'Kansas',	'KS',	1),
(3639,	223,	'Kentucky',	'KY',	1),
(3640,	223,	'Louisiana',	'LA',	1),
(3641,	223,	'Maine',	'ME',	1),
(3642,	223,	'Marshall Islands',	'MH',	1),
(3643,	223,	'Maryland',	'MD',	1),
(3644,	223,	'Massachusetts',	'MA',	1),
(3645,	223,	'Michigan',	'MI',	1),
(3646,	223,	'Minnesota',	'MN',	1),
(3647,	223,	'Mississippi',	'MS',	1),
(3648,	223,	'Missouri',	'MO',	1),
(3649,	223,	'Montana',	'MT',	1),
(3650,	223,	'Nebraska',	'NE',	1),
(3651,	223,	'Nevada',	'NV',	1),
(3652,	223,	'New Hampshire',	'NH',	1),
(3653,	223,	'New Jersey',	'NJ',	1),
(3654,	223,	'New Mexico',	'NM',	1),
(3655,	223,	'New York',	'NY',	1),
(3656,	223,	'North Carolina',	'NC',	1),
(3657,	223,	'North Dakota',	'ND',	1),
(3658,	223,	'Northern Mariana Islands',	'MP',	1),
(3659,	223,	'Ohio',	'OH',	1),
(3660,	223,	'Oklahoma',	'OK',	1),
(3661,	223,	'Oregon',	'OR',	1),
(3662,	223,	'Palau',	'PW',	1),
(3663,	223,	'Pennsylvania',	'PA',	1),
(3664,	223,	'Puerto Rico',	'PR',	1),
(3665,	223,	'Rhode Island',	'RI',	1),
(3666,	223,	'South Carolina',	'SC',	1),
(3667,	223,	'South Dakota',	'SD',	1),
(3668,	223,	'Tennessee',	'TN',	1),
(3669,	223,	'Texas',	'TX',	1),
(3670,	223,	'Utah',	'UT',	1),
(3671,	223,	'Vermont',	'VT',	1),
(3672,	223,	'Virgin Islands',	'VI',	1),
(3673,	223,	'Virginia',	'VA',	1),
(3674,	223,	'Washington',	'WA',	1),
(3675,	223,	'West Virginia',	'WV',	1),
(3676,	223,	'Wisconsin',	'WI',	1),
(3677,	223,	'Wyoming',	'WY',	1),
(3678,	224,	'Baker Island',	'BI',	1),
(3679,	224,	'Howland Island',	'HI',	1),
(3680,	224,	'Jarvis Island',	'JI',	1),
(3681,	224,	'Johnston Atoll',	'JA',	1),
(3682,	224,	'Kingman Reef',	'KR',	1),
(3683,	224,	'Midway Atoll',	'MA',	1),
(3684,	224,	'Navassa Island',	'NI',	1),
(3685,	224,	'Palmyra Atoll',	'PA',	1),
(3686,	224,	'Wake Island',	'WI',	1),
(3687,	225,	'Artigas',	'AR',	1),
(3688,	225,	'Canelones',	'CA',	1),
(3689,	225,	'Cerro Largo',	'CL',	1),
(3690,	225,	'Colonia',	'CO',	1),
(3691,	225,	'Durazno',	'DU',	1),
(3692,	225,	'Flores',	'FS',	1),
(3693,	225,	'Florida',	'FA',	1),
(3694,	225,	'Lavalleja',	'LA',	1),
(3695,	225,	'Maldonado',	'MA',	1),
(3696,	225,	'Montevideo',	'MO',	1),
(3697,	225,	'Paysandu',	'PA',	1),
(3698,	225,	'Rio Negro',	'RN',	1),
(3699,	225,	'Rivera',	'RV',	1),
(3700,	225,	'Rocha',	'RO',	1),
(3701,	225,	'Salto',	'SL',	1),
(3702,	225,	'San Jose',	'SJ',	1),
(3703,	225,	'Soriano',	'SO',	1),
(3704,	225,	'Tacuarembo',	'TA',	1),
(3705,	225,	'Treinta y Tres',	'TT',	1),
(3706,	226,	'Andijon',	'AN',	1),
(3707,	226,	'Buxoro',	'BU',	1),
(3708,	226,	'Farg\'ona',	'FA',	1),
(3709,	226,	'Jizzax',	'JI',	1),
(3710,	226,	'Namangan',	'NG',	1),
(3711,	226,	'Navoiy',	'NW',	1),
(3712,	226,	'Qashqadaryo',	'QA',	1),
(3713,	226,	'Qoraqalpog\'iston Republikasi',	'QR',	1),
(3714,	226,	'Samarqand',	'SA',	1),
(3715,	226,	'Sirdaryo',	'SI',	1),
(3716,	226,	'Surxondaryo',	'SU',	1),
(3717,	226,	'Toshkent City',	'TK',	1),
(3718,	226,	'Toshkent Region',	'TO',	1),
(3719,	226,	'Xorazm',	'XO',	1),
(3720,	227,	'Malampa',	'MA',	1),
(3721,	227,	'Penama',	'PE',	1),
(3722,	227,	'Sanma',	'SA',	1),
(3723,	227,	'Shefa',	'SH',	1),
(3724,	227,	'Tafea',	'TA',	1),
(3725,	227,	'Torba',	'TO',	1),
(3726,	229,	'Amazonas',	'AM',	1),
(3727,	229,	'Anzoategui',	'AN',	1),
(3728,	229,	'Apure',	'AP',	1),
(3729,	229,	'Aragua',	'AR',	1),
(3730,	229,	'Barinas',	'BA',	1),
(3731,	229,	'Bolivar',	'BO',	1),
(3732,	229,	'Carabobo',	'CA',	1),
(3733,	229,	'Cojedes',	'CO',	1),
(3734,	229,	'Delta Amacuro',	'DA',	1),
(3735,	229,	'Dependencias Federales',	'DF',	1),
(3736,	229,	'Distrito Federal',	'DI',	1),
(3737,	229,	'Falcon',	'FA',	1),
(3738,	229,	'Guarico',	'GU',	1),
(3739,	229,	'Lara',	'LA',	1),
(3740,	229,	'Merida',	'ME',	1),
(3741,	229,	'Miranda',	'MI',	1),
(3742,	229,	'Monagas',	'MO',	1),
(3743,	229,	'Nueva Esparta',	'NE',	1),
(3744,	229,	'Portuguesa',	'PO',	1),
(3745,	229,	'Sucre',	'SU',	1),
(3746,	229,	'Tachira',	'TA',	1),
(3747,	229,	'Trujillo',	'TR',	1),
(3748,	229,	'Vargas',	'VA',	1),
(3749,	229,	'Yaracuy',	'YA',	1),
(3750,	229,	'Zulia',	'ZU',	1),
(3751,	230,	'An Giang',	'AG',	1),
(3752,	230,	'Bac Giang',	'BG',	1),
(3753,	230,	'Bac Kan',	'BK',	1),
(3754,	230,	'Bac Lieu',	'BL',	1),
(3755,	230,	'Bac Ninh',	'BC',	1),
(3756,	230,	'Ba Ria-Vung Tau',	'BR',	1),
(3757,	230,	'Ben Tre',	'BN',	1),
(3758,	230,	'Binh Dinh',	'BH',	1),
(3759,	230,	'Binh Duong',	'BU',	1),
(3760,	230,	'Binh Phuoc',	'BP',	1),
(3761,	230,	'Binh Thuan',	'BT',	1),
(3762,	230,	'Ca Mau',	'CM',	1),
(3763,	230,	'Can Tho',	'CT',	1),
(3764,	230,	'Cao Bang',	'CB',	1),
(3765,	230,	'Dak Lak',	'DL',	1),
(3766,	230,	'Dak Nong',	'DG',	1),
(3767,	230,	'Da Nang',	'DN',	1),
(3768,	230,	'Dien Bien',	'DB',	1),
(3769,	230,	'Dong Nai',	'DI',	1),
(3770,	230,	'Dong Thap',	'DT',	1),
(3771,	230,	'Gia Lai',	'GL',	1),
(3772,	230,	'Ha Giang',	'HG',	1),
(3773,	230,	'Hai Duong',	'HD',	1),
(3774,	230,	'Hai Phong',	'HP',	1),
(3775,	230,	'Ha Nam',	'HM',	1),
(3776,	230,	'Ha Noi',	'HI',	1),
(3777,	230,	'Ha Tay',	'HT',	1),
(3778,	230,	'Ha Tinh',	'HH',	1),
(3779,	230,	'Hoa Binh',	'HB',	1),
(3780,	230,	'Ho Chi Minh City',	'HC',	1),
(3781,	230,	'Hau Giang',	'HU',	1),
(3782,	230,	'Hung Yen',	'HY',	1),
(3783,	232,	'Saint Croix',	'C',	1),
(3784,	232,	'Saint John',	'J',	1),
(3785,	232,	'Saint Thomas',	'T',	1),
(3786,	233,	'Alo',	'A',	1),
(3787,	233,	'Sigave',	'S',	1),
(3788,	233,	'Wallis',	'W',	1),
(3789,	235,	'Abyan',	'AB',	1),
(3790,	235,	'Adan',	'AD',	1),
(3791,	235,	'Amran',	'AM',	1),
(3792,	235,	'Al Bayda',	'BA',	1),
(3793,	235,	'Ad Dali',	'DA',	1),
(3794,	235,	'Dhamar',	'DH',	1),
(3795,	235,	'Hadramawt',	'HD',	1),
(3796,	235,	'Hajjah',	'HJ',	1),
(3797,	235,	'Al Hudaydah',	'HU',	1),
(3798,	235,	'Ibb',	'IB',	1),
(3799,	235,	'Al Jawf',	'JA',	1),
(3800,	235,	'Lahij',	'LA',	1),
(3801,	235,	'Ma\'rib',	'MA',	1),
(3802,	235,	'Al Mahrah',	'MR',	1),
(3803,	235,	'Al Mahwit',	'MW',	1),
(3804,	235,	'Sa\'dah',	'SD',	1),
(3805,	235,	'San\'a',	'SN',	1),
(3806,	235,	'Shabwah',	'SH',	1),
(3807,	235,	'Ta\'izz',	'TA',	1),
(3812,	237,	'Bas-Congo',	'BC',	1),
(3813,	237,	'Bandundu',	'BN',	1),
(3814,	237,	'Equateur',	'EQ',	1),
(3815,	237,	'Katanga',	'KA',	1),
(3816,	237,	'Kasai-Oriental',	'KE',	1),
(3817,	237,	'Kinshasa',	'KN',	1),
(3818,	237,	'Kasai-Occidental',	'KW',	1),
(3819,	237,	'Maniema',	'MA',	1),
(3820,	237,	'Nord-Kivu',	'NK',	1),
(3821,	237,	'Orientale',	'OR',	1),
(3822,	237,	'Sud-Kivu',	'SK',	1),
(3823,	238,	'Central',	'CE',	1),
(3824,	238,	'Copperbelt',	'CB',	1),
(3825,	238,	'Eastern',	'EA',	1),
(3826,	238,	'Luapula',	'LP',	1),
(3827,	238,	'Lusaka',	'LK',	1),
(3828,	238,	'Northern',	'NO',	1),
(3829,	238,	'North-Western',	'NW',	1),
(3830,	238,	'Southern',	'SO',	1),
(3831,	238,	'Western',	'WE',	1),
(3832,	239,	'Bulawayo',	'BU',	1),
(3833,	239,	'Harare',	'HA',	1),
(3834,	239,	'Manicaland',	'ML',	1),
(3835,	239,	'Mashonaland Central',	'MC',	1),
(3836,	239,	'Mashonaland East',	'ME',	1),
(3837,	239,	'Mashonaland West',	'MW',	1),
(3838,	239,	'Masvingo',	'MV',	1),
(3839,	239,	'Matabeleland North',	'MN',	1),
(3840,	239,	'Matabeleland South',	'MS',	1),
(3841,	239,	'Midlands',	'MD',	1),
(3861,	105,	'Campobasso',	'CB',	1),
(3862,	105,	'Carbonia-Iglesias',	'CI',	1),
(3863,	105,	'Caserta',	'CE',	1),
(3864,	105,	'Catania',	'CT',	1),
(3865,	105,	'Catanzaro',	'CZ',	1),
(3866,	105,	'Chieti',	'CH',	1),
(3867,	105,	'Como',	'CO',	1),
(3868,	105,	'Cosenza',	'CS',	1),
(3869,	105,	'Cremona',	'CR',	1),
(3870,	105,	'Crotone',	'KR',	1),
(3871,	105,	'Cuneo',	'CN',	1),
(3872,	105,	'Enna',	'EN',	1),
(3873,	105,	'Ferrara',	'FE',	1),
(3874,	105,	'Firenze',	'FI',	1),
(3875,	105,	'Foggia',	'FG',	1),
(3876,	105,	'Forli-Cesena',	'FC',	1),
(3877,	105,	'Frosinone',	'FR',	1),
(3878,	105,	'Genova',	'GE',	1),
(3879,	105,	'Gorizia',	'GO',	1),
(3880,	105,	'Grosseto',	'GR',	1),
(3881,	105,	'Imperia',	'IM',	1),
(3882,	105,	'Isernia',	'IS',	1),
(3883,	105,	'L&#39;Aquila',	'AQ',	1),
(3884,	105,	'La Spezia',	'SP',	1),
(3885,	105,	'Latina',	'LT',	1),
(3886,	105,	'Lecce',	'LE',	1),
(3887,	105,	'Lecco',	'LC',	1),
(3888,	105,	'Livorno',	'LI',	1),
(3889,	105,	'Lodi',	'LO',	1),
(3890,	105,	'Lucca',	'LU',	1),
(3891,	105,	'Macerata',	'MC',	1),
(3892,	105,	'Mantova',	'MN',	1),
(3893,	105,	'Massa-Carrara',	'MS',	1),
(3894,	105,	'Matera',	'MT',	1),
(3895,	105,	'Medio Campidano',	'VS',	1),
(3896,	105,	'Messina',	'ME',	1),
(3897,	105,	'Milano',	'MI',	1),
(3898,	105,	'Modena',	'MO',	1),
(3899,	105,	'Napoli',	'NA',	1),
(3900,	105,	'Novara',	'NO',	1),
(3901,	105,	'Nuoro',	'NU',	1),
(3902,	105,	'Ogliastra',	'OG',	1),
(3903,	105,	'Olbia-Tempio',	'OT',	1),
(3904,	105,	'Oristano',	'OR',	1),
(3905,	105,	'Padova',	'PD',	1),
(3906,	105,	'Palermo',	'PA',	1),
(3907,	105,	'Parma',	'PR',	1),
(3908,	105,	'Pavia',	'PV',	1),
(3909,	105,	'Perugia',	'PG',	1),
(3910,	105,	'Pesaro e Urbino',	'PU',	1),
(3911,	105,	'Pescara',	'PE',	1),
(3912,	105,	'Piacenza',	'PC',	1),
(3913,	105,	'Pisa',	'PI',	1),
(3914,	105,	'Pistoia',	'PT',	1),
(3915,	105,	'Pordenone',	'PN',	1),
(3916,	105,	'Potenza',	'PZ',	1),
(3917,	105,	'Prato',	'PO',	1),
(3918,	105,	'Ragusa',	'RG',	1),
(3919,	105,	'Ravenna',	'RA',	1),
(3920,	105,	'Reggio Calabria',	'RC',	1),
(3921,	105,	'Reggio Emilia',	'RE',	1),
(3922,	105,	'Rieti',	'RI',	1),
(3923,	105,	'Rimini',	'RN',	1),
(3924,	105,	'Roma',	'RM',	1),
(3925,	105,	'Rovigo',	'RO',	1),
(3926,	105,	'Salerno',	'SA',	1),
(3927,	105,	'Sassari',	'SS',	1),
(3928,	105,	'Savona',	'SV',	1),
(3929,	105,	'Siena',	'SI',	1),
(3930,	105,	'Siracusa',	'SR',	1),
(3931,	105,	'Sondrio',	'SO',	1),
(3932,	105,	'Taranto',	'TA',	1),
(3933,	105,	'Teramo',	'TE',	1),
(3934,	105,	'Terni',	'TR',	1),
(3935,	105,	'Torino',	'TO',	1),
(3936,	105,	'Trapani',	'TP',	1),
(3937,	105,	'Trento',	'TN',	1),
(3938,	105,	'Treviso',	'TV',	1),
(3939,	105,	'Trieste',	'TS',	1),
(3940,	105,	'Udine',	'UD',	1),
(3941,	105,	'Varese',	'VA',	1),
(3942,	105,	'Venezia',	'VE',	1),
(3943,	105,	'Verbano-Cusio-Ossola',	'VB',	1),
(3944,	105,	'Vercelli',	'VC',	1),
(3945,	105,	'Verona',	'VR',	1),
(3946,	105,	'Vibo Valentia',	'VV',	1),
(3947,	105,	'Vicenza',	'VI',	1),
(3948,	105,	'Viterbo',	'VT',	1),
(3949,	222,	'County Antrim',	'ANT',	1),
(3950,	222,	'County Armagh',	'ARM',	1),
(3951,	222,	'County Down',	'DOW',	1),
(3952,	222,	'County Fermanagh',	'FER',	1),
(3953,	222,	'County Londonderry',	'LDY',	1),
(3954,	222,	'County Tyrone',	'TYR',	1),
(3955,	222,	'Cumbria',	'CMA',	1),
(3956,	190,	'Pomurska',	'1',	1),
(3957,	190,	'Podravska',	'2',	1),
(3958,	190,	'Koroka',	'3',	1),
(3959,	190,	'Savinjska',	'4',	1),
(3960,	190,	'Zasavska',	'5',	1),
(3961,	190,	'Spodnjeposavska',	'6',	1),
(3962,	190,	'Jugovzhodna Slovenija',	'7',	1),
(3963,	190,	'Osrednjeslovenska',	'8',	1),
(3964,	190,	'Gorenjska',	'9',	1),
(3965,	190,	'Notranjsko-kraka',	'10',	1),
(3966,	190,	'Gorika',	'11',	1),
(3967,	190,	'Obalno-kraka',	'12',	1),
(3968,	33,	'Ruse',	'',	1),
(3969,	101,	'Alborz',	'ALB',	1),
(3970,	21,	'Brussels-Capital Region',	'BRU',	1),
(3971,	138,	'Aguascalientes',	'AG',	1),
(3973,	242,	'Andrijevica',	'01',	1),
(3974,	242,	'Bar',	'02',	1),
(3975,	242,	'Berane',	'03',	1),
(3976,	242,	'Bijelo Polje',	'04',	1),
(3977,	242,	'Budva',	'05',	1),
(3978,	242,	'Cetinje',	'06',	1),
(3979,	242,	'Danilovgrad',	'07',	1),
(3980,	242,	'Herceg-Novi',	'08',	1),
(3981,	242,	'Kolain',	'09',	1),
(3982,	242,	'Kotor',	'10',	1),
(3983,	242,	'Mojkovac',	'11',	1),
(3984,	242,	'Niki',	'12',	1),
(3985,	242,	'Plav',	'13',	1),
(3986,	242,	'Pljevlja',	'14',	1),
(3987,	242,	'Pluine',	'15',	1),
(3988,	242,	'Podgorica',	'16',	1),
(3989,	242,	'Roaje',	'17',	1),
(3990,	242,	'avnik',	'18',	1),
(3991,	242,	'Tivat',	'19',	1),
(3992,	242,	'Ulcinj',	'20',	1),
(3993,	242,	'abljak',	'21',	1),
(3994,	243,	'Belgrade',	'00',	1),
(3995,	243,	'North Baka',	'01',	1),
(3996,	243,	'Central Banat',	'02',	1),
(3997,	243,	'North Banat',	'03',	1),
(3998,	243,	'South Banat',	'04',	1),
(3999,	243,	'West Baka',	'05',	1),
(4000,	243,	'South Baka',	'06',	1),
(4001,	243,	'Srem',	'07',	1),
(4002,	243,	'Mava',	'08',	1),
(4003,	243,	'Kolubara',	'09',	1),
(4004,	243,	'Podunavlje',	'10',	1),
(4005,	243,	'Branievo',	'11',	1),
(4006,	243,	'umadija',	'12',	1),
(4007,	243,	'Pomoravlje',	'13',	1),
(4008,	243,	'Bor',	'14',	1),
(4009,	243,	'Zajear',	'15',	1),
(4010,	243,	'Zlatibor',	'16',	1),
(4011,	243,	'Moravica',	'17',	1),
(4012,	243,	'Raka',	'18',	1),
(4013,	243,	'Rasina',	'19',	1),
(4014,	243,	'Niava',	'20',	1),
(4015,	243,	'Toplica',	'21',	1),
(4016,	243,	'Pirot',	'22',	1),
(4017,	243,	'Jablanica',	'23',	1),
(4018,	243,	'Pinja',	'24',	1),
(4020,	245,	'Bonaire',	'BO',	1),
(4021,	245,	'Saba',	'SA',	1),
(4022,	245,	'Sint Eustatius',	'SE',	1),
(4023,	248,	'Central Equatoria',	'EC',	1),
(4024,	248,	'Eastern Equatoria',	'EE',	1),
(4025,	248,	'Jonglei',	'JG',	1),
(4026,	248,	'Lakes',	'LK',	1),
(4027,	248,	'Northern Bahr el-Ghazal',	'BN',	1),
(4028,	248,	'Unity',	'UY',	1),
(4029,	248,	'Upper Nile',	'NU',	1),
(4030,	248,	'Warrap',	'WR',	1),
(4031,	248,	'Western Bahr el-Ghazal',	'BW',	1),
(4032,	248,	'Western Equatoria',	'EW',	1),
(4036,	117,	'Ainai, Salacgrvas novads',	'0661405',	1),
(4037,	117,	'Aizkraukle, Aizkraukles novads',	'0320201',	1),
(4038,	117,	'Aizkraukles novads',	'0320200',	1),
(4039,	117,	'Aizpute, Aizputes novads',	'0640605',	1),
(4040,	117,	'Aizputes novads',	'0640600',	1),
(4041,	117,	'Aknste, Aknstes novads',	'0560805',	1),
(4042,	117,	'Aknstes novads',	'0560800',	1),
(4043,	117,	'Aloja, Alojas novads',	'0661007',	1),
(4044,	117,	'Alojas novads',	'0661000',	1),
(4045,	117,	'Alsungas novads',	'0624200',	1),
(4046,	117,	'Alksne, Alksnes novads',	'0360201',	1),
(4047,	117,	'Alksnes novads',	'0360200',	1),
(4048,	117,	'Amatas novads',	'0424701',	1),
(4049,	117,	'Ape, Apes novads',	'0360805',	1),
(4050,	117,	'Apes novads',	'0360800',	1),
(4051,	117,	'Auce, Auces novads',	'0460805',	1),
(4052,	117,	'Auces novads',	'0460800',	1),
(4053,	117,	'dau novads',	'0804400',	1),
(4054,	117,	'Babtes novads',	'0804900',	1),
(4055,	117,	'Baldone, Baldones novads',	'0800605',	1),
(4056,	117,	'Baldones novads',	'0800600',	1),
(4057,	117,	'Baloi, ekavas novads',	'0800807',	1),
(4058,	117,	'Baltinavas novads',	'0384400',	1),
(4059,	117,	'Balvi, Balvu novads',	'0380201',	1),
(4060,	117,	'Balvu novads',	'0380200',	1),
(4061,	117,	'Bauska, Bauskas novads',	'0400201',	1),
(4062,	117,	'Bauskas novads',	'0400200',	1),
(4063,	117,	'Bevernas novads',	'0964700',	1),
(4064,	117,	'Brocni, Brocnu novads',	'0840605',	1),
(4065,	117,	'Brocnu novads',	'0840601',	1),
(4066,	117,	'Burtnieku novads',	'0967101',	1),
(4067,	117,	'Carnikavas novads',	'0805200',	1),
(4068,	117,	'Cesvaine, Cesvaines novads',	'0700807',	1),
(4069,	117,	'Cesvaines novads',	'0700800',	1),
(4070,	117,	'Csis, Csu novads',	'0420201',	1),
(4071,	117,	'Csu novads',	'0420200',	1),
(4072,	117,	'Ciblas novads',	'0684901',	1),
(4073,	117,	'Dagda, Dagdas novads',	'0601009',	1),
(4074,	117,	'Dagdas novads',	'0601000',	1),
(4075,	117,	'Daugavpils',	'0050000',	1),
(4076,	117,	'Daugavpils novads',	'0440200',	1),
(4077,	117,	'Dobele, Dobeles novads',	'0460201',	1),
(4078,	117,	'Dobeles novads',	'0460200',	1),
(4079,	117,	'Dundagas novads',	'0885100',	1),
(4080,	117,	'Durbe, Durbes novads',	'0640807',	1),
(4081,	117,	'Durbes novads',	'0640801',	1),
(4082,	117,	'Engures novads',	'0905100',	1),
(4083,	117,	'rgu novads',	'0705500',	1),
(4084,	117,	'Garkalnes novads',	'0806000',	1),
(4085,	117,	'Grobia, Grobias novads',	'0641009',	1),
(4086,	117,	'Grobias novads',	'0641000',	1),
(4087,	117,	'Gulbene, Gulbenes novads',	'0500201',	1),
(4088,	117,	'Gulbenes novads',	'0500200',	1),
(4089,	117,	'Iecavas novads',	'0406400',	1),
(4090,	117,	'Ikile, Ikiles novads',	'0740605',	1),
(4091,	117,	'Ikiles novads',	'0740600',	1),
(4092,	117,	'Ilkste, Ilkstes novads',	'0440807',	1),
(4093,	117,	'Ilkstes novads',	'0440801',	1),
(4094,	117,	'Inukalna novads',	'0801800',	1),
(4095,	117,	'Jaunjelgava, Jaunjelgavas novads',	'0321007',	1),
(4096,	117,	'Jaunjelgavas novads',	'0321000',	1),
(4097,	117,	'Jaunpiebalgas novads',	'0425700',	1),
(4098,	117,	'Jaunpils novads',	'0905700',	1),
(4099,	117,	'Jelgava',	'0090000',	1),
(4100,	117,	'Jelgavas novads',	'0540200',	1),
(4101,	117,	'Jkabpils',	'0110000',	1),
(4102,	117,	'Jkabpils novads',	'0560200',	1),
(4103,	117,	'Jrmala',	'0130000',	1),
(4104,	117,	'Kalnciems, Jelgavas novads',	'0540211',	1),
(4105,	117,	'Kandava, Kandavas novads',	'0901211',	1),
(4106,	117,	'Kandavas novads',	'0901201',	1),
(4107,	117,	'Krsava, Krsavas novads',	'0681009',	1),
(4108,	117,	'Krsavas novads',	'0681000',	1),
(4109,	117,	'Kocnu novads ,bij. Valmieras)',	'0960200',	1),
(4110,	117,	'Kokneses novads',	'0326100',	1),
(4111,	117,	'Krslava, Krslavas novads',	'0600201',	1),
(4112,	117,	'Krslavas novads',	'0600202',	1),
(4113,	117,	'Krimuldas novads',	'0806900',	1),
(4114,	117,	'Krustpils novads',	'0566900',	1),
(4115,	117,	'Kuldga, Kuldgas novads',	'0620201',	1),
(4116,	117,	'Kuldgas novads',	'0620200',	1),
(4117,	117,	'eguma novads',	'0741001',	1),
(4118,	117,	'egums, eguma novads',	'0741009',	1),
(4119,	117,	'ekavas novads',	'0800800',	1),
(4120,	117,	'Lielvrde, Lielvrdes novads',	'0741413',	1),
(4121,	117,	'Lielvrdes novads',	'0741401',	1),
(4122,	117,	'Liepja',	'0170000',	1),
(4123,	117,	'Limbai, Limbau novads',	'0660201',	1),
(4124,	117,	'Limbau novads',	'0660200',	1),
(4125,	117,	'Lgatne, Lgatnes novads',	'0421211',	1),
(4126,	117,	'Lgatnes novads',	'0421200',	1),
(4127,	117,	'Lvni, Lvnu novads',	'0761211',	1),
(4128,	117,	'Lvnu novads',	'0761201',	1),
(4129,	117,	'Lubna, Lubnas novads',	'0701413',	1),
(4130,	117,	'Lubnas novads',	'0701400',	1),
(4131,	117,	'Ludza, Ludzas novads',	'0680201',	1),
(4132,	117,	'Ludzas novads',	'0680200',	1),
(4133,	117,	'Madona, Madonas novads',	'0700201',	1),
(4134,	117,	'Madonas novads',	'0700200',	1),
(4135,	117,	'Mazsalaca, Mazsalacas novads',	'0961011',	1),
(4136,	117,	'Mazsalacas novads',	'0961000',	1),
(4137,	117,	'Mlpils novads',	'0807400',	1),
(4138,	117,	'Mrupes novads',	'0807600',	1),
(4139,	117,	'Mrsraga novads',	'0887600',	1),
(4140,	117,	'Nauknu novads',	'0967300',	1),
(4141,	117,	'Neretas novads',	'0327100',	1),
(4142,	117,	'Ncas novads',	'0647900',	1),
(4143,	117,	'Ogre, Ogres novads',	'0740201',	1),
(4144,	117,	'Ogres novads',	'0740202',	1),
(4145,	117,	'Olaine, Olaines novads',	'0801009',	1),
(4146,	117,	'Olaines novads',	'0801000',	1),
(4147,	117,	'Ozolnieku novads',	'0546701',	1),
(4148,	117,	'Prgaujas novads',	'0427500',	1),
(4149,	117,	'Pvilosta, Pvilostas novads',	'0641413',	1),
(4150,	117,	'Pvilostas novads',	'0641401',	1),
(4151,	117,	'Piltene, Ventspils novads',	'0980213',	1),
(4152,	117,	'Pavias, Paviu novads',	'0321413',	1),
(4153,	117,	'Paviu novads',	'0321400',	1),
(4154,	117,	'Preii, Preiu novads',	'0760201',	1),
(4155,	117,	'Preiu novads',	'0760202',	1),
(4156,	117,	'Priekule, Priekules novads',	'0641615',	1),
(4157,	117,	'Priekules novads',	'0641600',	1),
(4158,	117,	'Priekuu novads',	'0427300',	1),
(4159,	117,	'Raunas novads',	'0427700',	1),
(4160,	117,	'Rzekne',	'0210000',	1),
(4161,	117,	'Rzeknes novads',	'0780200',	1),
(4162,	117,	'Riebiu novads',	'0766300',	1),
(4163,	117,	'Rga',	'0010000',	1),
(4164,	117,	'Rojas novads',	'0888300',	1),
(4165,	117,	'Ropau novads',	'0808400',	1),
(4166,	117,	'Rucavas novads',	'0648500',	1),
(4167,	117,	'Rugju novads',	'0387500',	1),
(4168,	117,	'Rundles novads',	'0407700',	1),
(4169,	117,	'Rjiena, Rjienas novads',	'0961615',	1),
(4170,	117,	'Rjienas novads',	'0961600',	1),
(4171,	117,	'Sabile, Talsu novads',	'0880213',	1),
(4172,	117,	'Salacgrva, Salacgrvas novads',	'0661415',	1),
(4173,	117,	'Salacgrvas novads',	'0661400',	1),
(4174,	117,	'Salas novads',	'0568700',	1),
(4175,	117,	'Salaspils novads',	'0801200',	1),
(4176,	117,	'Salaspils, Salaspils novads',	'0801211',	1),
(4177,	117,	'Saldus novads',	'0840200',	1),
(4178,	117,	'Saldus, Saldus novads',	'0840201',	1),
(4179,	117,	'Saulkrasti, Saulkrastu novads',	'0801413',	1),
(4180,	117,	'Saulkrastu novads',	'0801400',	1),
(4181,	117,	'Seda, Strenu novads',	'0941813',	1),
(4182,	117,	'Sjas novads',	'0809200',	1),
(4183,	117,	'Sigulda, Siguldas novads',	'0801615',	1),
(4184,	117,	'Siguldas novads',	'0801601',	1),
(4185,	117,	'Skrveru novads',	'0328200',	1),
(4186,	117,	'Skrunda, Skrundas novads',	'0621209',	1),
(4187,	117,	'Skrundas novads',	'0621200',	1),
(4188,	117,	'Smiltene, Smiltenes novads',	'0941615',	1),
(4189,	117,	'Smiltenes novads',	'0941600',	1),
(4190,	117,	'Staicele, Alojas novads',	'0661017',	1),
(4191,	117,	'Stende, Talsu novads',	'0880215',	1),
(4192,	117,	'Stopiu novads',	'0809600',	1),
(4193,	117,	'Streni, Strenu novads',	'0941817',	1),
(4194,	117,	'Strenu novads',	'0941800',	1),
(4195,	117,	'Subate, Ilkstes novads',	'0440815',	1),
(4196,	117,	'Talsi, Talsu novads',	'0880201',	1),
(4197,	117,	'Talsu novads',	'0880200',	1),
(4198,	117,	'Trvetes novads',	'0468900',	1),
(4199,	117,	'Tukuma novads',	'0900200',	1),
(4200,	117,	'Tukums, Tukuma novads',	'0900201',	1),
(4201,	117,	'Vaiodes novads',	'0649300',	1),
(4202,	117,	'Valdemrpils, Talsu novads',	'0880217',	1),
(4203,	117,	'Valka, Valkas novads',	'0940201',	1),
(4204,	117,	'Valkas novads',	'0940200',	1),
(4205,	117,	'Valmiera',	'0250000',	1),
(4206,	117,	'Vangai, Inukalna novads',	'0801817',	1),
(4207,	117,	'Varakni, Varaknu novads',	'0701817',	1),
(4208,	117,	'Varaknu novads',	'0701800',	1),
(4209,	117,	'Vrkavas novads',	'0769101',	1),
(4210,	117,	'Vecpiebalgas novads',	'0429300',	1),
(4211,	117,	'Vecumnieku novads',	'0409500',	1),
(4212,	117,	'Ventspils',	'0270000',	1),
(4213,	117,	'Ventspils novads',	'0980200',	1),
(4214,	117,	'Vieste, Viestes novads',	'0561815',	1),
(4215,	117,	'Viestes novads',	'0561800',	1),
(4216,	117,	'Viaka, Viakas novads',	'0381615',	1),
(4217,	117,	'Viakas novads',	'0381600',	1),
(4218,	117,	'Vini, Vinu novads',	'0781817',	1),
(4219,	117,	'Vinu novads',	'0781800',	1),
(4220,	117,	'Zilupe, Zilupes novads',	'0681817',	1),
(4221,	117,	'Zilupes novads',	'0681801',	1),
(4222,	43,	'Arica y Parinacota',	'AP',	1),
(4223,	43,	'Los Rios',	'LR',	1),
(4224,	220,	'Kharkivs\'ka Oblast\'',	'63',	1),
(4225,	118,	'Beirut',	'LB-BR',	1),
(4226,	118,	'Bekaa',	'LB-BE',	1),
(4227,	118,	'Mount Lebanon',	'LB-ML',	1),
(4228,	118,	'Nabatieh',	'LB-NB',	1),
(4229,	118,	'North',	'LB-NR',	1),
(4230,	118,	'South',	'LB-ST',	1),
(4231,	99,	'Telangana',	'TS',	1);

DROP TABLE IF EXISTS `tk_zone_to_geo_zone`;
CREATE TABLE `tk_zone_to_geo_zone` (
  `zone_to_geo_zone_id` int(11) NOT NULL AUTO_INCREMENT,
  `country_id` int(11) NOT NULL,
  `zone_id` int(11) NOT NULL DEFAULT '0',
  `geo_zone_id` int(11) NOT NULL,
  `date_added` datetime NOT NULL,
  `date_modified` datetime NOT NULL,
  PRIMARY KEY (`zone_to_geo_zone_id`)
) ENGINE=MyISAM DEFAULT CHARSET=utf8;

INSERT INTO `tk_zone_to_geo_zone` (`zone_to_geo_zone_id`, `country_id`, `zone_id`, `geo_zone_id`, `date_added`, `date_modified`) VALUES
(1,	222,	0,	4,	'0000-00-00 00:00:00',	'0000-00-00 00:00:00'),
(2,	222,	3513,	3,	'0000-00-00 00:00:00',	'0000-00-00 00:00:00'),
(3,	222,	3514,	3,	'0000-00-00 00:00:00',	'0000-00-00 00:00:00'),
(4,	222,	3515,	3,	'0000-00-00 00:00:00',	'0000-00-00 00:00:00'),
(5,	222,	3516,	3,	'0000-00-00 00:00:00',	'0000-00-00 00:00:00'),
(6,	222,	3517,	3,	'0000-00-00 00:00:00',	'0000-00-00 00:00:00'),
(7,	222,	3518,	3,	'0000-00-00 00:00:00',	'0000-00-00 00:00:00'),
(8,	222,	3519,	3,	'0000-00-00 00:00:00',	'0000-00-00 00:00:00'),
(9,	222,	3520,	3,	'0000-00-00 00:00:00',	'0000-00-00 00:00:00'),
(10,	222,	3521,	3,	'0000-00-00 00:00:00',	'0000-00-00 00:00:00'),
(11,	222,	3522,	3,	'0000-00-00 00:00:00',	'0000-00-00 00:00:00'),
(12,	222,	3523,	3,	'0000-00-00 00:00:00',	'0000-00-00 00:00:00'),
(13,	222,	3524,	3,	'0000-00-00 00:00:00',	'0000-00-00 00:00:00'),
(14,	222,	3525,	3,	'0000-00-00 00:00:00',	'0000-00-00 00:00:00'),
(15,	222,	3526,	3,	'0000-00-00 00:00:00',	'0000-00-00 00:00:00'),
(16,	222,	3527,	3,	'0000-00-00 00:00:00',	'0000-00-00 00:00:00'),
(17,	222,	3528,	3,	'0000-00-00 00:00:00',	'0000-00-00 00:00:00'),
(18,	222,	3529,	3,	'0000-00-00 00:00:00',	'0000-00-00 00:00:00'),
(19,	222,	3530,	3,	'0000-00-00 00:00:00',	'0000-00-00 00:00:00'),
(20,	222,	3531,	3,	'0000-00-00 00:00:00',	'0000-00-00 00:00:00'),
(21,	222,	3532,	3,	'0000-00-00 00:00:00',	'0000-00-00 00:00:00'),
(22,	222,	3533,	3,	'0000-00-00 00:00:00',	'0000-00-00 00:00:00'),
(23,	222,	3534,	3,	'0000-00-00 00:00:00',	'0000-00-00 00:00:00'),
(24,	222,	3535,	3,	'0000-00-00 00:00:00',	'0000-00-00 00:00:00'),
(25,	222,	3536,	3,	'0000-00-00 00:00:00',	'0000-00-00 00:00:00'),
(26,	222,	3537,	3,	'0000-00-00 00:00:00',	'0000-00-00 00:00:00'),
(27,	222,	3538,	3,	'0000-00-00 00:00:00',	'0000-00-00 00:00:00'),
(28,	222,	3539,	3,	'0000-00-00 00:00:00',	'0000-00-00 00:00:00'),
(29,	222,	3540,	3,	'0000-00-00 00:00:00',	'0000-00-00 00:00:00'),
(30,	222,	3541,	3,	'0000-00-00 00:00:00',	'0000-00-00 00:00:00'),
(31,	222,	3542,	3,	'0000-00-00 00:00:00',	'0000-00-00 00:00:00'),
(32,	222,	3543,	3,	'0000-00-00 00:00:00',	'0000-00-00 00:00:00'),
(33,	222,	3544,	3,	'0000-00-00 00:00:00',	'0000-00-00 00:00:00'),
(34,	222,	3545,	3,	'0000-00-00 00:00:00',	'0000-00-00 00:00:00'),
(35,	222,	3546,	3,	'0000-00-00 00:00:00',	'0000-00-00 00:00:00'),
(36,	222,	3547,	3,	'0000-00-00 00:00:00',	'0000-00-00 00:00:00'),
(37,	222,	3548,	3,	'0000-00-00 00:00:00',	'0000-00-00 00:00:00'),
(38,	222,	3549,	3,	'0000-00-00 00:00:00',	'0000-00-00 00:00:00'),
(39,	222,	3550,	3,	'0000-00-00 00:00:00',	'0000-00-00 00:00:00'),
(40,	222,	3551,	3,	'0000-00-00 00:00:00',	'0000-00-00 00:00:00'),
(41,	222,	3552,	3,	'0000-00-00 00:00:00',	'0000-00-00 00:00:00'),
(42,	222,	3553,	3,	'0000-00-00 00:00:00',	'0000-00-00 00:00:00'),
(43,	222,	3554,	3,	'0000-00-00 00:00:00',	'0000-00-00 00:00:00'),
(44,	222,	3555,	3,	'0000-00-00 00:00:00',	'0000-00-00 00:00:00'),
(45,	222,	3556,	3,	'0000-00-00 00:00:00',	'0000-00-00 00:00:00'),
(46,	222,	3557,	3,	'0000-00-00 00:00:00',	'0000-00-00 00:00:00'),
(47,	222,	3558,	3,	'0000-00-00 00:00:00',	'0000-00-00 00:00:00'),
(48,	222,	3559,	3,	'0000-00-00 00:00:00',	'0000-00-00 00:00:00'),
(49,	222,	3560,	3,	'0000-00-00 00:00:00',	'0000-00-00 00:00:00'),
(50,	222,	3561,	3,	'0000-00-00 00:00:00',	'0000-00-00 00:00:00'),
(51,	222,	3562,	3,	'0000-00-00 00:00:00',	'0000-00-00 00:00:00'),
(52,	222,	3563,	3,	'0000-00-00 00:00:00',	'0000-00-00 00:00:00'),
(53,	222,	3564,	3,	'0000-00-00 00:00:00',	'0000-00-00 00:00:00'),
(54,	222,	3565,	3,	'0000-00-00 00:00:00',	'0000-00-00 00:00:00'),
(55,	222,	3566,	3,	'0000-00-00 00:00:00',	'0000-00-00 00:00:00'),
(56,	222,	3567,	3,	'0000-00-00 00:00:00',	'0000-00-00 00:00:00'),
(57,	222,	3568,	3,	'0000-00-00 00:00:00',	'0000-00-00 00:00:00'),
(58,	222,	3569,	3,	'0000-00-00 00:00:00',	'0000-00-00 00:00:00'),
(59,	222,	3570,	3,	'0000-00-00 00:00:00',	'0000-00-00 00:00:00'),
(60,	222,	3571,	3,	'0000-00-00 00:00:00',	'0000-00-00 00:00:00'),
(61,	222,	3572,	3,	'0000-00-00 00:00:00',	'0000-00-00 00:00:00'),
(62,	222,	3573,	3,	'0000-00-00 00:00:00',	'0000-00-00 00:00:00'),
(63,	222,	3574,	3,	'0000-00-00 00:00:00',	'0000-00-00 00:00:00'),
(64,	222,	3575,	3,	'0000-00-00 00:00:00',	'0000-00-00 00:00:00'),
(65,	222,	3576,	3,	'0000-00-00 00:00:00',	'0000-00-00 00:00:00'),
(66,	222,	3577,	3,	'0000-00-00 00:00:00',	'0000-00-00 00:00:00'),
(67,	222,	3578,	3,	'0000-00-00 00:00:00',	'0000-00-00 00:00:00'),
(68,	222,	3579,	3,	'0000-00-00 00:00:00',	'0000-00-00 00:00:00'),
(69,	222,	3580,	3,	'0000-00-00 00:00:00',	'0000-00-00 00:00:00'),
(70,	222,	3581,	3,	'0000-00-00 00:00:00',	'0000-00-00 00:00:00'),
(71,	222,	3582,	3,	'0000-00-00 00:00:00',	'0000-00-00 00:00:00'),
(72,	222,	3583,	3,	'0000-00-00 00:00:00',	'0000-00-00 00:00:00'),
(73,	222,	3584,	3,	'0000-00-00 00:00:00',	'0000-00-00 00:00:00'),
(74,	222,	3585,	3,	'0000-00-00 00:00:00',	'0000-00-00 00:00:00'),
(75,	222,	3586,	3,	'0000-00-00 00:00:00',	'0000-00-00 00:00:00'),
(76,	222,	3587,	3,	'0000-00-00 00:00:00',	'0000-00-00 00:00:00'),
(77,	222,	3588,	3,	'0000-00-00 00:00:00',	'0000-00-00 00:00:00'),
(78,	222,	3589,	3,	'0000-00-00 00:00:00',	'0000-00-00 00:00:00'),
(79,	222,	3590,	3,	'0000-00-00 00:00:00',	'0000-00-00 00:00:00'),
(80,	222,	3591,	3,	'0000-00-00 00:00:00',	'0000-00-00 00:00:00'),
(81,	222,	3592,	3,	'0000-00-00 00:00:00',	'0000-00-00 00:00:00'),
(82,	222,	3593,	3,	'0000-00-00 00:00:00',	'0000-00-00 00:00:00'),
(83,	222,	3594,	3,	'0000-00-00 00:00:00',	'0000-00-00 00:00:00'),
(84,	222,	3595,	3,	'0000-00-00 00:00:00',	'0000-00-00 00:00:00'),
(85,	222,	3596,	3,	'0000-00-00 00:00:00',	'0000-00-00 00:00:00'),
(86,	222,	3597,	3,	'0000-00-00 00:00:00',	'0000-00-00 00:00:00'),
(87,	222,	3598,	3,	'0000-00-00 00:00:00',	'0000-00-00 00:00:00'),
(88,	222,	3599,	3,	'0000-00-00 00:00:00',	'0000-00-00 00:00:00'),
(89,	222,	3600,	3,	'0000-00-00 00:00:00',	'0000-00-00 00:00:00'),
(90,	222,	3601,	3,	'0000-00-00 00:00:00',	'0000-00-00 00:00:00'),
(91,	222,	3602,	3,	'0000-00-00 00:00:00',	'0000-00-00 00:00:00'),
(92,	222,	3603,	3,	'0000-00-00 00:00:00',	'0000-00-00 00:00:00'),
(93,	222,	3604,	3,	'0000-00-00 00:00:00',	'0000-00-00 00:00:00'),
(94,	222,	3605,	3,	'0000-00-00 00:00:00',	'0000-00-00 00:00:00'),
(95,	222,	3606,	3,	'0000-00-00 00:00:00',	'0000-00-00 00:00:00'),
(96,	222,	3607,	3,	'0000-00-00 00:00:00',	'0000-00-00 00:00:00'),
(97,	222,	3608,	3,	'0000-00-00 00:00:00',	'0000-00-00 00:00:00'),
(98,	222,	3609,	3,	'0000-00-00 00:00:00',	'0000-00-00 00:00:00'),
(99,	222,	3610,	3,	'0000-00-00 00:00:00',	'0000-00-00 00:00:00'),
(100,	222,	3611,	3,	'0000-00-00 00:00:00',	'0000-00-00 00:00:00'),
(101,	222,	3612,	3,	'0000-00-00 00:00:00',	'0000-00-00 00:00:00'),
(102,	222,	3949,	3,	'0000-00-00 00:00:00',	'0000-00-00 00:00:00'),
(103,	222,	3950,	3,	'0000-00-00 00:00:00',	'0000-00-00 00:00:00'),
(104,	222,	3951,	3,	'0000-00-00 00:00:00',	'0000-00-00 00:00:00'),
(105,	222,	3952,	3,	'0000-00-00 00:00:00',	'0000-00-00 00:00:00'),
(106,	222,	3953,	3,	'0000-00-00 00:00:00',	'0000-00-00 00:00:00'),
(107,	222,	3954,	3,	'0000-00-00 00:00:00',	'0000-00-00 00:00:00'),
(108,	222,	3955,	3,	'0000-00-00 00:00:00',	'0000-00-00 00:00:00'),
(109,	222,	3972,	3,	'0000-00-00 00:00:00',	'0000-00-00 00:00:00');

-- 2016-03-08 14:46:32
